tf,target,weight,label
MEF2D,RPLP1,-0.7501612250096167,0
E2F4,RPLP1,0.0,0
SATB1,RPLP1,0.0,0
IRF1,RPLP1,-0.853696838294971,0
ATF6,RPLP1,-2.613366071774843,0
JUN,RPLP1,0.0,0
JUND,RPLP1,0.0,0
POU2F2,RPLP1,0.0,0
KLF3,RPLP1,0.0,0
BCL11A,RPLP1,0.7300538225583049,0
MEF2D,RPL36,0.0,0
E2F4,RPL36,0.0,0
SATB1,RPL36,0.0,0
IRF1,RPL36,0.0,0
ATF6,RPL36,-2.2118857286724993,0
JUN,RPL36,0.0,0
JUND,RPL36,0.0,0
POU2F2,RPL36,0.7736768166926182,0
KLF3,RPL36,0.0,0
BCL11A,RPL36,0.0,0
MEF2D,RPL39,0.0,0
E2F4,RPL39,0.0,0
SATB1,RPL39,0.0,0
IRF1,RPL39,-0.828966876974965,0
ATF6,RPL39,-2.0251982511441575,0
JUN,RPL39,0.0,0
JUND,RPL39,0.0,0
POU2F2,RPL39,0.0,0
KLF3,RPL39,0.0,0
BCL11A,RPL39,0.0,0
MEF2D,IGHM,0.0,0
E2F4,IGHM,0.9553137296456573,0
SATB1,IGHM,0.0,0
IRF1,IGHM,1.197925858497179,0
ATF6,IGHM,0.0,0
JUN,IGHM,-0.8878323296925053,0
JUND,IGHM,0.0,0
POU2F2,IGHM,0.0,0
KLF3,IGHM,0.0,0
BCL11A,IGHM,0.9884850031461909,0
MEF2D,EEF1A1,0.0,0
E2F4,EEF1A1,0.0,0
SATB1,EEF1A1,0.0,0
IRF1,EEF1A1,0.0,0
ATF6,EEF1A1,-1.8176760144340165,0
JUN,EEF1A1,0.0,0
JUND,EEF1A1,0.0,0
POU2F2,EEF1A1,0.9167307689216646,0
KLF3,EEF1A1,0.0,0
BCL11A,EEF1A1,0.0,0
MEF2D,RPS8,0.0,0
E2F4,RPS8,0.0,0
SATB1,RPS8,0.0,0
IRF1,RPS8,-1.1128102449299417,0
ATF6,RPS8,-2.4306524878856295,0
JUN,RPS8,0.0,0
JUND,RPS8,0.0,0
POU2F2,RPS8,0.0,0
KLF3,RPS8,0.0,0
BCL11A,RPS8,0.0,0
MEF2D,RPS3A,-0.9047570202870382,0
E2F4,RPS3A,0.0,0
SATB1,RPS3A,0.0,0
IRF1,RPS3A,-0.9046186410683978,0
ATF6,RPS3A,-2.7785506704602496,0
JUN,RPS3A,0.0,0
JUND,RPS3A,0.0,0
POU2F2,RPS3A,0.0,0
KLF3,RPS3A,0.0,0
BCL11A,RPS3A,0.0,0
MEF2D,MTDH,0.9611650380476007,0
E2F4,MTDH,0.0,0
SATB1,MTDH,0.0,0
IRF1,MTDH,-0.8283187190796432,0
ATF6,MTDH,3.140043376968787,0
JUN,MTDH,0.0,0
JUND,MTDH,-1.3195260966294864,0
POU2F2,MTDH,1.5782438549881528,0
KLF3,MTDH,-0.7676969284650317,0
BCL11A,MTDH,1.4503221912195106,0
MEF2D,UBA52,0.0,0
E2F4,UBA52,0.0,0
SATB1,UBA52,0.0,0
IRF1,UBA52,-1.2959256445451413,0
ATF6,UBA52,-1.9510474267650286,0
JUN,UBA52,0.0,0
JUND,UBA52,-0.7259836189281289,0
POU2F2,UBA52,0.8522187515550158,0
KLF3,UBA52,0.0,0
BCL11A,UBA52,0.9724420328210122,0
MEF2D,IGHV3-20,0.8271073851394679,0
E2F4,IGHV3-20,-1.0134563293014243,0
SATB1,IGHV3-20,0.0,0
IRF1,IGHV3-20,0.0,0
ATF6,IGHV3-20,0.0,0
JUN,IGHV3-20,0.0,0
JUND,IGHV3-20,0.0,0
POU2F2,IGHV3-20,0.0,0
KLF3,IGHV3-20,1.0727729814818585,0
BCL11A,IGHV3-20,0.0,0
MEF2D,MT-ND2,0.0,0
E2F4,MT-ND2,0.0,0
SATB1,MT-ND2,0.0,0
IRF1,MT-ND2,0.0,0
ATF6,MT-ND2,-1.5223493440998204,0
JUN,MT-ND2,0.0,0
JUND,MT-ND2,0.0,0
POU2F2,MT-ND2,0.0,0
KLF3,MT-ND2,0.0,0
BCL11A,MT-ND2,1.0721907270085391,0
MEF2D,RPL31,-0.8175976173937121,0
E2F4,RPL31,0.0,0
SATB1,RPL31,0.0,0
IRF1,RPL31,0.0,0
ATF6,RPL31,-2.344470355443638,0
JUN,RPL31,0.0,0
JUND,RPL31,0.0,0
POU2F2,RPL31,0.0,0
KLF3,RPL31,0.0,0
BCL11A,RPL31,0.0,0
MEF2D,RPL37A,0.0,0
E2F4,RPL37A,0.0,0
SATB1,RPL37A,0.0,0
IRF1,RPL37A,-0.8775992008012194,0
ATF6,RPL37A,-1.9700567948470105,0
JUN,RPL37A,0.0,0
JUND,RPL37A,0.0,0
POU2F2,RPL37A,0.0,0
KLF3,RPL37A,0.0,0
BCL11A,RPL37A,0.0,0
MEF2D,RPS26,-0.9204266753902409,0
E2F4,RPS26,0.0,0
SATB1,RPS26,0.0,0
IRF1,RPS26,-1.6876191160417582,0
ATF6,RPS26,-2.636081527444598,0
JUN,RPS26,-0.7008865817069271,0
JUND,RPS26,0.0,0
POU2F2,RPS26,0.0,0
KLF3,RPS26,0.0,0
BCL11A,RPS26,0.0,0
MEF2D,CD74,0.0,0
E2F4,CD74,0.7769334517275956,0
SATB1,CD74,0.0,0
IRF1,CD74,0.0,0
ATF6,CD74,0.0,0
JUN,CD74,-1.272481598288949,0
JUND,CD74,0.0,0
POU2F2,CD74,0.0,0
KLF3,CD74,0.0,0
BCL11A,CD74,0.0,0
MEF2D,IGHV3-43,0.0,0
E2F4,IGHV3-43,0.0,0
SATB1,IGHV3-43,0.0,0
IRF1,IGHV3-43,0.0,0
ATF6,IGHV3-43,2.4696739096274962,0
JUN,IGHV3-43,0.0,0
JUND,IGHV3-43,-1.1569083834014102,0
POU2F2,IGHV3-43,-0.9483444156052766,0
KLF3,IGHV3-43,0.0,0
BCL11A,IGHV3-43,-0.7790483257851593,0
MEF2D,RPSA,0.0,0
E2F4,RPSA,0.0,0
SATB1,RPSA,0.0,0
IRF1,RPSA,-0.7871522616683865,0
ATF6,RPSA,-2.3319917178055727,0
JUN,RPSA,0.0,0
JUND,RPSA,0.0,0
POU2F2,RPSA,0.9907160805668382,0
KLF3,RPSA,0.0,0
BCL11A,RPSA,0.0,0
MEF2D,MT-ATP6,0.0,0
E2F4,MT-ATP6,-0.938895794470194,0
SATB1,MT-ATP6,0.0,0
IRF1,MT-ATP6,0.0,0
ATF6,MT-ATP6,-1.3355146566894627,0
JUN,MT-ATP6,0.0,0
JUND,MT-ATP6,0.0,0
POU2F2,MT-ATP6,0.0,0
KLF3,MT-ATP6,0.8038398288491542,0
BCL11A,MT-ATP6,0.9547019119839129,0
MEF2D,FTL,0.0,0
E2F4,FTL,0.0,0
SATB1,FTL,0.0,0
IRF1,FTL,-1.784590732758683,0
ATF6,FTL,-2.100930308073375,0
JUN,FTL,0.0,0
JUND,FTL,-1.530819644672529,0
POU2F2,FTL,0.9555394877253052,0
KLF3,FTL,0.0,0
BCL11A,FTL,0.0,0
MEF2D,CD79A,-0.8062355265246606,0
E2F4,CD79A,0.0,0
SATB1,CD79A,0.0,0
IRF1,CD79A,0.0,0
ATF6,CD79A,0.0,0
JUN,CD79A,0.0,0
JUND,CD79A,-1.6124567407601633,0
POU2F2,CD79A,0.0,0
KLF3,CD79A,0.0,0
BCL11A,CD79A,0.0,0
MEF2D,RPL17,0.0,0
E2F4,RPL17,0.0,0
SATB1,RPL17,0.0,0
IRF1,RPL17,-0.8210361868714895,0
ATF6,RPL17,0.0,0
JUN,RPL17,-1.0712414610929406,0
JUND,RPL17,2.22367271525906,0
POU2F2,RPL17,0.0,0
KLF3,RPL17,0.0,0
BCL11A,RPL17,0.0,0
MEF2D,RPS20,-0.9475402859932673,0
E2F4,RPS20,0.0,0
SATB1,RPS20,0.0,0
IRF1,RPS20,0.0,0
ATF6,RPS20,-2.813989831539225,0
JUN,RPS20,0.0,0
JUND,RPS20,0.0,0
POU2F2,RPS20,0.0,0
KLF3,RPS20,0.0,0
BCL11A,RPS20,0.7208245171799413,0
MEF2D,MT-ND1,0.0,0
E2F4,MT-ND1,0.0,0
SATB1,MT-ND1,0.0,0
IRF1,MT-ND1,0.0,0
ATF6,MT-ND1,-1.13324897956684,0
JUN,MT-ND1,0.0,0
JUND,MT-ND1,1.1649920877795175,0
POU2F2,MT-ND1,1.4704095699566064,0
KLF3,MT-ND1,0.8689857583392413,0
BCL11A,MT-ND1,1.2394947440424555,0
MEF2D,TXNIP,-0.9192015120012746,0
E2F4,TXNIP,1.1390546533707397,0
SATB1,TXNIP,0.0,0
IRF1,TXNIP,0.0,0
ATF6,TXNIP,-1.1476354037032377,0
JUN,TXNIP,-1.3873415952736134,0
JUND,TXNIP,0.0,0
POU2F2,TXNIP,0.0,0
KLF3,TXNIP,0.0,0
BCL11A,TXNIP,0.0,0
MEF2D,TMA7,-1.7230102946548538,0
E2F4,TMA7,0.0,0
SATB1,TMA7,0.0,0
IRF1,TMA7,-0.8224497486309309,0
ATF6,TMA7,-1.2707991904287463,0
JUN,TMA7,-0.8100468198821332,0
JUND,TMA7,0.0,0
POU2F2,TMA7,0.8343543747671207,0
KLF3,TMA7,0.0,0
BCL11A,TMA7,0.0,0
MEF2D,ISG20,0.0,0
E2F4,ISG20,0.0,0
SATB1,ISG20,0.0,0
IRF1,ISG20,-1.5746337998409319,0
ATF6,ISG20,-0.9115535992792622,0
JUN,ISG20,0.0,0
JUND,ISG20,-1.709252397536605,0
POU2F2,ISG20,0.0,0
KLF3,ISG20,0.0,0
BCL11A,ISG20,0.0,0
MEF2D,EVI2B,0.0,0
E2F4,EVI2B,0.0,0
SATB1,EVI2B,0.0,0
IRF1,EVI2B,0.0,0
ATF6,EVI2B,0.0,0
JUN,EVI2B,0.0,0
JUND,EVI2B,-1.350468038807251,0
POU2F2,EVI2B,0.0,0
KLF3,EVI2B,0.0,0
BCL11A,EVI2B,0.7738145650328688,0
MEF2D,CRELD2,1.1088143242575041,0
E2F4,CRELD2,1.523868254328893,0
SATB1,CRELD2,0.0,0
IRF1,CRELD2,0.0,0
ATF6,CRELD2,0.0,0
JUN,CRELD2,0.0,0
JUND,CRELD2,-1.9102467640854148,0
POU2F2,CRELD2,0.0,0
KLF3,CRELD2,0.0,0
BCL11A,CRELD2,0.0,0
MEF2D,NBEAL1,-0.8301973726107902,0
E2F4,NBEAL1,0.0,0
SATB1,NBEAL1,0.0,0
IRF1,NBEAL1,-1.2465093590618626,0
ATF6,NBEAL1,0.0,0
JUN,NBEAL1,0.0,0
JUND,NBEAL1,2.6303195117374454,0
POU2F2,NBEAL1,0.0,0
KLF3,NBEAL1,0.0,0
BCL11A,NBEAL1,-0.8155577389964048,0
MEF2D,RPL36AL,-1.3604260370030228,0
E2F4,RPL36AL,0.0,0
SATB1,RPL36AL,0.0,0
IRF1,RPL36AL,-1.4762814371891075,0
ATF6,RPL36AL,-2.8039910248006987,0
JUN,RPL36AL,0.0,0
JUND,RPL36AL,0.0,0
POU2F2,RPL36AL,0.0,0
KLF3,RPL36AL,0.0,0
BCL11A,RPL36AL,0.0,0
MEF2D,SLC25A6,-0.8237311309666507,0
E2F4,SLC25A6,0.0,0
SATB1,SLC25A6,0.0,0
IRF1,SLC25A6,0.0,0
ATF6,SLC25A6,-2.471803776417743,0
JUN,SLC25A6,0.0,0
JUND,SLC25A6,-1.2037348930978384,0
POU2F2,SLC25A6,0.0,0
KLF3,SLC25A6,0.0,0
BCL11A,SLC25A6,0.0,0
MEF2D,YPEL5,-0.8767620312315181,0
E2F4,YPEL5,-1.5179503340358633,0
SATB1,YPEL5,0.0,0
IRF1,YPEL5,1.4210582665049516,0
ATF6,YPEL5,-1.1433178163417665,0
JUN,YPEL5,-0.7825445320637141,0
JUND,YPEL5,1.0873183509818065,0
POU2F2,YPEL5,-1.2486093290176918,0
KLF3,YPEL5,0.0,0
BCL11A,YPEL5,0.0,0
MEF2D,RPL22L1,-0.8697353941574567,0
E2F4,RPL22L1,-0.8010896728202175,0
SATB1,RPL22L1,0.0,0
IRF1,RPL22L1,0.0,0
ATF6,RPL22L1,0.9672586002037565,0
JUN,RPL22L1,0.0,0
JUND,RPL22L1,0.0,0
POU2F2,RPL22L1,-1.0967593719456274,0
KLF3,RPL22L1,0.0,0
BCL11A,RPL22L1,0.0,0
MEF2D,FTH1,0.0,0
E2F4,FTH1,0.0,0
SATB1,FTH1,0.0,0
IRF1,FTH1,-1.4706453236295927,0
ATF6,FTH1,-1.1310930631891227,0
JUN,FTH1,0.0,0
JUND,FTH1,-1.2670940417090684,0
POU2F2,FTH1,1.332160572608773,0
KLF3,FTH1,0.0,0
BCL11A,FTH1,0.0,0
MEF2D,KDELR2,0.0,0
E2F4,KDELR2,0.0,0
SATB1,KDELR2,0.0,0
IRF1,KDELR2,0.0,0
ATF6,KDELR2,1.5969950130738328,0
JUN,KDELR2,0.0,0
JUND,KDELR2,-2.3180781849679226,0
POU2F2,KDELR2,0.0,0
KLF3,KDELR2,0.0,0
BCL11A,KDELR2,0.0,0
MEF2D,SSR3,0.0,0
E2F4,SSR3,0.0,0
SATB1,SSR3,0.0,0
IRF1,SSR3,-1.9176026620137119,0
ATF6,SSR3,1.4555385043241305,0
JUN,SSR3,0.0,0
JUND,SSR3,-1.9063275503014834,0
POU2F2,SSR3,0.0,0
KLF3,SSR3,0.0,0
BCL11A,SSR3,0.0,0
MEF2D,C19orf70,0.0,0
E2F4,C19orf70,0.0,0
SATB1,C19orf70,0.0,0
IRF1,C19orf70,-2.071222740646336,0
ATF6,C19orf70,0.0,0
JUN,C19orf70,-1.2416139323848565,0
JUND,C19orf70,1.313616971950364,0
POU2F2,C19orf70,0.0,0
KLF3,C19orf70,0.0,0
BCL11A,C19orf70,0.0,0
MEF2D,RRBP1,1.720750940275573,0
E2F4,RRBP1,0.0,0
SATB1,RRBP1,0.0,0
IRF1,RRBP1,1.4973156512153099,0
ATF6,RRBP1,1.022314353143988,0
JUN,RRBP1,0.0,0
JUND,RRBP1,-1.809321566203537,0
POU2F2,RRBP1,2.18920563777717,0
KLF3,RRBP1,0.0,0
BCL11A,RRBP1,0.0,0
MEF2D,RP5-1171I10.5,1.593862304766648,0
E2F4,RP5-1171I10.5,0.0,0
SATB1,RP5-1171I10.5,0.0,0
IRF1,RP5-1171I10.5,0.0,0
ATF6,RP5-1171I10.5,2.097132929168179,0
JUN,RP5-1171I10.5,0.0,0
JUND,RP5-1171I10.5,0.0,0
POU2F2,RP5-1171I10.5,0.989688844098792,0
KLF3,RP5-1171I10.5,0.0,0
BCL11A,RP5-1171I10.5,1.3373366394188704,0
MEF2D,SRP14,-1.156853843814644,0
E2F4,SRP14,0.0,0
SATB1,SRP14,0.0,0
IRF1,SRP14,-2.287915788587541,0
ATF6,SRP14,-0.9792693451320879,0
JUN,SRP14,-0.9091091294849759,0
JUND,SRP14,0.0,0
POU2F2,SRP14,1.6396517737106884,0
KLF3,SRP14,1.2941113239460302,0
BCL11A,SRP14,0.0,0
MEF2D,ARPC5L,1.6401347767002359,0
E2F4,ARPC5L,1.1754282354174468,0
SATB1,ARPC5L,0.0,0
IRF1,ARPC5L,0.0,0
ATF6,ARPC5L,2.8012403418177145,0
JUN,ARPC5L,0.0,0
JUND,ARPC5L,0.0,0
POU2F2,ARPC5L,1.7765737037658202,0
KLF3,ARPC5L,0.0,0
BCL11A,ARPC5L,0.0,0
MEF2D,C6orf48,-1.2008800781875582,0
E2F4,C6orf48,0.0,0
SATB1,C6orf48,0.0,0
IRF1,C6orf48,0.0,0
ATF6,C6orf48,-1.8280657441731716,0
JUN,C6orf48,0.0,0
JUND,C6orf48,0.0,0
POU2F2,C6orf48,0.0,0
KLF3,C6orf48,0.0,0
BCL11A,C6orf48,0.6642777348702863,0
MEF2D,COX4I1,-1.00336657411665,0
E2F4,COX4I1,0.0,0
SATB1,COX4I1,0.0,0
IRF1,COX4I1,-1.6810209371790512,0
ATF6,COX4I1,-1.827311656619096,0
JUN,COX4I1,0.0,0
JUND,COX4I1,-0.7821367735445187,0
POU2F2,COX4I1,0.8065520826063948,0
KLF3,COX4I1,0.0,0
BCL11A,COX4I1,0.0,0
MEF2D,ATP6V0E1,0.0,0
E2F4,ATP6V0E1,0.0,0
SATB1,ATP6V0E1,0.0,0
IRF1,ATP6V0E1,-2.031665240999678,0
ATF6,ATP6V0E1,0.0,0
JUN,ATP6V0E1,0.0,0
JUND,ATP6V0E1,-1.352492088230534,0
POU2F2,ATP6V0E1,0.902490281603476,0
KLF3,ATP6V0E1,0.0,0
BCL11A,ATP6V0E1,0.0,0
MEF2D,SNRPE,0.9957230704633454,0
E2F4,SNRPE,0.0,0
SATB1,SNRPE,0.0,0
IRF1,SNRPE,-1.404746439705966,0
ATF6,SNRPE,-1.8461004522341102,0
JUN,SNRPE,-0.8529700954346786,0
JUND,SNRPE,0.0,0
POU2F2,SNRPE,0.0,0
KLF3,SNRPE,0.0,0
BCL11A,SNRPE,-0.7552109392222496,0
MEF2D,PFDN5,-1.0838090615506426,0
E2F4,PFDN5,0.0,0
SATB1,PFDN5,0.0,0
IRF1,PFDN5,-1.4228012650784785,0
ATF6,PFDN5,-1.4117594990727302,0
JUN,PFDN5,0.0,0
JUND,PFDN5,0.0,0
POU2F2,PFDN5,0.0,0
KLF3,PFDN5,0.0,0
BCL11A,PFDN5,0.0,0
MEF2D,WHSC1,0.8796816090946885,0
E2F4,WHSC1,0.8264301871701617,0
SATB1,WHSC1,0.0,0
IRF1,WHSC1,0.0,0
ATF6,WHSC1,0.0,0
JUN,WHSC1,0.0,0
JUND,WHSC1,0.0,0
POU2F2,WHSC1,1.176498053328343,0
KLF3,WHSC1,0.0,0
BCL11A,WHSC1,1.578880015368397,0
MEF2D,IGHV3-21,0.0,0
E2F4,IGHV3-21,0.0,0
SATB1,IGHV3-21,0.0,0
IRF1,IGHV3-21,0.0,0
ATF6,IGHV3-21,3.1043449745591265,0
JUN,IGHV3-21,1.4176734576671222,0
JUND,IGHV3-21,0.0,0
POU2F2,IGHV3-21,-1.791615154736828,0
KLF3,IGHV3-21,0.0,0
BCL11A,IGHV3-21,0.0,0
MEF2D,JTB,0.0,0
E2F4,JTB,1.5734026012366824,0
SATB1,JTB,0.0,0
IRF1,JTB,-1.0805669803736035,0
ATF6,JTB,-1.6068136171308134,0
JUN,JTB,-0.8516195489072895,0
JUND,JTB,-0.9913041769463073,0
POU2F2,JTB,1.0877331998670263,0
KLF3,JTB,0.0,0
BCL11A,JTB,0.0,0
MEF2D,ERP29,0.0,0
E2F4,ERP29,0.0,0
SATB1,ERP29,0.0,0
IRF1,ERP29,-2.044551206197425,0
ATF6,ERP29,0.0,0
JUN,ERP29,0.0,0
JUND,ERP29,-2.2602380068752272,0
POU2F2,ERP29,1.155089223509723,0
KLF3,ERP29,0.0,0
BCL11A,ERP29,0.0,0
MEF2D,PSAP,0.0,0
E2F4,PSAP,0.0,0
SATB1,PSAP,0.0,0
IRF1,PSAP,-1.2113549211373038,0
ATF6,PSAP,2.6262890415443128,0
JUN,PSAP,0.0,0
JUND,PSAP,-1.9046931224096189,0
POU2F2,PSAP,1.1856123992363183,0
KLF3,PSAP,0.0,0
BCL11A,PSAP,0.0,0
MEF2D,EIF3J,0.0,0
E2F4,EIF3J,2.2912033335735065,0
SATB1,EIF3J,0.0,0
IRF1,EIF3J,0.0,0
ATF6,EIF3J,1.3121157601920577,0
JUN,EIF3J,0.0,0
JUND,EIF3J,0.0,0
POU2F2,EIF3J,0.0,0
KLF3,EIF3J,0.0,0
BCL11A,EIF3J,0.0,0
MEF2D,KRTCAP2,0.0,0
E2F4,KRTCAP2,0.0,0
SATB1,KRTCAP2,0.0,0
IRF1,KRTCAP2,-2.019423235339813,0
ATF6,KRTCAP2,2.0388625108264513,0
JUN,KRTCAP2,0.0,0
JUND,KRTCAP2,-1.2694468498696059,0
POU2F2,KRTCAP2,1.0338884597067264,0
KLF3,KRTCAP2,0.0,0
BCL11A,KRTCAP2,0.0,0
MEF2D,SPCS2,-1.344059723258998,0
E2F4,SPCS2,-1.0876215511772396,0
SATB1,SPCS2,0.0,0
IRF1,SPCS2,-2.2122660325234462,0
ATF6,SPCS2,0.0,0
JUN,SPCS2,-0.9819517639576449,0
JUND,SPCS2,-1.3904903125043973,0
POU2F2,SPCS2,0.9366074557982725,0
KLF3,SPCS2,0.8928687334701394,0
BCL11A,SPCS2,0.8119792968915339,0
MEF2D,COX7B,0.0,0
E2F4,COX7B,1.2967090575483018,0
SATB1,COX7B,0.0,0
IRF1,COX7B,-1.6190044195445732,0
ATF6,COX7B,-2.006639777283388,0
JUN,COX7B,0.0,0
JUND,COX7B,-0.8896992400164057,0
POU2F2,COX7B,0.0,0
KLF3,COX7B,0.814692313918252,0
BCL11A,COX7B,0.0,0
MEF2D,PSMB1,0.0,0
E2F4,PSMB1,0.0,0
SATB1,PSMB1,0.0,0
IRF1,PSMB1,-1.135418249299249,0
ATF6,PSMB1,2.5220967191504244,0
JUN,PSMB1,0.0,0
JUND,PSMB1,0.0,0
POU2F2,PSMB1,0.0,0
KLF3,PSMB1,0.0,0
BCL11A,PSMB1,0.0,0
MEF2D,BIRC3,-1.1917446417607438,0
E2F4,BIRC3,0.0,0
SATB1,BIRC3,0.0,0
IRF1,BIRC3,-0.9177489684588884,0
ATF6,BIRC3,-1.7153448520785328,0
JUN,BIRC3,-2.6877392281787422,0
JUND,BIRC3,1.3093130902840195,0
POU2F2,BIRC3,-0.98253971378158,0
KLF3,BIRC3,1.5320903651982793,0
BCL11A,BIRC3,0.0,0
MEF2D,TMED9,0.0,0
E2F4,TMED9,-0.845952019538639,0
SATB1,TMED9,0.0,0
IRF1,TMED9,-1.0412229022257118,0
ATF6,TMED9,2.864867239379057,0
JUN,TMED9,0.0,0
JUND,TMED9,-2.1742256691305095,0
POU2F2,TMED9,0.0,0
KLF3,TMED9,1.7309374902505168,0
BCL11A,TMED9,0.7996785162785325,0
MEF2D,MYL6,0.0,0
E2F4,MYL6,0.0,0
SATB1,MYL6,0.0,0
IRF1,MYL6,-1.8610463048665156,0
ATF6,MYL6,0.0,0
JUN,MYL6,0.0,0
JUND,MYL6,-1.1254881138337616,0
POU2F2,MYL6,0.0,0
KLF3,MYL6,0.0,0
BCL11A,MYL6,0.0,0
MEF2D,ATOX1,0.0,0
E2F4,ATOX1,0.8082368852804144,0
SATB1,ATOX1,0.0,0
IRF1,ATOX1,-1.256943819338315,0
ATF6,ATOX1,0.0,0
JUN,ATOX1,-1.1958524837324622,0
JUND,ATOX1,-0.9553211818199508,0
POU2F2,ATOX1,1.235570308722982,0
KLF3,ATOX1,0.0,0
BCL11A,ATOX1,0.0,0
MEF2D,CFLAR,-1.318185269115653,0
E2F4,CFLAR,0.0,0
SATB1,CFLAR,0.0,0
IRF1,CFLAR,-1.066259639942931,0
ATF6,CFLAR,-0.9587175676339819,0
JUN,CFLAR,-1.222847143269407,0
JUND,CFLAR,1.2417085043062417,0
POU2F2,CFLAR,0.0,0
KLF3,CFLAR,0.0,0
BCL11A,CFLAR,0.0,0
MEF2D,SSR2,-1.3422661976024024,0
E2F4,SSR2,0.0,0
SATB1,SSR2,0.0,0
IRF1,SSR2,-1.311753168233805,0
ATF6,SSR2,0.0,0
JUN,SSR2,0.0,0
JUND,SSR2,-1.8890287153027538,0
POU2F2,SSR2,0.0,0
KLF3,SSR2,0.0,0
BCL11A,SSR2,0.0,0
MEF2D,ERGIC3,0.0,0
E2F4,ERGIC3,1.1049894659918222,0
SATB1,ERGIC3,0.0,0
IRF1,ERGIC3,-1.3691458949768782,0
ATF6,ERGIC3,0.0,0
JUN,ERGIC3,-1.0170434500825585,0
JUND,ERGIC3,-1.4837345292301838,0
POU2F2,ERGIC3,1.2506954885969042,0
KLF3,ERGIC3,0.0,0
BCL11A,ERGIC3,0.0,0
MEF2D,HSPE1,0.0,0
E2F4,HSPE1,1.174941827667027,0
SATB1,HSPE1,0.0,0
IRF1,HSPE1,0.0,0
ATF6,HSPE1,-0.9732671751971059,0
JUN,HSPE1,0.0,0
JUND,HSPE1,0.0,0
POU2F2,HSPE1,0.0,0
KLF3,HSPE1,0.0,0
BCL11A,HSPE1,0.0,0
MEF2D,SDC1,1.8272931128940804,0
E2F4,SDC1,0.9078621424924167,0
SATB1,SDC1,0.0,0
IRF1,SDC1,0.0,0
ATF6,SDC1,1.8975357732904476,0
JUN,SDC1,0.0,0
JUND,SDC1,0.0,0
POU2F2,SDC1,1.1490285654204409,0
KLF3,SDC1,0.0,0
BCL11A,SDC1,-1.197565954582996,0
MEF2D,GABPB1-AS1,0.0,0
E2F4,GABPB1-AS1,0.0,0
SATB1,GABPB1-AS1,0.0,0
IRF1,GABPB1-AS1,1.6983905955748964,0
ATF6,GABPB1-AS1,-1.1651769156119238,0
JUN,GABPB1-AS1,0.0,0
JUND,GABPB1-AS1,-0.8230287690273185,0
POU2F2,GABPB1-AS1,1.6745610320812132,0
KLF3,GABPB1-AS1,0.0,0
BCL11A,GABPB1-AS1,0.0,0
MEF2D,UBB,-0.8481227372014587,0
E2F4,UBB,0.0,0
SATB1,UBB,0.0,0
IRF1,UBB,-1.0068329569959613,0
ATF6,UBB,1.3486125462975,0
JUN,UBB,0.0,0
JUND,UBB,-1.0588185228871192,0
POU2F2,UBB,0.9584901206684665,0
KLF3,UBB,0.0,0
BCL11A,UBB,0.0,0
MEF2D,TIMM13,0.0,0
E2F4,TIMM13,0.0,0
SATB1,TIMM13,0.0,0
IRF1,TIMM13,0.0,0
ATF6,TIMM13,0.0,0
JUN,TIMM13,0.0,0
JUND,TIMM13,-1.0870658124142196,0
POU2F2,TIMM13,1.1230449347980564,0
KLF3,TIMM13,1.2186726493140247,0
BCL11A,TIMM13,-0.8090932676899872,0
MEF2D,LRPAP1,0.0,0
E2F4,LRPAP1,0.8379053194074647,0
SATB1,LRPAP1,0.0,0
IRF1,LRPAP1,-1.4493716867662987,0
ATF6,LRPAP1,1.6614119348308516,0
JUN,LRPAP1,0.0,0
JUND,LRPAP1,-2.064750396096032,0
POU2F2,LRPAP1,0.0,0
KLF3,LRPAP1,0.7384907407944971,0
BCL11A,LRPAP1,0.0,0
MEF2D,SNRPD1,0.0,0
E2F4,SNRPD1,0.7823886319149832,0
SATB1,SNRPD1,0.0,0
IRF1,SNRPD1,0.0,0
ATF6,SNRPD1,0.0,0
JUN,SNRPD1,-0.899173540429512,0
JUND,SNRPD1,0.0,0
POU2F2,SNRPD1,0.0,0
KLF3,SNRPD1,0.9687184740570454,0
BCL11A,SNRPD1,0.0,0
MEF2D,CNBP,-0.7587373473525664,0
E2F4,CNBP,0.0,0
SATB1,CNBP,0.0,0
IRF1,CNBP,-0.9485942902333947,0
ATF6,CNBP,1.848163481174388,0
JUN,CNBP,0.0,0
JUND,CNBP,-0.8270977896222166,0
POU2F2,CNBP,0.9893021726358188,0
KLF3,CNBP,1.2302219397420875,0
BCL11A,CNBP,0.0,0
MEF2D,RNASEH2C,0.0,0
E2F4,RNASEH2C,0.0,0
SATB1,RNASEH2C,0.0,0
IRF1,RNASEH2C,-2.0341991207981143,0
ATF6,RNASEH2C,0.0,0
JUN,RNASEH2C,-1.0201466546051132,0
JUND,RNASEH2C,-1.5033752604784905,0
POU2F2,RNASEH2C,0.9147867027047771,0
KLF3,RNASEH2C,0.8672398331462271,0
BCL11A,RNASEH2C,0.0,0
MEF2D,IDS,1.2036666021008076,0
E2F4,IDS,0.0,0
SATB1,IDS,0.0,0
IRF1,IDS,0.8897985936591288,0
ATF6,IDS,0.0,0
JUN,IDS,0.0,0
JUND,IDS,0.0,0
POU2F2,IDS,1.1074010880572565,0
KLF3,IDS,0.0,0
BCL11A,IDS,1.2571191573201324,0
MEF2D,SMDT1,-1.3300025907929482,0
E2F4,SMDT1,0.0,0
SATB1,SMDT1,0.0,0
IRF1,SMDT1,-1.4219880621363596,0
ATF6,SMDT1,-2.4160986135961373,0
JUN,SMDT1,0.0,0
JUND,SMDT1,0.0,0
POU2F2,SMDT1,0.0,0
KLF3,SMDT1,0.0,0
BCL11A,SMDT1,0.0,0
MEF2D,COMMD6,0.0,0
E2F4,COMMD6,0.0,0
SATB1,COMMD6,0.0,0
IRF1,COMMD6,-1.0351908909929581,0
ATF6,COMMD6,-2.30843029565408,0
JUN,COMMD6,-0.7214192633377107,0
JUND,COMMD6,0.0,0
POU2F2,COMMD6,0.0,0
KLF3,COMMD6,0.0,0
BCL11A,COMMD6,0.0,0
MEF2D,NDUFB7,-1.5466418491511105,0
E2F4,NDUFB7,0.0,0
SATB1,NDUFB7,0.0,0
IRF1,NDUFB7,-1.878931439599797,0
ATF6,NDUFB7,-1.1897281870285585,0
JUN,NDUFB7,-0.8559314784539022,0
JUND,NDUFB7,0.0,0
POU2F2,NDUFB7,0.0,0
KLF3,NDUFB7,0.8585372582611234,0
BCL11A,NDUFB7,0.0,0
MEF2D,RABAC1,0.0,0
E2F4,RABAC1,0.0,0
SATB1,RABAC1,0.0,0
IRF1,RABAC1,-2.372943489696259,0
ATF6,RABAC1,0.0,0
JUN,RABAC1,0.0,0
JUND,RABAC1,-1.9678527619140427,0
POU2F2,RABAC1,0.8863123184602301,0
KLF3,RABAC1,0.9454822712819173,0
BCL11A,RABAC1,0.0,0
MEF2D,S100A11,0.0,0
E2F4,S100A11,0.8179495359615693,0
SATB1,S100A11,0.0,0
IRF1,S100A11,-1.1996951126554956,0
ATF6,S100A11,1.6583810381447035,0
JUN,S100A11,0.0,0
JUND,S100A11,0.0,0
POU2F2,S100A11,0.0,0
KLF3,S100A11,0.0,0
BCL11A,S100A11,0.0,0
MEF2D,MT-ND4L,1.0059588034910616,0
E2F4,MT-ND4L,0.0,0
SATB1,MT-ND4L,0.0,0
IRF1,MT-ND4L,0.0,0
ATF6,MT-ND4L,1.7049225893164193,0
JUN,MT-ND4L,0.0,0
JUND,MT-ND4L,0.0,0
POU2F2,MT-ND4L,0.0,0
KLF3,MT-ND4L,0.0,0
BCL11A,MT-ND4L,0.0,0
MEF2D,GYPC,-0.8286407237848656,0
E2F4,GYPC,0.0,0
SATB1,GYPC,0.0,0
IRF1,GYPC,-1.6645091206379476,0
ATF6,GYPC,-2.455307235074971,0
JUN,GYPC,-1.120577485817526,0
JUND,GYPC,-1.2147367109838074,0
POU2F2,GYPC,0.0,0
KLF3,GYPC,0.0,0
BCL11A,GYPC,0.0,0
MEF2D,APRT,-0.7161932671211805,0
E2F4,APRT,0.0,0
SATB1,APRT,0.0,0
IRF1,APRT,-1.6238107707146892,0
ATF6,APRT,-1.3577309048618782,0
JUN,APRT,0.0,0
JUND,APRT,-0.7298957198672009,0
POU2F2,APRT,0.0,0
KLF3,APRT,0.0,0
BCL11A,APRT,0.0,0
MEF2D,ATP5G3,0.0,0
E2F4,ATP5G3,0.8258099907523866,0
SATB1,ATP5G3,0.0,0
IRF1,ATP5G3,-0.9706989724277193,0
ATF6,ATP5G3,0.0,0
JUN,ATP5G3,-1.4510771850798265,0
JUND,ATP5G3,0.0,0
POU2F2,ATP5G3,0.0,0
KLF3,ATP5G3,0.0,0
BCL11A,ATP5G3,0.0,0
MEF2D,TAPBPL,0.0,0
E2F4,TAPBPL,1.067530771012342,0
SATB1,TAPBPL,0.0,0
IRF1,TAPBPL,0.0,0
ATF6,TAPBPL,3.3996592318908303,0
JUN,TAPBPL,0.0,0
JUND,TAPBPL,-2.0750133288253,0
POU2F2,TAPBPL,0.0,0
KLF3,TAPBPL,1.0095648728230004,0
BCL11A,TAPBPL,0.0,0
MEF2D,COBLL1,0.0,0
E2F4,COBLL1,-1.4577427600281516,0
SATB1,COBLL1,0.0,0
IRF1,COBLL1,0.0,0
ATF6,COBLL1,-1.2710974073579993,0
JUN,COBLL1,-1.1106071277621352,0
JUND,COBLL1,0.7533618147150645,0
POU2F2,COBLL1,0.0,0
KLF3,COBLL1,0.0,0
BCL11A,COBLL1,0.0,0
MEF2D,NDUFS5,0.0,0
E2F4,NDUFS5,1.1605644760753833,0
SATB1,NDUFS5,0.0,0
IRF1,NDUFS5,-1.6147039354429775,0
ATF6,NDUFS5,0.0,0
JUN,NDUFS5,-0.7892965246186247,0
JUND,NDUFS5,0.0,0
POU2F2,NDUFS5,0.8611201066819412,0
KLF3,NDUFS5,0.9981560684536464,0
BCL11A,NDUFS5,0.0,0
MEF2D,ATPIF1,0.0,0
E2F4,ATPIF1,0.8818677122435788,0
SATB1,ATPIF1,0.0,0
IRF1,ATPIF1,0.0,0
ATF6,ATPIF1,0.0,0
JUN,ATPIF1,-1.1882408380180653,0
JUND,ATPIF1,0.0,0
POU2F2,ATPIF1,1.3700016081828026,0
KLF3,ATPIF1,0.0,0
BCL11A,ATPIF1,-1.0071131762496925,0
MEF2D,RGS2,-1.1448841830736778,0
E2F4,RGS2,0.0,0
SATB1,RGS2,0.0,0
IRF1,RGS2,1.7364104611059792,0
ATF6,RGS2,-0.7446397373121777,0
JUN,RGS2,0.0,0
JUND,RGS2,-1.5266878374134272,0
POU2F2,RGS2,0.0,0
KLF3,RGS2,1.7358150699133121,0
BCL11A,RGS2,1.2244936176094068,0
MEF2D,ARPC2,0.0,0
E2F4,ARPC2,0.0,0
SATB1,ARPC2,0.0,0
IRF1,ARPC2,0.0,0
ATF6,ARPC2,-1.4457496819361841,0
JUN,ARPC2,-1.7219308460718241,0
JUND,ARPC2,-1.2219657672537023,0
POU2F2,ARPC2,1.975608913727532,0
KLF3,ARPC2,0.0,0
BCL11A,ARPC2,0.0,0
MEF2D,SRSF5,0.0,0
E2F4,SRSF5,0.0,0
SATB1,SRSF5,0.0,0
IRF1,SRSF5,0.8395556904288348,0
ATF6,SRSF5,2.8290928449865955,0
JUN,SRSF5,0.0,0
JUND,SRSF5,-1.4248997674172572,0
POU2F2,SRSF5,1.3649332237581113,0
KLF3,SRSF5,0.0,0
BCL11A,SRSF5,0.0,0
MEF2D,IFI16,0.0,0
E2F4,IFI16,0.0,0
SATB1,IFI16,0.0,0
IRF1,IFI16,0.0,0
ATF6,IFI16,0.0,0
JUN,IFI16,0.0,0
JUND,IFI16,0.0,0
POU2F2,IFI16,0.9339330480891767,0
KLF3,IFI16,0.0,0
BCL11A,IFI16,0.0,0
MEF2D,MYEOV2,0.0,0
E2F4,MYEOV2,0.0,0
SATB1,MYEOV2,0.0,0
IRF1,MYEOV2,-2.30161695775562,0
ATF6,MYEOV2,0.0,0
JUN,MYEOV2,-0.8998644404070633,0
JUND,MYEOV2,0.0,0
POU2F2,MYEOV2,0.0,0
KLF3,MYEOV2,0.0,0
BCL11A,MYEOV2,0.0,0
MEF2D,NDUFC2,0.0,0
E2F4,NDUFC2,0.0,0
SATB1,NDUFC2,0.0,0
IRF1,NDUFC2,0.0,0
ATF6,NDUFC2,2.33744115115102,0
JUN,NDUFC2,-0.7341858027187721,0
JUND,NDUFC2,0.0,0
POU2F2,NDUFC2,0.0,0
KLF3,NDUFC2,1.2276241684168983,0
BCL11A,NDUFC2,0.0,0
MEF2D,NSA2,-1.4884531098893734,0
E2F4,NSA2,0.0,0
SATB1,NSA2,0.0,0
IRF1,NSA2,0.0,0
ATF6,NSA2,-2.191589479291434,0
JUN,NSA2,-0.8512999712387659,0
JUND,NSA2,0.0,0
POU2F2,NSA2,0.0,0
KLF3,NSA2,0.0,0
BCL11A,NSA2,0.0,0
MEF2D,MRPL20,0.0,0
E2F4,MRPL20,0.0,0
SATB1,MRPL20,0.0,0
IRF1,MRPL20,-1.587515651922493,0
ATF6,MRPL20,0.0,0
JUN,MRPL20,-0.9593916337635936,0
JUND,MRPL20,0.0,0
POU2F2,MRPL20,0.0,0
KLF3,MRPL20,0.0,0
BCL11A,MRPL20,0.8044726149629078,0
MEF2D,PNRC1,0.0,0
E2F4,PNRC1,0.0,0
SATB1,PNRC1,0.0,0
IRF1,PNRC1,0.0,0
ATF6,PNRC1,0.719085531754683,0
JUN,PNRC1,1.0833300636310808,0
JUND,PNRC1,2.8406841235171525,0
POU2F2,PNRC1,1.1991664418233086,0
KLF3,PNRC1,1.040711817299651,0
BCL11A,PNRC1,0.0,0
MEF2D,TRIB1,0.0,0
E2F4,TRIB1,0.0,0
SATB1,TRIB1,0.0,0
IRF1,TRIB1,-2.9061397510162617,0
ATF6,TRIB1,0.9030700502643983,0
JUN,TRIB1,1.9229718504971036,0
JUND,TRIB1,2.9534743060825375,0
POU2F2,TRIB1,0.0,0
KLF3,TRIB1,0.0,0
BCL11A,TRIB1,0.0,0
MEF2D,GLCCI1,1.406444239789635,0
E2F4,GLCCI1,0.0,0
SATB1,GLCCI1,0.0,0
IRF1,GLCCI1,-0.9832090579299034,0
ATF6,GLCCI1,0.8851186563901052,0
JUN,GLCCI1,0.0,0
JUND,GLCCI1,1.2172614344748625,0
POU2F2,GLCCI1,0.0,0
KLF3,GLCCI1,0.0,0
BCL11A,GLCCI1,0.0,0
MEF2D,ATP5A1,1.1752875801762706,0
E2F4,ATP5A1,-0.7626514957573761,0
SATB1,ATP5A1,0.0,0
IRF1,ATP5A1,-1.0175041174291233,0
ATF6,ATP5A1,2.2514981294753937,0
JUN,ATP5A1,-1.0414866988295066,0
JUND,ATP5A1,0.0,0
POU2F2,ATP5A1,0.0,0
KLF3,ATP5A1,0.0,0
BCL11A,ATP5A1,0.0,0
MEF2D,TOMM5,0.0,0
E2F4,TOMM5,1.0382311354992992,0
SATB1,TOMM5,0.0,0
IRF1,TOMM5,0.0,0
ATF6,TOMM5,0.0,0
JUN,TOMM5,-1.2194734074471185,0
JUND,TOMM5,1.7491781150840107,0
POU2F2,TOMM5,-0.9836308017571616,0
KLF3,TOMM5,1.0783272459990114,0
BCL11A,TOMM5,1.0457179053534116,0
MEF2D,PPP1R15A,0.0,0
E2F4,PPP1R15A,0.0,0
SATB1,PPP1R15A,0.0,0
IRF1,PPP1R15A,1.735748201046245,0
ATF6,PPP1R15A,0.0,0
JUN,PPP1R15A,1.705942231824333,0
JUND,PPP1R15A,0.0,0
POU2F2,PPP1R15A,-1.6759386947417616,0
KLF3,PPP1R15A,-1.5074626046530568,0
BCL11A,PPP1R15A,0.0,0
MEF2D,HBA2,1.308535653127662,0
E2F4,HBA2,0.0,0
SATB1,HBA2,0.0,0
IRF1,HBA2,-1.0851475255621257,0
ATF6,HBA2,0.0,0
JUN,HBA2,0.7992081313462909,0
JUND,HBA2,0.0,0
POU2F2,HBA2,0.9568826601322052,0
KLF3,HBA2,1.287286523958913,0
BCL11A,HBA2,0.0,0
MEF2D,ILF3-AS1,0.0,0
E2F4,ILF3-AS1,0.0,0
SATB1,ILF3-AS1,0.0,0
IRF1,ILF3-AS1,0.0,0
ATF6,ILF3-AS1,-1.2998587729156164,0
JUN,ILF3-AS1,0.0,0
JUND,ILF3-AS1,0.0,0
POU2F2,ILF3-AS1,1.4991969720801204,0
KLF3,ILF3-AS1,0.0,0
BCL11A,ILF3-AS1,0.0,0
MEF2D,C1orf132,0.8652153891973373,0
E2F4,C1orf132,0.9649729603481917,0
SATB1,C1orf132,0.0,0
IRF1,C1orf132,0.0,0
ATF6,C1orf132,0.0,0
JUN,C1orf132,0.0,0
JUND,C1orf132,0.0,0
POU2F2,C1orf132,2.3141637370527186,0
KLF3,C1orf132,0.0,0
BCL11A,C1orf132,1.574282193739496,0
MEF2D,TMEM205,0.0,0
E2F4,TMEM205,0.0,0
SATB1,TMEM205,0.0,0
IRF1,TMEM205,-2.1205987386931353,0
ATF6,TMEM205,1.8872384532819546,0
JUN,TMEM205,0.0,0
JUND,TMEM205,-1.4260168029900206,0
POU2F2,TMEM205,0.0,0
KLF3,TMEM205,0.0,0
BCL11A,TMEM205,0.0,0
MEF2D,CAST,0.0,0
E2F4,CAST,-1.3592184193757044,0
SATB1,CAST,0.0,0
IRF1,CAST,1.0415805842628925,0
ATF6,CAST,0.789366148945395,0
JUN,CAST,-0.8345141069309531,0
JUND,CAST,-1.083269563553339,0
POU2F2,CAST,2.56531009762671,0
KLF3,CAST,-0.762530862063969,0
BCL11A,CAST,0.0,0
MEF2D,ARF4,0.0,0
E2F4,ARF4,0.0,0
SATB1,ARF4,0.0,0
IRF1,ARF4,-1.21896582782877,0
ATF6,ARF4,2.281247598736067,0
JUN,ARF4,0.0,0
JUND,ARF4,-0.9874358720357,0
POU2F2,ARF4,-0.8281354063163928,0
KLF3,ARF4,-1.037340985385613,0
BCL11A,ARF4,0.0,0
MEF2D,UFM1,-1.1713322645490736,0
E2F4,UFM1,0.0,0
SATB1,UFM1,0.0,0
IRF1,UFM1,0.0,0
ATF6,UFM1,0.0,0
JUN,UFM1,-0.980435040873494,0
JUND,UFM1,-0.8884368049383451,0
POU2F2,UFM1,-1.6794399851007624,0
KLF3,UFM1,0.0,0
BCL11A,UFM1,0.0,0
MEF2D,SEC61A1,1.5117818644393102,0
E2F4,SEC61A1,1.4840476476880806,0
SATB1,SEC61A1,0.0,0
IRF1,SEC61A1,0.0,0
ATF6,SEC61A1,2.2151709963444315,0
JUN,SEC61A1,0.0,0
JUND,SEC61A1,-1.1969796335117366,0
POU2F2,SEC61A1,1.0728064460109246,0
KLF3,SEC61A1,0.0,0
BCL11A,SEC61A1,0.0,0
MEF2D,LSR,0.0,0
E2F4,LSR,0.0,0
SATB1,LSR,0.0,0
IRF1,LSR,0.0,0
ATF6,LSR,2.4232794358244547,0
JUN,LSR,0.0,0
JUND,LSR,-1.8535659633131973,0
POU2F2,LSR,0.9923213467912169,0
KLF3,LSR,1.4995514917888166,0
BCL11A,LSR,0.9600097274695482,0
MEF2D,MLLT3,0.0,0
E2F4,MLLT3,0.0,0
SATB1,MLLT3,0.0,0
IRF1,MLLT3,0.0,0
ATF6,MLLT3,-1.6041399754761392,0
JUN,MLLT3,-0.9395842922791169,0
JUND,MLLT3,0.0,0
POU2F2,MLLT3,1.5600551519604802,0
KLF3,MLLT3,0.0,0
BCL11A,MLLT3,1.5842215636594332,0
MEF2D,RBM3,0.0,0
E2F4,RBM3,0.0,0
SATB1,RBM3,0.0,0
IRF1,RBM3,-1.7299579375665999,0
ATF6,RBM3,0.0,0
JUN,RBM3,0.0,0
JUND,RBM3,0.7732734691288982,0
POU2F2,RBM3,0.0,0
KLF3,RBM3,0.0,0
BCL11A,RBM3,0.0,0
MEF2D,TYMP,0.0,0
E2F4,TYMP,1.585224828972187,0
SATB1,TYMP,0.0,0
IRF1,TYMP,1.8696513760982778,0
ATF6,TYMP,0.8828752793738777,0
JUN,TYMP,0.0,0
JUND,TYMP,0.0,0
POU2F2,TYMP,1.5898888706618763,0
KLF3,TYMP,0.0,0
BCL11A,TYMP,0.0,0
MEF2D,DUT,0.0,0
E2F4,DUT,0.0,0
SATB1,DUT,0.0,0
IRF1,DUT,0.0,0
ATF6,DUT,2.100164309591521,0
JUN,DUT,0.0,0
JUND,DUT,0.0,0
POU2F2,DUT,0.9355986035522393,0
KLF3,DUT,0.0,0
BCL11A,DUT,1.4406258909311211,0
MEF2D,LSM3,0.0,0
E2F4,LSM3,0.0,0
SATB1,LSM3,0.0,0
IRF1,LSM3,0.0,0
ATF6,LSM3,0.0,0
JUN,LSM3,0.0,0
JUND,LSM3,0.0,0
POU2F2,LSM3,-0.7475909122887419,0
KLF3,LSM3,0.0,0
BCL11A,LSM3,0.0,0
MEF2D,GLO1,0.0,0
E2F4,GLO1,0.0,0
SATB1,GLO1,0.0,0
IRF1,GLO1,-1.6727634481499425,0
ATF6,GLO1,2.0817835373845672,0
JUN,GLO1,0.9456691175797458,0
JUND,GLO1,0.0,0
POU2F2,GLO1,-1.0201818206746676,0
KLF3,GLO1,0.0,0
BCL11A,GLO1,0.0,0
MEF2D,SURF4,0.8977336974658646,0
E2F4,SURF4,1.088362167311016,0
SATB1,SURF4,0.0,0
IRF1,SURF4,1.3781572370905222,0
ATF6,SURF4,2.2240153936488083,0
JUN,SURF4,0.0,0
JUND,SURF4,0.0,0
POU2F2,SURF4,0.0,0
KLF3,SURF4,0.0,0
BCL11A,SURF4,0.0,0
MEF2D,SRPRB,0.0,0
E2F4,SRPRB,0.0,0
SATB1,SRPRB,0.0,0
IRF1,SRPRB,-2.6876411966730283,0
ATF6,SRPRB,2.7162924981606222,0
JUN,SRPRB,0.0,0
JUND,SRPRB,-0.8393167322981041,0
POU2F2,SRPRB,1.0139360233333303,0
KLF3,SRPRB,-0.9487352289839309,0
BCL11A,SRPRB,0.8610556816514098,0
MEF2D,VPS37B,1.7396715106655936,0
E2F4,VPS37B,1.1658711353382936,0
SATB1,VPS37B,0.0,0
IRF1,VPS37B,0.0,0
ATF6,VPS37B,0.0,0
JUN,VPS37B,0.0,0
JUND,VPS37B,1.0623111908897327,0
POU2F2,VPS37B,0.0,0
KLF3,VPS37B,1.1619859692464973,0
BCL11A,VPS37B,0.0,0
MEF2D,ARF6,0.0,0
E2F4,ARF6,2.3352749274413416,0
SATB1,ARF6,0.0,0
IRF1,ARF6,0.8169403664729394,0
ATF6,ARF6,0.0,0
JUN,ARF6,1.1310047705777404,0
JUND,ARF6,0.0,0
POU2F2,ARF6,0.9659430196520792,0
KLF3,ARF6,0.0,0
BCL11A,ARF6,0.0,0
MEF2D,S100A9,1.1078044713584059,0
E2F4,S100A9,0.0,0
SATB1,S100A9,0.0,0
IRF1,S100A9,0.0,0
ATF6,S100A9,2.0093302666231514,0
JUN,S100A9,0.9982222852050066,0
JUND,S100A9,-1.1858276670219732,0
POU2F2,S100A9,0.0,0
KLF3,S100A9,0.0,0
BCL11A,S100A9,0.0,0
MEF2D,WIPI1,1.0184296091899425,0
E2F4,WIPI1,0.0,0
SATB1,WIPI1,0.0,0
IRF1,WIPI1,1.0580079115975909,0
ATF6,WIPI1,2.0453640756709883,0
JUN,WIPI1,0.0,0
JUND,WIPI1,-1.866374770409721,0
POU2F2,WIPI1,0.0,0
KLF3,WIPI1,0.0,0
BCL11A,WIPI1,0.0,0
MEF2D,C11orf1,0.0,0
E2F4,C11orf1,0.0,0
SATB1,C11orf1,0.0,0
IRF1,C11orf1,0.0,0
ATF6,C11orf1,-1.0324949844404376,0
JUN,C11orf1,0.0,0
JUND,C11orf1,-1.1214512253693762,0
POU2F2,C11orf1,0.9434733005020567,0
KLF3,C11orf1,0.8276551277793259,0
BCL11A,C11orf1,0.0,0
MEF2D,METTL7A,0.0,0
E2F4,METTL7A,0.0,0
SATB1,METTL7A,0.7727535759571091,0
IRF1,METTL7A,-1.7656007947330459,0
ATF6,METTL7A,1.4917582273425898,0
JUN,METTL7A,0.0,0
JUND,METTL7A,0.836297857799168,0
POU2F2,METTL7A,0.0,0
KLF3,METTL7A,1.5354242569260268,0
BCL11A,METTL7A,0.0,0
MEF2D,TAF1D,0.0,0
E2F4,TAF1D,0.0,0
SATB1,TAF1D,0.0,0
IRF1,TAF1D,0.0,0
ATF6,TAF1D,0.0,0
JUN,TAF1D,0.0,0
JUND,TAF1D,1.0386375352540744,0
POU2F2,TAF1D,-0.7393835217535539,0
KLF3,TAF1D,1.039407690706311,0
BCL11A,TAF1D,-1.2723660794462015,0
MEF2D,KMT2E,1.2474084499205047,0
E2F4,KMT2E,1.2298842045937213,0
SATB1,KMT2E,0.0,0
IRF1,KMT2E,1.7559996457320841,0
ATF6,KMT2E,0.0,0
JUN,KMT2E,0.0,0
JUND,KMT2E,0.0,0
POU2F2,KMT2E,0.0,0
KLF3,KMT2E,0.0,0
BCL11A,KMT2E,1.6254364005073472,0
MEF2D,ROMO1,0.0,0
E2F4,ROMO1,1.2059001682420918,0
SATB1,ROMO1,0.0,0
IRF1,ROMO1,-1.5503438161179637,0
ATF6,ROMO1,0.0,0
JUN,ROMO1,-1.6865172843639975,0
JUND,ROMO1,0.0,0
POU2F2,ROMO1,-1.0936978913877433,0
KLF3,ROMO1,0.719541619936593,0
BCL11A,ROMO1,0.0,0
MEF2D,HSP90AA1,0.0,0
E2F4,HSP90AA1,0.0,0
SATB1,HSP90AA1,0.0,0
IRF1,HSP90AA1,0.0,0
ATF6,HSP90AA1,1.0518616176345488,0
JUN,HSP90AA1,0.0,0
JUND,HSP90AA1,0.0,0
POU2F2,HSP90AA1,0.0,0
KLF3,HSP90AA1,0.0,0
BCL11A,HSP90AA1,0.9428073102603483,0
MEF2D,RBM39,1.3440585198865171,0
E2F4,RBM39,0.0,0
SATB1,RBM39,0.0,0
IRF1,RBM39,1.2219976251482965,0
ATF6,RBM39,0.0,0
JUN,RBM39,0.0,0
JUND,RBM39,0.0,0
POU2F2,RBM39,1.3726631638985742,0
KLF3,RBM39,1.5710654054563535,0
BCL11A,RBM39,0.0,0
MEF2D,GABARAPL2,-0.8420771257061473,0
E2F4,GABARAPL2,1.294995642115864,0
SATB1,GABARAPL2,0.0,0
IRF1,GABARAPL2,-1.5110562307718802,0
ATF6,GABARAPL2,0.0,0
JUN,GABARAPL2,0.0,0
JUND,GABARAPL2,0.0,0
POU2F2,GABARAPL2,0.0,0
KLF3,GABARAPL2,0.917105902851145,0
BCL11A,GABARAPL2,0.0,0
MEF2D,GPAA1,0.8962302163096509,0
E2F4,GPAA1,0.0,0
SATB1,GPAA1,0.0,0
IRF1,GPAA1,0.0,0
ATF6,GPAA1,2.0252052082574497,0
JUN,GPAA1,0.0,0
JUND,GPAA1,-1.5197506355782446,0
POU2F2,GPAA1,0.0,0
KLF3,GPAA1,0.0,0
BCL11A,GPAA1,1.2657127518268252,0
MEF2D,MZT2A,1.3925382519277565,0
E2F4,MZT2A,2.2911924687032874,0
SATB1,MZT2A,0.0,0
IRF1,MZT2A,0.0,0
ATF6,MZT2A,0.0,0
JUN,MZT2A,0.0,0
JUND,MZT2A,0.0,0
POU2F2,MZT2A,0.0,0
KLF3,MZT2A,0.0,0
BCL11A,MZT2A,0.0,0
MEF2D,DPEP1,0.8591730670670736,0
E2F4,DPEP1,0.0,0
SATB1,DPEP1,0.0,0
IRF1,DPEP1,0.8860233418999889,0
ATF6,DPEP1,2.3166101602164457,0
JUN,DPEP1,0.0,0
JUND,DPEP1,0.0,0
POU2F2,DPEP1,0.0,0
KLF3,DPEP1,0.0,0
BCL11A,DPEP1,-0.8443096434751163,0
MEF2D,SFT2D1,0.0,0
E2F4,SFT2D1,0.0,0
SATB1,SFT2D1,0.0,0
IRF1,SFT2D1,0.0,0
ATF6,SFT2D1,0.0,0
JUN,SFT2D1,-0.8493307236742855,0
JUND,SFT2D1,0.0,0
POU2F2,SFT2D1,-1.708870554266653,0
KLF3,SFT2D1,1.292222719649624,0
BCL11A,SFT2D1,0.0,0
MEF2D,LAMTOR2,1.2544185431976196,0
E2F4,LAMTOR2,0.0,0
SATB1,LAMTOR2,0.0,0
IRF1,LAMTOR2,-1.6296659776477063,0
ATF6,LAMTOR2,0.0,0
JUN,LAMTOR2,-1.1140709831661193,0
JUND,LAMTOR2,0.0,0
POU2F2,LAMTOR2,0.0,0
KLF3,LAMTOR2,0.0,0
BCL11A,LAMTOR2,0.0,0
MEF2D,ATP6V1F,0.0,0
E2F4,ATP6V1F,1.3711855516159859,0
SATB1,ATP6V1F,0.0,0
IRF1,ATP6V1F,-2.0580436566245743,0
ATF6,ATP6V1F,0.0,0
JUN,ATP6V1F,-0.8645162049197652,0
JUND,ATP6V1F,0.0,0
POU2F2,ATP6V1F,1.2271003434560421,0
KLF3,ATP6V1F,0.9003034010938358,0
BCL11A,ATP6V1F,0.0,0
MEF2D,STOML2,0.8692345354822025,0
E2F4,STOML2,1.271112357555133,0
SATB1,STOML2,0.0,0
IRF1,STOML2,-1.5366513037806588,0
ATF6,STOML2,-1.0694743588899565,0
JUN,STOML2,0.0,0
JUND,STOML2,-0.9106396246044489,0
POU2F2,STOML2,0.0,0
KLF3,STOML2,0.0,0
BCL11A,STOML2,0.0,0
MEF2D,TOMM22,0.0,0
E2F4,TOMM22,0.9414881719063446,0
SATB1,TOMM22,0.0,0
IRF1,TOMM22,-1.4564641190277545,0
ATF6,TOMM22,0.0,0
JUN,TOMM22,-1.3428863774319737,0
JUND,TOMM22,0.0,0
POU2F2,TOMM22,0.0,0
KLF3,TOMM22,1.2610795702576012,0
BCL11A,TOMM22,0.0,0
MEF2D,NDUFA7,0.0,0
E2F4,NDUFA7,0.0,0
SATB1,NDUFA7,0.0,0
IRF1,NDUFA7,0.0,0
ATF6,NDUFA7,2.006405547514696,0
JUN,NDUFA7,-1.1591586192147543,0
JUND,NDUFA7,1.5923351850530543,0
POU2F2,NDUFA7,-1.6557798314101517,0
KLF3,NDUFA7,-0.7997733432835019,0
BCL11A,NDUFA7,0.0,0
MEF2D,ST6GALNAC4,0.0,0
E2F4,ST6GALNAC4,1.1495091712938064,0
SATB1,ST6GALNAC4,0.0,0
IRF1,ST6GALNAC4,0.0,0
ATF6,ST6GALNAC4,1.2774307230634414,0
JUN,ST6GALNAC4,0.0,0
JUND,ST6GALNAC4,0.0,0
POU2F2,ST6GALNAC4,0.0,0
KLF3,ST6GALNAC4,-0.837603314114278,0
BCL11A,ST6GALNAC4,0.0,0
MEF2D,TMEM107,0.9089559922893478,0
E2F4,TMEM107,1.5126923313731357,0
SATB1,TMEM107,0.0,0
IRF1,TMEM107,1.264970929354815,0
ATF6,TMEM107,1.1310252891438477,0
JUN,TMEM107,1.1591489421693149,0
JUND,TMEM107,1.190147959717422,0
POU2F2,TMEM107,0.0,0
KLF3,TMEM107,-1.3999031110586049,0
BCL11A,TMEM107,0.0,0
MEF2D,PSMD4,0.0,0
E2F4,PSMD4,1.1660572030241114,0
SATB1,PSMD4,0.0,0
IRF1,PSMD4,-1.3523945977135665,0
ATF6,PSMD4,1.3994308617296032,0
JUN,PSMD4,0.0,0
JUND,PSMD4,0.0,0
POU2F2,PSMD4,0.0,0
KLF3,PSMD4,0.0,0
BCL11A,PSMD4,0.0,0
MEF2D,SQSTM1,0.0,0
E2F4,SQSTM1,0.0,0
SATB1,SQSTM1,0.0,0
IRF1,SQSTM1,0.0,0
ATF6,SQSTM1,1.5675217052389154,0
JUN,SQSTM1,0.0,0
JUND,SQSTM1,0.0,0
POU2F2,SQSTM1,-0.8707690438355942,0
KLF3,SQSTM1,0.0,0
BCL11A,SQSTM1,0.0,0
MEF2D,YIPF2,0.0,0
E2F4,YIPF2,0.0,0
SATB1,YIPF2,0.0,0
IRF1,YIPF2,0.0,0
ATF6,YIPF2,0.8887278886764995,0
JUN,YIPF2,0.0,0
JUND,YIPF2,-1.3758709678654155,0
POU2F2,YIPF2,0.0,0
KLF3,YIPF2,0.0,0
BCL11A,YIPF2,0.0,0
MEF2D,MRPL24,0.0,0
E2F4,MRPL24,0.0,0
SATB1,MRPL24,0.0,0
IRF1,MRPL24,0.0,0
ATF6,MRPL24,0.0,0
JUN,MRPL24,-1.1580799741789525,0
JUND,MRPL24,0.7683144547083866,0
POU2F2,MRPL24,0.0,0
KLF3,MRPL24,1.089352532732023,0
BCL11A,MRPL24,0.0,0
MEF2D,ST13,0.0,0
E2F4,ST13,0.0,0
SATB1,ST13,0.0,0
IRF1,ST13,0.0,0
ATF6,ST13,-0.8610851586402632,0
JUN,ST13,0.0,0
JUND,ST13,0.0,0
POU2F2,ST13,0.0,0
KLF3,ST13,0.0,0
BCL11A,ST13,0.0,0
MEF2D,H2AFV,0.0,0
E2F4,H2AFV,0.0,0
SATB1,H2AFV,0.0,0
IRF1,H2AFV,-1.0294273297677585,0
ATF6,H2AFV,0.0,0
JUN,H2AFV,0.0,0
JUND,H2AFV,0.0,0
POU2F2,H2AFV,0.8212384487692427,0
KLF3,H2AFV,0.0,0
BCL11A,H2AFV,0.0,0
MEF2D,PPP1R2,0.0,0
E2F4,PPP1R2,1.2170958328412231,0
SATB1,PPP1R2,0.0,0
IRF1,PPP1R2,0.0,0
ATF6,PPP1R2,-0.7235956745187133,0
JUN,PPP1R2,0.0,0
JUND,PPP1R2,-0.7899090462964143,0
POU2F2,PPP1R2,1.053686592611792,0
KLF3,PPP1R2,0.0,0
BCL11A,PPP1R2,0.0,0
MEF2D,ST6GAL1,0.0,0
E2F4,ST6GAL1,-0.905163748445596,0
SATB1,ST6GAL1,0.0,0
IRF1,ST6GAL1,0.0,0
ATF6,ST6GAL1,0.9716877387211587,0
JUN,ST6GAL1,0.0,0
JUND,ST6GAL1,0.0,0
POU2F2,ST6GAL1,0.0,0
KLF3,ST6GAL1,0.8337672098909262,0
BCL11A,ST6GAL1,0.0,0
MEF2D,C12orf45,0.0,0
E2F4,C12orf45,1.6502864037467688,0
SATB1,C12orf45,0.0,0
IRF1,C12orf45,0.0,0
ATF6,C12orf45,0.9640070189050538,0
JUN,C12orf45,0.0,0
JUND,C12orf45,1.0063383550640632,0
POU2F2,C12orf45,-0.7960954501490828,0
KLF3,C12orf45,0.0,0
BCL11A,C12orf45,0.0,0
MEF2D,UCHL1,1.47615239824861,0
E2F4,UCHL1,0.0,0
SATB1,UCHL1,0.0,0
IRF1,UCHL1,0.0,0
ATF6,UCHL1,0.0,0
JUN,UCHL1,0.0,0
JUND,UCHL1,0.0,0
POU2F2,UCHL1,1.352701095818287,0
KLF3,UCHL1,1.2140436102142007,0
BCL11A,UCHL1,0.0,0
MEF2D,RPLP1,0.0,1
E2F4,RPLP1,0.0,1
SATB1,RPLP1,-0.7766940812029922,1
IRF1,RPLP1,0.0,1
ATF6,RPLP1,-1.5746229294682896,1
JUN,RPLP1,0.0,1
JUND,RPLP1,0.0,1
POU2F2,RPLP1,1.7010368180795057,1
KLF3,RPLP1,0.0,1
BCL11A,RPLP1,0.0,1
MEF2D,RPL36,0.0,1
E2F4,RPL36,0.0,1
SATB1,RPL36,0.0,1
IRF1,RPL36,-0.9211326790459213,1
ATF6,RPL36,-2.418474256417485,1
JUN,RPL36,0.0,1
JUND,RPL36,0.0,1
POU2F2,RPL36,1.299517985984499,1
KLF3,RPL36,0.0,1
BCL11A,RPL36,1.1614821972811804,1
MEF2D,RPL39,1.2303870861471107,1
E2F4,RPL39,0.0,1
SATB1,RPL39,0.0,1
IRF1,RPL39,-0.9751640025377534,1
ATF6,RPL39,-1.849472718407819,1
JUN,RPL39,0.0,1
JUND,RPL39,0.0,1
POU2F2,RPL39,2.5526741444809153,1
KLF3,RPL39,0.0,1
BCL11A,RPL39,0.7326360782636752,1
MEF2D,IGHM,0.0,1
E2F4,IGHM,0.0,1
SATB1,IGHM,0.0,1
IRF1,IGHM,1.7584601135598086,1
ATF6,IGHM,0.0,1
JUN,IGHM,0.0,1
JUND,IGHM,0.0,1
POU2F2,IGHM,0.0,1
KLF3,IGHM,1.2986679585211593,1
BCL11A,IGHM,0.89080198867006,1
MEF2D,EEF1A1,0.0,1
E2F4,EEF1A1,0.0,1
SATB1,EEF1A1,0.0,1
IRF1,EEF1A1,-1.7334469228920728,1
ATF6,EEF1A1,-2.323472066932586,1
JUN,EEF1A1,0.0,1
JUND,EEF1A1,0.0,1
POU2F2,EEF1A1,3.006744770172178,1
KLF3,EEF1A1,-1.1829148966866134,1
BCL11A,EEF1A1,1.2744864291654212,1
MEF2D,RPS8,0.0,1
E2F4,RPS8,0.0,1
SATB1,RPS8,0.0,1
IRF1,RPS8,-0.8990815721451627,1
ATF6,RPS8,-2.4968186368324052,1
JUN,RPS8,0.0,1
JUND,RPS8,0.0,1
POU2F2,RPS8,1.706258110674078,1
KLF3,RPS8,0.0,1
BCL11A,RPS8,1.2852816657228718,1
MEF2D,RPS3A,0.0,1
E2F4,RPS3A,0.0,1
SATB1,RPS3A,0.0,1
IRF1,RPS3A,-1.4554995133997561,1
ATF6,RPS3A,-1.8953352690807403,1
JUN,RPS3A,0.0,1
JUND,RPS3A,-0.9347628898331046,1
POU2F2,RPS3A,1.701130243155385,1
KLF3,RPS3A,0.0,1
BCL11A,RPS3A,1.7951802604950478,1
MEF2D,MTDH,0.0,1
E2F4,MTDH,0.0,1
SATB1,MTDH,0.0,1
IRF1,MTDH,1.350207737817412,1
ATF6,MTDH,2.223458695352677,1
JUN,MTDH,0.0,1
JUND,MTDH,0.0,1
POU2F2,MTDH,0.0,1
KLF3,MTDH,0.0,1
BCL11A,MTDH,0.0,1
MEF2D,UBA52,0.0,1
E2F4,UBA52,0.0,1
SATB1,UBA52,0.0,1
IRF1,UBA52,-0.9422971827611327,1
ATF6,UBA52,-1.78792556538504,1
JUN,UBA52,0.0,1
JUND,UBA52,0.0,1
POU2F2,UBA52,1.386875835704284,1
KLF3,UBA52,0.0,1
BCL11A,UBA52,1.8652645456430261,1
MEF2D,IGHV3-20,0.0,1
E2F4,IGHV3-20,0.0,1
SATB1,IGHV3-20,0.0,1
IRF1,IGHV3-20,-1.7207177114678243,1
ATF6,IGHV3-20,-2.809276328425382,1
JUN,IGHV3-20,0.0,1
JUND,IGHV3-20,0.0,1
POU2F2,IGHV3-20,0.0,1
KLF3,IGHV3-20,2.2617743002634145,1
BCL11A,IGHV3-20,0.86713930990425,1
MEF2D,MT-ND2,1.9375314911618113,1
E2F4,MT-ND2,0.0,1
SATB1,MT-ND2,0.0,1
IRF1,MT-ND2,0.0,1
ATF6,MT-ND2,-1.1070495667629634,1
JUN,MT-ND2,0.0,1
JUND,MT-ND2,0.9261493307529254,1
POU2F2,MT-ND2,1.409516181445478,1
KLF3,MT-ND2,0.0,1
BCL11A,MT-ND2,0.838968990964032,1
MEF2D,RPL31,0.0,1
E2F4,RPL31,0.0,1
SATB1,RPL31,0.0,1
IRF1,RPL31,-1.613918529225922,1
ATF6,RPL31,-2.2208225797980194,1
JUN,RPL31,0.0,1
JUND,RPL31,0.0,1
POU2F2,RPL31,1.931106453358924,1
KLF3,RPL31,0.0,1
BCL11A,RPL31,2.071753496320352,1
MEF2D,RPL37A,0.0,1
E2F4,RPL37A,0.0,1
SATB1,RPL37A,0.0,1
IRF1,RPL37A,-1.7223046868568765,1
ATF6,RPL37A,-1.6568161848793437,1
JUN,RPL37A,0.0,1
JUND,RPL37A,0.0,1
POU2F2,RPL37A,1.7550666521082139,1
KLF3,RPL37A,0.0,1
BCL11A,RPL37A,1.9309156693506313,1
MEF2D,RPS26,0.0,1
E2F4,RPS26,0.0,1
SATB1,RPS26,0.0,1
IRF1,RPS26,-1.1559326566403163,1
ATF6,RPS26,-1.9284181797387758,1
JUN,RPS26,0.0,1
JUND,RPS26,0.0,1
POU2F2,RPS26,0.0,1
KLF3,RPS26,0.0,1
BCL11A,RPS26,0.0,1
MEF2D,CD74,0.0,1
E2F4,CD74,1.0698883819810048,1
SATB1,CD74,-1.2663081727428214,1
IRF1,CD74,0.0,1
ATF6,CD74,-1.4181432203601112,1
JUN,CD74,0.0,1
JUND,CD74,0.8703251317463353,1
POU2F2,CD74,1.3315268221883478,1
KLF3,CD74,0.0,1
BCL11A,CD74,0.8311383752746678,1
MEF2D,IGHV3-43,0.0,1
E2F4,IGHV3-43,0.0,1
SATB1,IGHV3-43,0.0,1
IRF1,IGHV3-43,-1.8073943098229286,1
ATF6,IGHV3-43,-2.824596434457942,1
JUN,IGHV3-43,0.0,1
JUND,IGHV3-43,0.0,1
POU2F2,IGHV3-43,0.0,1
KLF3,IGHV3-43,2.063492956423566,1
BCL11A,IGHV3-43,1.0217648994494815,1
MEF2D,RPSA,0.0,1
E2F4,RPSA,0.0,1
SATB1,RPSA,0.0,1
IRF1,RPSA,-0.8420627451991859,1
ATF6,RPSA,-1.9564930545575832,1
JUN,RPSA,0.0,1
JUND,RPSA,0.0,1
POU2F2,RPSA,1.4944363832010223,1
KLF3,RPSA,0.0,1
BCL11A,RPSA,1.9686941938251763,1
MEF2D,MT-ATP6,2.1958420283245474,1
E2F4,MT-ATP6,0.0,1
SATB1,MT-ATP6,0.0,1
IRF1,MT-ATP6,0.0,1
ATF6,MT-ATP6,-1.835902155875164,1
JUN,MT-ATP6,0.0,1
JUND,MT-ATP6,0.0,1
POU2F2,MT-ATP6,1.6753500414541431,1
KLF3,MT-ATP6,0.0,1
BCL11A,MT-ATP6,0.0,1
MEF2D,FTL,0.0,1
E2F4,FTL,0.0,1
SATB1,FTL,0.0,1
IRF1,FTL,-1.5342777618248595,1
ATF6,FTL,0.0,1
JUN,FTL,0.0,1
JUND,FTL,-1.6896052225999032,1
POU2F2,FTL,1.0167507212690854,1
KLF3,FTL,0.0,1
BCL11A,FTL,0.755938123098945,1
MEF2D,CD79A,0.0,1
E2F4,CD79A,0.0,1
SATB1,CD79A,0.0,1
IRF1,CD79A,1.8175934345991511,1
ATF6,CD79A,0.0,1
JUN,CD79A,0.0,1
JUND,CD79A,0.9393444320575506,1
POU2F2,CD79A,0.0,1
KLF3,CD79A,-0.7765918073816159,1
BCL11A,CD79A,-1.1889441460990313,1
MEF2D,RPL17,0.0,1
E2F4,RPL17,0.0,1
SATB1,RPL17,0.0,1
IRF1,RPL17,-1.6675797236830712,1
ATF6,RPL17,-1.1318937297104759,1
JUN,RPL17,0.0,1
JUND,RPL17,0.8134870736625675,1
POU2F2,RPL17,0.8255427597028393,1
KLF3,RPL17,0.9696533250349814,1
BCL11A,RPL17,1.7042144560277086,1
MEF2D,RPS20,0.0,1
E2F4,RPS20,0.0,1
SATB1,RPS20,0.0,1
IRF1,RPS20,-1.217346804572017,1
ATF6,RPS20,-2.281013530311467,1
JUN,RPS20,0.0,1
JUND,RPS20,0.0,1
POU2F2,RPS20,1.8705470750854483,1
KLF3,RPS20,0.0,1
BCL11A,RPS20,1.9597250130324713,1
MEF2D,MT-ND1,2.2963278087686865,1
E2F4,MT-ND1,0.0,1
SATB1,MT-ND1,0.0,1
IRF1,MT-ND1,0.0,1
ATF6,MT-ND1,0.0,1
JUN,MT-ND1,0.0,1
JUND,MT-ND1,1.330540462607694,1
POU2F2,MT-ND1,2.000760005193819,1
KLF3,MT-ND1,-0.9648705830525987,1
BCL11A,MT-ND1,1.3556137864999773,1
MEF2D,TXNIP,0.0,1
E2F4,TXNIP,0.0,1
SATB1,TXNIP,1.3605566476133928,1
IRF1,TXNIP,0.0,1
ATF6,TXNIP,-1.6499438964225897,1
JUN,TXNIP,0.0,1
JUND,TXNIP,-1.5327744957240206,1
POU2F2,TXNIP,0.0,1
KLF3,TXNIP,0.0,1
BCL11A,TXNIP,-1.0432886577863876,1
MEF2D,TMA7,0.0,1
E2F4,TMA7,1.598237347372621,1
SATB1,TMA7,0.0,1
IRF1,TMA7,0.0,1
ATF6,TMA7,-1.9316395043073389,1
JUN,TMA7,0.0,1
JUND,TMA7,1.2284211178858067,1
POU2F2,TMA7,1.5512570799608998,1
KLF3,TMA7,1.320257996043486,1
BCL11A,TMA7,1.0833090599361626,1
MEF2D,ISG20,0.0,1
E2F4,ISG20,0.0,1
SATB1,ISG20,0.0,1
IRF1,ISG20,1.669563796626089,1
ATF6,ISG20,0.0,1
JUN,ISG20,0.0,1
JUND,ISG20,0.0,1
POU2F2,ISG20,-1.702553974028812,1
KLF3,ISG20,0.0,1
BCL11A,ISG20,-2.2925932916723655,1
MEF2D,EVI2B,-1.1345122166473096,1
E2F4,EVI2B,0.0,1
SATB1,EVI2B,0.0,1
IRF1,EVI2B,0.0,1
ATF6,EVI2B,-2.6545508587444124,1
JUN,EVI2B,0.0,1
JUND,EVI2B,0.0,1
POU2F2,EVI2B,1.4937066798493248,1
KLF3,EVI2B,-0.6956616187136746,1
BCL11A,EVI2B,0.9847731981822055,1
MEF2D,CRELD2,0.7878337076996791,1
E2F4,CRELD2,1.161689164779785,1
SATB1,CRELD2,-0.8210479586119935,1
IRF1,CRELD2,0.0,1
ATF6,CRELD2,0.9853046442157378,1
JUN,CRELD2,0.0,1
JUND,CRELD2,-1.1281808874866053,1
POU2F2,CRELD2,-0.9753610075122355,1
KLF3,CRELD2,0.0,1
BCL11A,CRELD2,-1.008685442046731,1
MEF2D,NBEAL1,0.0,1
E2F4,NBEAL1,0.0,1
SATB1,NBEAL1,0.0,1
IRF1,NBEAL1,-1.3450980271679849,1
ATF6,NBEAL1,-1.1025064195213286,1
JUN,NBEAL1,0.0,1
JUND,NBEAL1,1.3336296823554372,1
POU2F2,NBEAL1,0.8203428139784104,1
KLF3,NBEAL1,1.1460925151395462,1
BCL11A,NBEAL1,1.5641910107455506,1
MEF2D,RPL36AL,0.0,1
E2F4,RPL36AL,0.0,1
SATB1,RPL36AL,0.0,1
IRF1,RPL36AL,-0.8331550854331986,1
ATF6,RPL36AL,-2.9083781635430173,1
JUN,RPL36AL,0.0,1
JUND,RPL36AL,0.0,1
POU2F2,RPL36AL,0.97089520103322,1
KLF3,RPL36AL,0.0,1
BCL11A,RPL36AL,1.342227164460392,1
MEF2D,SLC25A6,0.0,1
E2F4,SLC25A6,0.0,1
SATB1,SLC25A6,0.0,1
IRF1,SLC25A6,-1.5223239858642381,1
ATF6,SLC25A6,-2.1000958763197044,1
JUN,SLC25A6,0.0,1
JUND,SLC25A6,0.0,1
POU2F2,SLC25A6,2.38250237139767,1
KLF3,SLC25A6,0.0,1
BCL11A,SLC25A6,1.6011512790262659,1
MEF2D,YPEL5,0.0,1
E2F4,YPEL5,0.0,1
SATB1,YPEL5,-0.9875536765371409,1
IRF1,YPEL5,0.8177154111403403,1
ATF6,YPEL5,0.0,1
JUN,YPEL5,0.0,1
JUND,YPEL5,0.0,1
POU2F2,YPEL5,-1.960293203239842,1
KLF3,YPEL5,0.0,1
BCL11A,YPEL5,-0.7798715939474138,1
MEF2D,RPL22L1,0.0,1
E2F4,RPL22L1,0.9081656034824022,1
SATB1,RPL22L1,0.0,1
IRF1,RPL22L1,0.0,1
ATF6,RPL22L1,-0.8041250614206296,1
JUN,RPL22L1,0.0,1
JUND,RPL22L1,-1.7256293645539127,1
POU2F2,RPL22L1,-1.4674170290707937,1
KLF3,RPL22L1,0.0,1
BCL11A,RPL22L1,0.0,1
MEF2D,FTH1,1.1394741954910346,1
E2F4,FTH1,1.1985505797280607,1
SATB1,FTH1,0.0,1
IRF1,FTH1,-1.5632457376271096,1
ATF6,FTH1,-2.301310163162518,1
JUN,FTH1,0.0,1
JUND,FTH1,-0.8958075560642329,1
POU2F2,FTH1,2.124495669895978,1
KLF3,FTH1,0.0,1
BCL11A,FTH1,0.0,1
MEF2D,KDELR2,-0.9432343807395278,1
E2F4,KDELR2,1.0507601768676065,1
SATB1,KDELR2,0.0,1
IRF1,KDELR2,0.0,1
ATF6,KDELR2,0.8359563971277177,1
JUN,KDELR2,0.0,1
JUND,KDELR2,-1.6886424118436423,1
POU2F2,KDELR2,-2.679347006617988,1
KLF3,KDELR2,0.0,1
BCL11A,KDELR2,-1.5928541874094788,1
MEF2D,SSR3,-0.9308312252308483,1
E2F4,SSR3,1.5318214699994552,1
SATB1,SSR3,-1.06289165474025,1
IRF1,SSR3,-0.8521730684035594,1
ATF6,SSR3,0.0,1
JUN,SSR3,0.0,1
JUND,SSR3,0.0,1
POU2F2,SSR3,0.0,1
KLF3,SSR3,0.0,1
BCL11A,SSR3,0.0,1
MEF2D,C19orf70,0.0,1
E2F4,C19orf70,1.7040983327728547,1
SATB1,C19orf70,-0.835308327205462,1
IRF1,C19orf70,0.0,1
ATF6,C19orf70,1.3279099928465292,1
JUN,C19orf70,0.0,1
JUND,C19orf70,1.051202219412239,1
POU2F2,C19orf70,0.0,1
KLF3,C19orf70,0.0,1
BCL11A,C19orf70,0.0,1
MEF2D,RRBP1,1.3747401924765088,1
E2F4,RRBP1,0.9339636392827119,1
SATB1,RRBP1,0.0,1
IRF1,RRBP1,2.3880608975578186,1
ATF6,RRBP1,1.4188345155967088,1
JUN,RRBP1,0.0,1
JUND,RRBP1,0.0,1
POU2F2,RRBP1,1.6924975124895583,1
KLF3,RRBP1,0.0,1
BCL11A,RRBP1,-1.6254074739178874,1
MEF2D,RP5-1171I10.5,0.0,1
E2F4,RP5-1171I10.5,0.0,1
SATB1,RP5-1171I10.5,2.547891355793024,1
IRF1,RP5-1171I10.5,0.8551002065067705,1
ATF6,RP5-1171I10.5,1.0793128429240546,1
JUN,RP5-1171I10.5,0.0,1
JUND,RP5-1171I10.5,0.0,1
POU2F2,RP5-1171I10.5,0.0,1
KLF3,RP5-1171I10.5,-1.2166346018986245,1
BCL11A,RP5-1171I10.5,-1.1748641047650399,1
MEF2D,SRP14,0.0,1
E2F4,SRP14,1.278897229178735,1
SATB1,SRP14,0.0,1
IRF1,SRP14,0.7345024589753834,1
ATF6,SRP14,0.0,1
JUN,SRP14,0.0,1
JUND,SRP14,0.0,1
POU2F2,SRP14,0.0,1
KLF3,SRP14,0.0,1
BCL11A,SRP14,0.0,1
MEF2D,ARPC5L,1.5801144618277656,1
E2F4,ARPC5L,0.0,1
SATB1,ARPC5L,0.0,1
IRF1,ARPC5L,0.0,1
ATF6,ARPC5L,0.8477803455654824,1
JUN,ARPC5L,0.0,1
JUND,ARPC5L,0.0,1
POU2F2,ARPC5L,2.4205651343041947,1
KLF3,ARPC5L,0.0,1
BCL11A,ARPC5L,0.0,1
MEF2D,C6orf48,0.0,1
E2F4,C6orf48,0.0,1
SATB1,C6orf48,0.0,1
IRF1,C6orf48,-0.7538238991634836,1
ATF6,C6orf48,-1.4013121667521546,1
JUN,C6orf48,0.0,1
JUND,C6orf48,-1.0830095205602757,1
POU2F2,C6orf48,1.2755723105138772,1
KLF3,C6orf48,0.0,1
BCL11A,C6orf48,2.2967215910104226,1
MEF2D,COX4I1,0.0,1
E2F4,COX4I1,1.0864648286001077,1
SATB1,COX4I1,0.0,1
IRF1,COX4I1,0.0,1
ATF6,COX4I1,0.0,1
JUN,COX4I1,0.0,1
JUND,COX4I1,0.0,1
POU2F2,COX4I1,0.0,1
KLF3,COX4I1,0.0,1
BCL11A,COX4I1,0.0,1
MEF2D,ATP6V0E1,0.0,1
E2F4,ATP6V0E1,1.525887375594929,1
SATB1,ATP6V0E1,0.0,1
IRF1,ATP6V0E1,0.7469734334390721,1
ATF6,ATP6V0E1,1.2526625924843915,1
JUN,ATP6V0E1,0.0,1
JUND,ATP6V0E1,-1.094156729820742,1
POU2F2,ATP6V0E1,0.0,1
KLF3,ATP6V0E1,0.0,1
BCL11A,ATP6V0E1,0.0,1
MEF2D,SNRPE,0.0,1
E2F4,SNRPE,1.3625507495918259,1
SATB1,SNRPE,0.0,1
IRF1,SNRPE,0.0,1
ATF6,SNRPE,0.0,1
JUN,SNRPE,-0.7472251002356163,1
JUND,SNRPE,0.0,1
POU2F2,SNRPE,0.0,1
KLF3,SNRPE,0.0,1
BCL11A,SNRPE,1.393529836276534,1
MEF2D,PFDN5,0.0,1
E2F4,PFDN5,0.0,1
SATB1,PFDN5,0.0,1
IRF1,PFDN5,-0.8153248532708461,1
ATF6,PFDN5,-1.0046224702262183,1
JUN,PFDN5,0.0,1
JUND,PFDN5,0.0,1
POU2F2,PFDN5,0.8125600670222021,1
KLF3,PFDN5,-1.1422150966225015,1
BCL11A,PFDN5,0.8520601815367339,1
MEF2D,WHSC1,1.183692462392514,1
E2F4,WHSC1,0.0,1
SATB1,WHSC1,0.0,1
IRF1,WHSC1,0.0,1
ATF6,WHSC1,1.0368390642788792,1
JUN,WHSC1,0.0,1
JUND,WHSC1,-1.1633753976159236,1
POU2F2,WHSC1,0.0,1
KLF3,WHSC1,0.0,1
BCL11A,WHSC1,0.0,1
MEF2D,IGHV3-21,0.0,1
E2F4,IGHV3-21,0.0,1
SATB1,IGHV3-21,0.0,1
IRF1,IGHV3-21,0.0,1
ATF6,IGHV3-21,1.8364834631605056,1
JUN,IGHV3-21,0.0,1
JUND,IGHV3-21,0.0,1
POU2F2,IGHV3-21,0.0,1
KLF3,IGHV3-21,-1.3225161531441485,1
BCL11A,IGHV3-21,0.0,1
MEF2D,JTB,0.8085076350210052,1
E2F4,JTB,0.9647226374440337,1
SATB1,JTB,0.0,1
IRF1,JTB,0.0,1
ATF6,JTB,0.8068231595312457,1
JUN,JTB,0.0,1
JUND,JTB,-1.9577525421800783,1
POU2F2,JTB,0.7765143005099772,1
KLF3,JTB,0.0,1
BCL11A,JTB,0.0,1
MEF2D,ERP29,0.0,1
E2F4,ERP29,0.0,1
SATB1,ERP29,0.0,1
IRF1,ERP29,0.0,1
ATF6,ERP29,1.6433176208711613,1
JUN,ERP29,0.0,1
JUND,ERP29,-0.8956208814554147,1
POU2F2,ERP29,-0.9539476267061533,1
KLF3,ERP29,0.0,1
BCL11A,ERP29,0.8534520777452427,1
MEF2D,PSAP,-0.8308827754854676,1
E2F4,PSAP,0.995660318698186,1
SATB1,PSAP,0.0,1
IRF1,PSAP,0.0,1
ATF6,PSAP,0.0,1
JUN,PSAP,0.0,1
JUND,PSAP,0.7278714459569858,1
POU2F2,PSAP,0.0,1
KLF3,PSAP,0.0,1
BCL11A,PSAP,0.0,1
MEF2D,EIF3J,-1.0106527451419465,1
E2F4,EIF3J,0.9950217259626701,1
SATB1,EIF3J,0.0,1
IRF1,EIF3J,0.0,1
ATF6,EIF3J,0.0,1
JUN,EIF3J,0.0,1
JUND,EIF3J,1.2708291690548692,1
POU2F2,EIF3J,0.0,1
KLF3,EIF3J,1.1388095440322938,1
BCL11A,EIF3J,0.8038547307092796,1
MEF2D,KRTCAP2,0.8140030914230505,1
E2F4,KRTCAP2,0.0,1
SATB1,KRTCAP2,0.0,1
IRF1,KRTCAP2,-0.8196072316009901,1
ATF6,KRTCAP2,0.9508809203783235,1
JUN,KRTCAP2,-0.8868301422425549,1
JUND,KRTCAP2,0.0,1
POU2F2,KRTCAP2,-1.2475816863457831,1
KLF3,KRTCAP2,1.6179653006187011,1
BCL11A,KRTCAP2,0.0,1
MEF2D,SPCS2,-0.8924805082795747,1
E2F4,SPCS2,0.9575441775424067,1
SATB1,SPCS2,0.0,1
IRF1,SPCS2,-1.2570700745158832,1
ATF6,SPCS2,0.0,1
JUN,SPCS2,0.0,1
JUND,SPCS2,0.0,1
POU2F2,SPCS2,-0.777380923880587,1
KLF3,SPCS2,0.0,1
BCL11A,SPCS2,0.0,1
MEF2D,COX7B,0.8474011033104595,1
E2F4,COX7B,2.000509319708981,1
SATB1,COX7B,0.0,1
IRF1,COX7B,0.0,1
ATF6,COX7B,-0.8503917730747047,1
JUN,COX7B,0.0,1
JUND,COX7B,0.0,1
POU2F2,COX7B,0.0,1
KLF3,COX7B,1.4463859039642206,1
BCL11A,COX7B,1.1303855109170715,1
MEF2D,PSMB1,0.0,1
E2F4,PSMB1,1.2829432377349248,1
SATB1,PSMB1,0.8817523421937762,1
IRF1,PSMB1,0.0,1
ATF6,PSMB1,1.3086333330448674,1
JUN,PSMB1,0.0,1
JUND,PSMB1,0.0,1
POU2F2,PSMB1,-2.029760250554696,1
KLF3,PSMB1,0.0,1
BCL11A,PSMB1,-0.9949875577833277,1
MEF2D,BIRC3,0.0,1
E2F4,BIRC3,0.9045131133734612,1
SATB1,BIRC3,0.0,1
IRF1,BIRC3,-0.9478905837875236,1
ATF6,BIRC3,-2.916725440284727,1
JUN,BIRC3,0.0,1
JUND,BIRC3,0.0,1
POU2F2,BIRC3,1.3951770579769733,1
KLF3,BIRC3,0.9982448907618802,1
BCL11A,BIRC3,1.0845919077485635,1
MEF2D,TMED9,0.0,1
E2F4,TMED9,1.8138831901392214,1
SATB1,TMED9,0.0,1
IRF1,TMED9,0.0,1
ATF6,TMED9,2.8716510444132495,1
JUN,TMED9,0.0,1
JUND,TMED9,-0.748250461835019,1
POU2F2,TMED9,-2.1442265369317477,1
KLF3,TMED9,0.0,1
BCL11A,TMED9,-0.7857996859192444,1
MEF2D,MYL6,0.0,1
E2F4,MYL6,1.670825169013432,1
SATB1,MYL6,0.0,1
IRF1,MYL6,0.0,1
ATF6,MYL6,0.0,1
JUN,MYL6,0.0,1
JUND,MYL6,0.0,1
POU2F2,MYL6,-1.853408436549459,1
KLF3,MYL6,0.0,1
BCL11A,MYL6,0.0,1
MEF2D,ATOX1,1.1869717855673867,1
E2F4,ATOX1,0.8283841823679099,1
SATB1,ATOX1,0.0,1
IRF1,ATOX1,0.0,1
ATF6,ATOX1,0.0,1
JUN,ATOX1,0.0,1
JUND,ATOX1,0.0,1
POU2F2,ATOX1,0.0,1
KLF3,ATOX1,0.9694578368751011,1
BCL11A,ATOX1,0.0,1
MEF2D,CFLAR,0.7975978649207802,1
E2F4,CFLAR,0.0,1
SATB1,CFLAR,1.9018373238328923,1
IRF1,CFLAR,-1.0596739799967265,1
ATF6,CFLAR,0.8563516010558432,1
JUN,CFLAR,0.0,1
JUND,CFLAR,0.0,1
POU2F2,CFLAR,0.0,1
KLF3,CFLAR,1.4840624484852936,1
BCL11A,CFLAR,0.0,1
MEF2D,SSR2,0.0,1
E2F4,SSR2,1.3139526946257654,1
SATB1,SSR2,-1.055803783511087,1
IRF1,SSR2,0.0,1
ATF6,SSR2,0.0,1
JUN,SSR2,0.0,1
JUND,SSR2,-1.036301027223981,1
POU2F2,SSR2,0.0,1
KLF3,SSR2,0.0,1
BCL11A,SSR2,1.6815810722748932,1
MEF2D,ERGIC3,-1.2920159342550677,1
E2F4,ERGIC3,0.0,1
SATB1,ERGIC3,-1.002542987110741,1
IRF1,ERGIC3,0.9530390893529633,1
ATF6,ERGIC3,1.7733992086477377,1
JUN,ERGIC3,0.0,1
JUND,ERGIC3,-1.649689592542798,1
POU2F2,ERGIC3,-0.8637373307530642,1
KLF3,ERGIC3,0.0,1
BCL11A,ERGIC3,0.0,1
MEF2D,HSPE1,1.1391719683848167,1
E2F4,HSPE1,2.593825928752891,1
SATB1,HSPE1,-1.2030312772507032,1
IRF1,HSPE1,-1.3532227980952107,1
ATF6,HSPE1,0.0,1
JUN,HSPE1,0.0,1
JUND,HSPE1,0.0,1
POU2F2,HSPE1,0.0,1
KLF3,HSPE1,0.0,1
BCL11A,HSPE1,0.0,1
MEF2D,SDC1,0.0,1
E2F4,SDC1,0.0,1
SATB1,SDC1,0.0,1
IRF1,SDC1,0.7086880619098958,1
ATF6,SDC1,2.587920708849443,1
JUN,SDC1,0.0,1
JUND,SDC1,0.0,1
POU2F2,SDC1,0.0,1
KLF3,SDC1,0.7757048415911412,1
BCL11A,SDC1,0.0,1
MEF2D,GABPB1-AS1,0.0,1
E2F4,GABPB1-AS1,0.0,1
SATB1,GABPB1-AS1,1.4666763166384913,1
IRF1,GABPB1-AS1,2.49847696109596,1
ATF6,GABPB1-AS1,1.6066495933323102,1
JUN,GABPB1-AS1,0.0,1
JUND,GABPB1-AS1,0.0,1
POU2F2,GABPB1-AS1,0.0,1
KLF3,GABPB1-AS1,1.132159499294034,1
BCL11A,GABPB1-AS1,0.0,1
MEF2D,UBB,0.0,1
E2F4,UBB,0.911156295869924,1
SATB1,UBB,0.9788286790079979,1
IRF1,UBB,0.7727246060325841,1
ATF6,UBB,1.7939515698466968,1
JUN,UBB,0.0,1
JUND,UBB,0.9987358561711664,1
POU2F2,UBB,-0.8216829129830268,1
KLF3,UBB,0.0,1
BCL11A,UBB,-1.3039302210253276,1
MEF2D,TIMM13,0.0,1
E2F4,TIMM13,0.0,1
SATB1,TIMM13,0.0,1
IRF1,TIMM13,0.0,1
ATF6,TIMM13,1.1179538599883614,1
JUN,TIMM13,0.0,1
JUND,TIMM13,-0.7968171332345797,1
POU2F2,TIMM13,0.0,1
KLF3,TIMM13,0.9920351445701646,1
BCL11A,TIMM13,-0.990560543591746,1
MEF2D,LRPAP1,0.0,1
E2F4,LRPAP1,0.7757030529131883,1
SATB1,LRPAP1,0.0,1
IRF1,LRPAP1,0.0,1
ATF6,LRPAP1,0.0,1
JUN,LRPAP1,0.0,1
JUND,LRPAP1,0.0,1
POU2F2,LRPAP1,0.0,1
KLF3,LRPAP1,1.284571072169127,1
BCL11A,LRPAP1,1.1238125936424008,1
MEF2D,SNRPD1,0.0,1
E2F4,SNRPD1,0.7733031638308097,1
SATB1,SNRPD1,0.0,1
IRF1,SNRPD1,-0.725359445336495,1
ATF6,SNRPD1,0.0,1
JUN,SNRPD1,0.0,1
JUND,SNRPD1,0.0,1
POU2F2,SNRPD1,0.0,1
KLF3,SNRPD1,0.0,1
BCL11A,SNRPD1,0.0,1
MEF2D,CNBP,-0.854198396055837,1
E2F4,CNBP,1.3905211500926071,1
SATB1,CNBP,0.904621148695448,1
IRF1,CNBP,0.0,1
ATF6,CNBP,0.0,1
JUN,CNBP,0.0,1
JUND,CNBP,-0.8510471273076142,1
POU2F2,CNBP,1.4619990323113292,1
KLF3,CNBP,0.0,1
BCL11A,CNBP,1.6557959903542216,1
MEF2D,RNASEH2C,0.0,1
E2F4,RNASEH2C,0.0,1
SATB1,RNASEH2C,0.0,1
IRF1,RNASEH2C,0.0,1
ATF6,RNASEH2C,0.9705278611891526,1
JUN,RNASEH2C,0.0,1
JUND,RNASEH2C,0.0,1
POU2F2,RNASEH2C,0.8138875737777393,1
KLF3,RNASEH2C,0.0,1
BCL11A,RNASEH2C,0.0,1
MEF2D,IDS,2.3283696767896096,1
E2F4,IDS,0.0,1
SATB1,IDS,0.0,1
IRF1,IDS,0.0,1
ATF6,IDS,0.0,1
JUN,IDS,0.7438138785510521,1
JUND,IDS,0.0,1
POU2F2,IDS,2.0742113996689375,1
KLF3,IDS,0.0,1
BCL11A,IDS,0.0,1
MEF2D,SMDT1,0.0,1
E2F4,SMDT1,0.0,1
SATB1,SMDT1,0.0,1
IRF1,SMDT1,0.0,1
ATF6,SMDT1,-1.6953129496593837,1
JUN,SMDT1,0.0,1
JUND,SMDT1,0.0,1
POU2F2,SMDT1,0.0,1
KLF3,SMDT1,0.0,1
BCL11A,SMDT1,0.0,1
MEF2D,COMMD6,0.0,1
E2F4,COMMD6,0.0,1
SATB1,COMMD6,0.0,1
IRF1,COMMD6,-1.1445367927044956,1
ATF6,COMMD6,0.0,1
JUN,COMMD6,0.0,1
JUND,COMMD6,-1.0037151047963961,1
POU2F2,COMMD6,1.2937682523004617,1
KLF3,COMMD6,0.0,1
BCL11A,COMMD6,1.1364518372840826,1
MEF2D,NDUFB7,-0.7440842768970797,1
E2F4,NDUFB7,1.2323526049707665,1
SATB1,NDUFB7,0.0,1
IRF1,NDUFB7,0.0,1
ATF6,NDUFB7,1.375257482751237,1
JUN,NDUFB7,0.0,1
JUND,NDUFB7,0.0,1
POU2F2,NDUFB7,-1.2797638322055722,1
KLF3,NDUFB7,2.006635242552652,1
BCL11A,NDUFB7,0.0,1
MEF2D,RABAC1,0.0,1
E2F4,RABAC1,0.0,1
SATB1,RABAC1,0.0,1
IRF1,RABAC1,0.0,1
ATF6,RABAC1,1.6623827965393425,1
JUN,RABAC1,0.0,1
JUND,RABAC1,0.0,1
POU2F2,RABAC1,-1.0295888084356886,1
KLF3,RABAC1,0.0,1
BCL11A,RABAC1,-1.3628830183111809,1
MEF2D,S100A11,1.3145310324399575,1
E2F4,S100A11,0.828632683904736,1
SATB1,S100A11,0.0,1
IRF1,S100A11,-1.909361726097905,1
ATF6,S100A11,-1.1705325770892594,1
JUN,S100A11,0.0,1
JUND,S100A11,-1.4748837210079035,1
POU2F2,S100A11,0.0,1
KLF3,S100A11,1.0019618182975099,1
BCL11A,S100A11,-1.176330356106877,1
MEF2D,MT-ND4L,0.9464500319919947,1
E2F4,MT-ND4L,0.0,1
SATB1,MT-ND4L,0.0,1
IRF1,MT-ND4L,-1.061618305208822,1
ATF6,MT-ND4L,-1.372424546471008,1
JUN,MT-ND4L,0.0,1
JUND,MT-ND4L,1.9994824920934582,1
POU2F2,MT-ND4L,1.7113222143011384,1
KLF3,MT-ND4L,0.0,1
BCL11A,MT-ND4L,1.1090702828745869,1
MEF2D,GYPC,-1.1061010459465097,1
E2F4,GYPC,1.1466666663982812,1
SATB1,GYPC,0.0,1
IRF1,GYPC,-0.800940850767827,1
ATF6,GYPC,0.0,1
JUN,GYPC,0.0,1
JUND,GYPC,0.0,1
POU2F2,GYPC,0.0,1
KLF3,GYPC,-1.4448544799332916,1
BCL11A,GYPC,0.8705914181048949,1
MEF2D,APRT,-0.735490706922862,1
E2F4,APRT,0.8235827552287405,1
SATB1,APRT,0.0,1
IRF1,APRT,0.0,1
ATF6,APRT,0.8109642485068101,1
JUN,APRT,0.0,1
JUND,APRT,-1.0595724888694151,1
POU2F2,APRT,0.0,1
KLF3,APRT,0.0,1
BCL11A,APRT,0.0,1
MEF2D,ATP5G3,0.0,1
E2F4,ATP5G3,0.8299564260697609,1
SATB1,ATP5G3,0.0,1
IRF1,ATP5G3,0.0,1
ATF6,ATP5G3,1.161821299124683,1
JUN,ATP5G3,0.0,1
JUND,ATP5G3,-1.0923694051265747,1
POU2F2,ATP5G3,-1.856543581998137,1
KLF3,ATP5G3,0.0,1
BCL11A,ATP5G3,0.0,1
MEF2D,TAPBPL,-0.8228759241107899,1
E2F4,TAPBPL,0.8224465805135154,1
SATB1,TAPBPL,0.0,1
IRF1,TAPBPL,1.6509286736960032,1
ATF6,TAPBPL,2.5044617177765773,1
JUN,TAPBPL,0.0,1
JUND,TAPBPL,-1.0921394798690884,1
POU2F2,TAPBPL,-0.959347791873841,1
KLF3,TAPBPL,0.0,1
BCL11A,TAPBPL,0.0,1
MEF2D,COBLL1,0.0,1
E2F4,COBLL1,0.0,1
SATB1,COBLL1,0.0,1
IRF1,COBLL1,-0.7547618302740481,1
ATF6,COBLL1,-1.8083397739418121,1
JUN,COBLL1,0.0,1
JUND,COBLL1,0.0,1
POU2F2,COBLL1,1.0673115978425753,1
KLF3,COBLL1,0.0,1
BCL11A,COBLL1,0.0,1
MEF2D,NDUFS5,0.0,1
E2F4,NDUFS5,1.7407028197036494,1
SATB1,NDUFS5,0.0,1
IRF1,NDUFS5,0.0,1
ATF6,NDUFS5,0.9815353910974407,1
JUN,NDUFS5,0.0,1
JUND,NDUFS5,0.9011960753071357,1
POU2F2,NDUFS5,0.0,1
KLF3,NDUFS5,0.8739635828734428,1
BCL11A,NDUFS5,-0.9869720739256457,1
MEF2D,ATPIF1,1.1793546701272923,1
E2F4,ATPIF1,0.0,1
SATB1,ATPIF1,0.0,1
IRF1,ATPIF1,1.1154338150490144,1
ATF6,ATPIF1,0.8443786608624596,1
JUN,ATPIF1,0.0,1
JUND,ATPIF1,0.0,1
POU2F2,ATPIF1,0.0,1
KLF3,ATPIF1,0.8954890680924937,1
BCL11A,ATPIF1,0.0,1
MEF2D,RGS2,-0.7900600363391818,1
E2F4,RGS2,-1.0645140595051539,1
SATB1,RGS2,1.2159466698919177,1
IRF1,RGS2,0.0,1
ATF6,RGS2,-1.9337466305661701,1
JUN,RGS2,-0.8033570652516657,1
JUND,RGS2,-0.9423712186900747,1
POU2F2,RGS2,0.0,1
KLF3,RGS2,0.0,1
BCL11A,RGS2,-1.7642631087947538,1
MEF2D,ARPC2,0.0,1
E2F4,ARPC2,1.0334413688852069,1
SATB1,ARPC2,-1.0042276071445138,1
IRF1,ARPC2,0.0,1
ATF6,ARPC2,-1.1142686714311867,1
JUN,ARPC2,0.0,1
JUND,ARPC2,0.0,1
POU2F2,ARPC2,2.03162558198657,1
KLF3,ARPC2,0.0,1
BCL11A,ARPC2,0.0,1
MEF2D,SRSF5,-1.0912935825537862,1
E2F4,SRSF5,0.0,1
SATB1,SRSF5,0.0,1
IRF1,SRSF5,1.1006677426900302,1
ATF6,SRSF5,0.0,1
JUN,SRSF5,0.0,1
JUND,SRSF5,0.0,1
POU2F2,SRSF5,-1.7794816674219027,1
KLF3,SRSF5,0.0,1
BCL11A,SRSF5,0.0,1
MEF2D,IFI16,1.0550098322998904,1
E2F4,IFI16,0.0,1
SATB1,IFI16,0.0,1
IRF1,IFI16,0.0,1
ATF6,IFI16,0.8657094492293638,1
JUN,IFI16,0.0,1
JUND,IFI16,-0.9973921004686277,1
POU2F2,IFI16,1.9602485208191958,1
KLF3,IFI16,-1.54656288041526,1
BCL11A,IFI16,0.0,1
MEF2D,MYEOV2,0.0,1
E2F4,MYEOV2,0.0,1
SATB1,MYEOV2,0.0,1
IRF1,MYEOV2,0.7876082020523894,1
ATF6,MYEOV2,0.0,1
JUN,MYEOV2,0.0,1
JUND,MYEOV2,0.0,1
POU2F2,MYEOV2,0.0,1
KLF3,MYEOV2,0.0,1
BCL11A,MYEOV2,0.0,1
MEF2D,NDUFC2,0.0,1
E2F4,NDUFC2,1.0319047651392583,1
SATB1,NDUFC2,0.0,1
IRF1,NDUFC2,0.0,1
ATF6,NDUFC2,1.0357353468306356,1
JUN,NDUFC2,0.0,1
JUND,NDUFC2,0.0,1
POU2F2,NDUFC2,-1.8460257046496185,1
KLF3,NDUFC2,1.7061157752161709,1
BCL11A,NDUFC2,0.0,1
MEF2D,NSA2,-0.9814360677785036,1
E2F4,NSA2,0.8088965708046557,1
SATB1,NSA2,0.0,1
IRF1,NSA2,0.0,1
ATF6,NSA2,0.0,1
JUN,NSA2,0.0,1
JUND,NSA2,1.0192867285988403,1
POU2F2,NSA2,1.1320332047630155,1
KLF3,NSA2,0.0,1
BCL11A,NSA2,0.0,1
MEF2D,MRPL20,0.0,1
E2F4,MRPL20,1.380172048961405,1
SATB1,MRPL20,0.0,1
IRF1,MRPL20,1.2783100963277834,1
ATF6,MRPL20,0.0,1
JUN,MRPL20,0.0,1
JUND,MRPL20,-1.0053219157728872,1
POU2F2,MRPL20,0.0,1
KLF3,MRPL20,0.0,1
BCL11A,MRPL20,0.0,1
MEF2D,PNRC1,0.0,1
E2F4,PNRC1,0.9165222411462606,1
SATB1,PNRC1,0.0,1
IRF1,PNRC1,0.0,1
ATF6,PNRC1,2.180081134116631,1
JUN,PNRC1,0.0,1
JUND,PNRC1,0.0,1
POU2F2,PNRC1,-0.9944819172303794,1
KLF3,PNRC1,0.0,1
BCL11A,PNRC1,0.0,1
MEF2D,TRIB1,0.0,1
E2F4,TRIB1,0.0,1
SATB1,TRIB1,0.0,1
IRF1,TRIB1,1.1913560680080522,1
ATF6,TRIB1,2.7341860780123937,1
JUN,TRIB1,0.0,1
JUND,TRIB1,0.8149752751328623,1
POU2F2,TRIB1,-1.544671920154722,1
KLF3,TRIB1,0.0,1
BCL11A,TRIB1,0.0,1
MEF2D,GLCCI1,0.0,1
E2F4,GLCCI1,0.0,1
SATB1,GLCCI1,-0.887804348660509,1
IRF1,GLCCI1,1.6175624489641005,1
ATF6,GLCCI1,1.6603538727376155,1
JUN,GLCCI1,0.0,1
JUND,GLCCI1,0.8138320050241395,1
POU2F2,GLCCI1,0.0,1
KLF3,GLCCI1,0.0,1
BCL11A,GLCCI1,0.0,1
MEF2D,ATP5A1,-1.896724625179874,1
E2F4,ATP5A1,0.0,1
SATB1,ATP5A1,0.0,1
IRF1,ATP5A1,0.0,1
ATF6,ATP5A1,1.1881066812573964,1
JUN,ATP5A1,0.0,1
JUND,ATP5A1,-1.0437831606353862,1
POU2F2,ATP5A1,0.0,1
KLF3,ATP5A1,0.0,1
BCL11A,ATP5A1,0.0,1
MEF2D,TOMM5,0.0,1
E2F4,TOMM5,0.0,1
SATB1,TOMM5,0.0,1
IRF1,TOMM5,0.0,1
ATF6,TOMM5,0.0,1
JUN,TOMM5,0.0,1
JUND,TOMM5,0.0,1
POU2F2,TOMM5,0.0,1
KLF3,TOMM5,0.0,1
BCL11A,TOMM5,0.8597334926409265,1
MEF2D,PPP1R15A,0.0,1
E2F4,PPP1R15A,1.0655776766287723,1
SATB1,PPP1R15A,-1.055823344311406,1
IRF1,PPP1R15A,1.8422403158117102,1
ATF6,PPP1R15A,0.0,1
JUN,PPP1R15A,0.0,1
JUND,PPP1R15A,0.0,1
POU2F2,PPP1R15A,0.0,1
KLF3,PPP1R15A,0.0,1
BCL11A,PPP1R15A,1.2600524658731527,1
MEF2D,HBA2,0.0,1
E2F4,HBA2,0.0,1
SATB1,HBA2,-0.6984715677275105,1
IRF1,HBA2,-1.2761205690023822,1
ATF6,HBA2,0.0,1
JUN,HBA2,0.0,1
JUND,HBA2,0.0,1
POU2F2,HBA2,0.0,1
KLF3,HBA2,0.0,1
BCL11A,HBA2,-1.3362671752472013,1
MEF2D,ILF3-AS1,-1.0250551881406396,1
E2F4,ILF3-AS1,0.0,1
SATB1,ILF3-AS1,1.1593981945418854,1
IRF1,ILF3-AS1,0.8274599135824513,1
ATF6,ILF3-AS1,-0.9120868654324157,1
JUN,ILF3-AS1,0.0,1
JUND,ILF3-AS1,0.0,1
POU2F2,ILF3-AS1,0.0,1
KLF3,ILF3-AS1,0.0,1
BCL11A,ILF3-AS1,0.0,1
MEF2D,C1orf132,0.0,1
E2F4,C1orf132,-0.858210326434298,1
SATB1,C1orf132,0.9219237437422173,1
IRF1,C1orf132,0.0,1
ATF6,C1orf132,0.8895509796385337,1
JUN,C1orf132,0.0,1
JUND,C1orf132,-1.0377295562942375,1
POU2F2,C1orf132,0.0,1
KLF3,C1orf132,0.0,1
BCL11A,C1orf132,0.0,1
MEF2D,TMEM205,0.0,1
E2F4,TMEM205,0.8961823431424003,1
SATB1,TMEM205,0.0,1
IRF1,TMEM205,0.8176164251547886,1
ATF6,TMEM205,2.9362793889976984,1
JUN,TMEM205,0.0,1
JUND,TMEM205,0.0,1
POU2F2,TMEM205,-2.4176594188768687,1
KLF3,TMEM205,0.0,1
BCL11A,TMEM205,0.0,1
MEF2D,CAST,0.0,1
E2F4,CAST,0.0,1
SATB1,CAST,0.9227020991970306,1
IRF1,CAST,1.0095884523622936,1
ATF6,CAST,0.0,1
JUN,CAST,0.0,1
JUND,CAST,-0.8330140787990816,1
POU2F2,CAST,1.5915687483756664,1
KLF3,CAST,1.2786573882188779,1
BCL11A,CAST,-0.7968959252106164,1
MEF2D,ARF4,0.0,1
E2F4,ARF4,1.1839941516354835,1
SATB1,ARF4,0.0,1
IRF1,ARF4,0.0,1
ATF6,ARF4,1.6004002949673624,1
JUN,ARF4,0.0,1
JUND,ARF4,-0.9675199394921061,1
POU2F2,ARF4,-1.9238387835023492,1
KLF3,ARF4,0.0,1
BCL11A,ARF4,-2.5995134254698904,1
MEF2D,UFM1,0.0,1
E2F4,UFM1,0.9584638921370742,1
SATB1,UFM1,-1.2852558962866831,1
IRF1,UFM1,-0.7189402712800237,1
ATF6,UFM1,0.0,1
JUN,UFM1,0.0,1
JUND,UFM1,0.0,1
POU2F2,UFM1,-1.6453865639740572,1
KLF3,UFM1,0.0,1
BCL11A,UFM1,0.0,1
MEF2D,SEC61A1,0.0,1
E2F4,SEC61A1,0.7896697448290281,1
SATB1,SEC61A1,0.0,1
IRF1,SEC61A1,0.0,1
ATF6,SEC61A1,1.0158483026721352,1
JUN,SEC61A1,0.0,1
JUND,SEC61A1,0.0,1
POU2F2,SEC61A1,0.0,1
KLF3,SEC61A1,0.0,1
BCL11A,SEC61A1,0.0,1
MEF2D,LSR,0.0,1
E2F4,LSR,0.0,1
SATB1,LSR,-1.381596748337524,1
IRF1,LSR,0.9821773663085784,1
ATF6,LSR,1.5202477620635815,1
JUN,LSR,0.0,1
JUND,LSR,0.0,1
POU2F2,LSR,0.0,1
KLF3,LSR,0.9895929272283303,1
BCL11A,LSR,0.8896988470427608,1
MEF2D,MLLT3,0.0,1
E2F4,MLLT3,0.0,1
SATB1,MLLT3,0.0,1
IRF1,MLLT3,0.0,1
ATF6,MLLT3,-1.6179447748513653,1
JUN,MLLT3,0.0,1
JUND,MLLT3,1.4114981157251862,1
POU2F2,MLLT3,0.0,1
KLF3,MLLT3,1.000384638989022,1
BCL11A,MLLT3,2.696054604088542,1
MEF2D,RBM3,0.0,1
E2F4,RBM3,0.0,1
SATB1,RBM3,0.0,1
IRF1,RBM3,0.0,1
ATF6,RBM3,0.8204485613617073,1
JUN,RBM3,0.0,1
JUND,RBM3,-0.9645670831800858,1
POU2F2,RBM3,0.0,1
KLF3,RBM3,0.0,1
BCL11A,RBM3,0.0,1
MEF2D,TYMP,0.0,1
E2F4,TYMP,0.0,1
SATB1,TYMP,1.2458452695796864,1
IRF1,TYMP,0.0,1
ATF6,TYMP,-1.1988747971984968,1
JUN,TYMP,0.0,1
JUND,TYMP,-1.0314661200878126,1
POU2F2,TYMP,0.0,1
KLF3,TYMP,0.0,1
BCL11A,TYMP,0.0,1
MEF2D,DUT,0.0,1
E2F4,DUT,0.9465737411657934,1
SATB1,DUT,-0.7176297420557288,1
IRF1,DUT,0.7445213247071459,1
ATF6,DUT,1.0546435561821976,1
JUN,DUT,0.0,1
JUND,DUT,0.0,1
POU2F2,DUT,0.0,1
KLF3,DUT,0.0,1
BCL11A,DUT,0.0,1
MEF2D,LSM3,0.0,1
E2F4,LSM3,2.1247710567075666,1
SATB1,LSM3,-0.7999980874359859,1
IRF1,LSM3,0.7612357787612558,1
ATF6,LSM3,0.0,1
JUN,LSM3,0.0,1
JUND,LSM3,0.0,1
POU2F2,LSM3,0.0,1
KLF3,LSM3,0.0,1
BCL11A,LSM3,0.0,1
MEF2D,GLO1,0.0,1
E2F4,GLO1,1.0531064747065164,1
SATB1,GLO1,0.0,1
IRF1,GLO1,0.0,1
ATF6,GLO1,0.0,1
JUN,GLO1,0.0,1
JUND,GLO1,0.0,1
POU2F2,GLO1,-2.417205059930179,1
KLF3,GLO1,1.572701626471441,1
BCL11A,GLO1,0.0,1
MEF2D,SURF4,0.0,1
E2F4,SURF4,1.0212878815536477,1
SATB1,SURF4,0.0,1
IRF1,SURF4,0.0,1
ATF6,SURF4,0.9581810359406078,1
JUN,SURF4,0.0,1
JUND,SURF4,1.6140595797282815,1
POU2F2,SURF4,0.0,1
KLF3,SURF4,1.6003076802338727,1
BCL11A,SURF4,0.0,1
MEF2D,SRPRB,0.0,1
E2F4,SRPRB,1.0134315238654512,1
SATB1,SRPRB,0.0,1
IRF1,SRPRB,0.0,1
ATF6,SRPRB,3.5300210466869877,1
JUN,SRPRB,0.0,1
JUND,SRPRB,0.0,1
POU2F2,SRPRB,-1.7033793893415312,1
KLF3,SRPRB,0.0,1
BCL11A,SRPRB,0.0,1
MEF2D,VPS37B,0.0,1
E2F4,VPS37B,0.0,1
SATB1,VPS37B,0.9042970720397026,1
IRF1,VPS37B,0.0,1
ATF6,VPS37B,0.0,1
JUN,VPS37B,0.0,1
JUND,VPS37B,0.0,1
POU2F2,VPS37B,0.0,1
KLF3,VPS37B,0.0,1
BCL11A,VPS37B,1.1705228463507642,1
MEF2D,ARF6,1.2723987363711242,1
E2F4,ARF6,0.0,1
SATB1,ARF6,0.8806406269685767,1
IRF1,ARF6,0.0,1
ATF6,ARF6,-1.209065731699945,1
JUN,ARF6,0.0,1
JUND,ARF6,0.0,1
POU2F2,ARF6,1.3510197349576107,1
KLF3,ARF6,0.0,1
BCL11A,ARF6,0.0,1
MEF2D,S100A9,0.0,1
E2F4,S100A9,0.0,1
SATB1,S100A9,0.0,1
IRF1,S100A9,0.0,1
ATF6,S100A9,0.0,1
JUN,S100A9,0.0,1
JUND,S100A9,-0.8678883023452179,1
POU2F2,S100A9,-0.8201241970576538,1
KLF3,S100A9,0.0,1
BCL11A,S100A9,-1.655429407088381,1
MEF2D,WIPI1,-1.8144895309164477,1
E2F4,WIPI1,1.2701593306281607,1
SATB1,WIPI1,-0.8489676046134123,1
IRF1,WIPI1,1.3556703573616458,1
ATF6,WIPI1,0.0,1
JUN,WIPI1,0.0,1
JUND,WIPI1,-1.2698765324213055,1
POU2F2,WIPI1,-2.60608074879233,1
KLF3,WIPI1,0.0,1
BCL11A,WIPI1,-0.876495133125561,1
MEF2D,C11orf1,-1.0127328493428496,1
E2F4,C11orf1,0.0,1
SATB1,C11orf1,-0.7904776049182508,1
IRF1,C11orf1,0.0,1
ATF6,C11orf1,0.0,1
JUN,C11orf1,0.0,1
JUND,C11orf1,-1.6454164467904708,1
POU2F2,C11orf1,0.0,1
KLF3,C11orf1,0.0,1
BCL11A,C11orf1,1.2535732068185164,1
MEF2D,METTL7A,0.0,1
E2F4,METTL7A,0.0,1
SATB1,METTL7A,0.775550672472619,1
IRF1,METTL7A,-1.6033785905485034,1
ATF6,METTL7A,-0.8307321875409192,1
JUN,METTL7A,0.0,1
JUND,METTL7A,1.4465160351465507,1
POU2F2,METTL7A,2.0390707394775824,1
KLF3,METTL7A,1.269754795623703,1
BCL11A,METTL7A,2.0700253536912347,1
MEF2D,TAF1D,0.8048587056237039,1
E2F4,TAF1D,0.0,1
SATB1,TAF1D,0.0,1
IRF1,TAF1D,-1.5090389044502637,1
ATF6,TAF1D,-0.9739845707226559,1
JUN,TAF1D,0.0,1
JUND,TAF1D,0.0,1
POU2F2,TAF1D,2.107990620535738,1
KLF3,TAF1D,-1.0697553551124708,1
BCL11A,TAF1D,0.0,1
MEF2D,KMT2E,-1.2295475750845164,1
E2F4,KMT2E,0.0,1
SATB1,KMT2E,0.0,1
IRF1,KMT2E,1.6674029623325821,1
ATF6,KMT2E,-1.4097791489481808,1
JUN,KMT2E,0.0,1
JUND,KMT2E,0.0,1
POU2F2,KMT2E,0.0,1
KLF3,KMT2E,0.0,1
BCL11A,KMT2E,1.6525336658067231,1
MEF2D,ROMO1,0.0,1
E2F4,ROMO1,1.6280572634027233,1
SATB1,ROMO1,0.0,1
IRF1,ROMO1,0.0,1
ATF6,ROMO1,0.8922945935490116,1
JUN,ROMO1,0.0,1
JUND,ROMO1,0.0,1
POU2F2,ROMO1,-1.4146975728267686,1
KLF3,ROMO1,1.0677903951331515,1
BCL11A,ROMO1,0.0,1
MEF2D,HSP90AA1,-1.0072404547290887,1
E2F4,HSP90AA1,0.9474587364277353,1
SATB1,HSP90AA1,0.0,1
IRF1,HSP90AA1,0.8985813130319639,1
ATF6,HSP90AA1,1.1414940889635732,1
JUN,HSP90AA1,0.0,1
JUND,HSP90AA1,1.1387973104965528,1
POU2F2,HSP90AA1,-0.9295780407280724,1
KLF3,HSP90AA1,0.0,1
BCL11A,HSP90AA1,-0.9779356257847395,1
MEF2D,RBM39,0.0,1
E2F4,RBM39,0.0,1
SATB1,RBM39,0.0,1
IRF1,RBM39,0.8311233853360797,1
ATF6,RBM39,0.0,1
JUN,RBM39,0.0,1
JUND,RBM39,0.0,1
POU2F2,RBM39,0.0,1
KLF3,RBM39,0.9088844872795524,1
BCL11A,RBM39,0.0,1
MEF2D,GABARAPL2,0.0,1
E2F4,GABARAPL2,0.0,1
SATB1,GABARAPL2,0.0,1
IRF1,GABARAPL2,0.0,1
ATF6,GABARAPL2,0.0,1
JUN,GABARAPL2,0.0,1
JUND,GABARAPL2,0.0,1
POU2F2,GABARAPL2,0.0,1
KLF3,GABARAPL2,0.0,1
BCL11A,GABARAPL2,0.0,1
MEF2D,GPAA1,0.0,1
E2F4,GPAA1,0.0,1
SATB1,GPAA1,0.9479038747243336,1
IRF1,GPAA1,0.8115393790999496,1
ATF6,GPAA1,1.646017350070355,1
JUN,GPAA1,0.0,1
JUND,GPAA1,0.8263696586951227,1
POU2F2,GPAA1,0.0,1
KLF3,GPAA1,1.2260258490456444,1
BCL11A,GPAA1,0.0,1
MEF2D,MZT2A,0.0,1
E2F4,MZT2A,-0.7567292026931771,1
SATB1,MZT2A,0.0,1
IRF1,MZT2A,0.0,1
ATF6,MZT2A,2.1697897076587807,1
JUN,MZT2A,0.0,1
JUND,MZT2A,0.0,1
POU2F2,MZT2A,0.0,1
KLF3,MZT2A,0.0,1
BCL11A,MZT2A,-1.1501223284570168,1
MEF2D,DPEP1,0.0,1
E2F4,DPEP1,1.0211302414130432,1
SATB1,DPEP1,0.0,1
IRF1,DPEP1,1.0424936627797934,1
ATF6,DPEP1,0.0,1
JUN,DPEP1,0.0,1
JUND,DPEP1,0.0,1
POU2F2,DPEP1,0.0,1
KLF3,DPEP1,0.0,1
BCL11A,DPEP1,-1.6046970854007858,1
MEF2D,SFT2D1,0.0,1
E2F4,SFT2D1,1.273930479294254,1
SATB1,SFT2D1,0.0,1
IRF1,SFT2D1,0.0,1
ATF6,SFT2D1,0.0,1
JUN,SFT2D1,0.0,1
JUND,SFT2D1,0.0,1
POU2F2,SFT2D1,-1.2360114965920164,1
KLF3,SFT2D1,1.0528811687350375,1
BCL11A,SFT2D1,-0.899770837014049,1
MEF2D,LAMTOR2,0.0,1
E2F4,LAMTOR2,0.0,1
SATB1,LAMTOR2,0.0,1
IRF1,LAMTOR2,0.0,1
ATF6,LAMTOR2,2.0847184924640016,1
JUN,LAMTOR2,0.0,1
JUND,LAMTOR2,-0.8446573766744058,1
POU2F2,LAMTOR2,0.0,1
KLF3,LAMTOR2,1.115690724368518,1
BCL11A,LAMTOR2,0.0,1
MEF2D,ATP6V1F,0.0,1
E2F4,ATP6V1F,1.004819820845296,1
SATB1,ATP6V1F,0.0,1
IRF1,ATP6V1F,0.0,1
ATF6,ATP6V1F,0.818806702017938,1
JUN,ATP6V1F,0.0,1
JUND,ATP6V1F,-1.1385426054227743,1
POU2F2,ATP6V1F,1.5701849404163488,1
KLF3,ATP6V1F,1.2180503643865577,1
BCL11A,ATP6V1F,1.082761469049065,1
MEF2D,STOML2,-1.0604713113696793,1
E2F4,STOML2,0.0,1
SATB1,STOML2,0.0,1
IRF1,STOML2,0.0,1
ATF6,STOML2,0.0,1
JUN,STOML2,0.0,1
JUND,STOML2,0.0,1
POU2F2,STOML2,0.0,1
KLF3,STOML2,0.0,1
BCL11A,STOML2,0.0,1
MEF2D,TOMM22,-1.1051373306834529,1
E2F4,TOMM22,1.5760587302214233,1
SATB1,TOMM22,-1.24126289403823,1
IRF1,TOMM22,0.0,1
ATF6,TOMM22,0.0,1
JUN,TOMM22,0.0,1
JUND,TOMM22,0.0,1
POU2F2,TOMM22,0.0,1
KLF3,TOMM22,0.0,1
BCL11A,TOMM22,2.6068309822886473,1
MEF2D,NDUFA7,0.0,1
E2F4,NDUFA7,0.0,1
SATB1,NDUFA7,0.0,1
IRF1,NDUFA7,-0.8220250188174394,1
ATF6,NDUFA7,0.0,1
JUN,NDUFA7,0.0,1
JUND,NDUFA7,1.3112933308401873,1
POU2F2,NDUFA7,0.0,1
KLF3,NDUFA7,2.241118813069942,1
BCL11A,NDUFA7,0.0,1
MEF2D,ST6GALNAC4,-1.3285989563090705,1
E2F4,ST6GALNAC4,0.0,1
SATB1,ST6GALNAC4,-1.0161644407450785,1
IRF1,ST6GALNAC4,0.9932523344844045,1
ATF6,ST6GALNAC4,0.0,1
JUN,ST6GALNAC4,0.0,1
JUND,ST6GALNAC4,0.0,1
POU2F2,ST6GALNAC4,-1.1480267590346112,1
KLF3,ST6GALNAC4,0.7094523182280924,1
BCL11A,ST6GALNAC4,-1.5698439927424108,1
MEF2D,TMEM107,0.0,1
E2F4,TMEM107,0.0,1
SATB1,TMEM107,0.0,1
IRF1,TMEM107,2.092537023251953,1
ATF6,TMEM107,0.0,1
JUN,TMEM107,0.0,1
JUND,TMEM107,1.5464823580814444,1
POU2F2,TMEM107,0.0,1
KLF3,TMEM107,0.0,1
BCL11A,TMEM107,-0.9400699076798719,1
MEF2D,PSMD4,0.0,1
E2F4,PSMD4,0.0,1
SATB1,PSMD4,1.2938622103187216,1
IRF1,PSMD4,0.0,1
ATF6,PSMD4,1.8824261278654775,1
JUN,PSMD4,0.0,1
JUND,PSMD4,0.0,1
POU2F2,PSMD4,0.0,1
KLF3,PSMD4,0.0,1
BCL11A,PSMD4,0.0,1
MEF2D,SQSTM1,0.0,1
E2F4,SQSTM1,1.2723709700370478,1
SATB1,SQSTM1,0.0,1
IRF1,SQSTM1,0.9958257540347509,1
ATF6,SQSTM1,2.040879995400115,1
JUN,SQSTM1,0.0,1
JUND,SQSTM1,0.0,1
POU2F2,SQSTM1,-1.030121838655365,1
KLF3,SQSTM1,0.0,1
BCL11A,SQSTM1,0.0,1
MEF2D,YIPF2,0.0,1
E2F4,YIPF2,0.0,1
SATB1,YIPF2,-1.7190915053406512,1
IRF1,YIPF2,1.4707589653749338,1
ATF6,YIPF2,1.2297218967353016,1
JUN,YIPF2,0.0,1
JUND,YIPF2,0.0,1
POU2F2,YIPF2,0.0,1
KLF3,YIPF2,0.0,1
BCL11A,YIPF2,-1.3091508310185902,1
MEF2D,MRPL24,0.0,1
E2F4,MRPL24,0.9312166275907073,1
SATB1,MRPL24,0.0,1
IRF1,MRPL24,1.4715331732296284,1
ATF6,MRPL24,1.767894210445111,1
JUN,MRPL24,-0.8044644966216649,1
JUND,MRPL24,0.0,1
POU2F2,MRPL24,0.0,1
KLF3,MRPL24,0.8684816760133965,1
BCL11A,MRPL24,0.0,1
MEF2D,ST13,0.0,1
E2F4,ST13,0.0,1
SATB1,ST13,-1.0240659059775432,1
IRF1,ST13,-1.3733418121081822,1
ATF6,ST13,-0.8488448111521533,1
JUN,ST13,0.0,1
JUND,ST13,0.0,1
POU2F2,ST13,2.257973050699053,1
KLF3,ST13,-0.7555604769977164,1
BCL11A,ST13,2.6261391495185777,1
MEF2D,H2AFV,0.9282560764489045,1
E2F4,H2AFV,0.8645452833399954,1
SATB1,H2AFV,0.0,1
IRF1,H2AFV,0.0,1
ATF6,H2AFV,1.355367498925738,1
JUN,H2AFV,0.0,1
JUND,H2AFV,-1.4704089414833243,1
POU2F2,H2AFV,0.0,1
KLF3,H2AFV,1.0754676538446697,1
BCL11A,H2AFV,-1.1424208504958089,1
MEF2D,PPP1R2,-0.9943673480789225,1
E2F4,PPP1R2,0.0,1
SATB1,PPP1R2,-1.431271063632832,1
IRF1,PPP1R2,0.0,1
ATF6,PPP1R2,-1.4868020311791292,1
JUN,PPP1R2,0.0,1
JUND,PPP1R2,0.0,1
POU2F2,PPP1R2,0.9277777175397454,1
KLF3,PPP1R2,0.0,1
BCL11A,PPP1R2,-2.3896922143429284,1
MEF2D,ST6GAL1,0.0,1
E2F4,ST6GAL1,1.2353121653740187,1
SATB1,ST6GAL1,0.0,1
IRF1,ST6GAL1,-1.4988844486183597,1
ATF6,ST6GAL1,-1.1027486151307937,1
JUN,ST6GAL1,0.0,1
JUND,ST6GAL1,1.887935279982167,1
POU2F2,ST6GAL1,1.3167030559735702,1
KLF3,ST6GAL1,0.0,1
BCL11A,ST6GAL1,1.8103520563808653,1
MEF2D,C12orf45,0.0,1
E2F4,C12orf45,-0.7697269924132503,1
SATB1,C12orf45,0.0,1
IRF1,C12orf45,0.0,1
ATF6,C12orf45,0.9640847651267924,1
JUN,C12orf45,0.0,1
JUND,C12orf45,-1.433894286796099,1
POU2F2,C12orf45,-1.1142762824809984,1
KLF3,C12orf45,-1.1410165046228742,1
BCL11A,C12orf45,-1.079221952723076,1
MEF2D,UCHL1,0.0,1
E2F4,UCHL1,0.0,1
SATB1,UCHL1,2.1538445234172,1
IRF1,UCHL1,0.0,1
ATF6,UCHL1,1.728323383392641,1
JUN,UCHL1,0.0,1
JUND,UCHL1,0.0,1
POU2F2,UCHL1,0.0,1
KLF3,UCHL1,0.9660190729625059,1
BCL11A,UCHL1,-2.2301758623888164,1
MEF2D,RPLP1,0.0,2
E2F4,RPLP1,0.0,2
SATB1,RPLP1,-1.5363074719100809,2
IRF1,RPLP1,-1.1604893602239992,2
ATF6,RPLP1,-1.8698725198241997,2
JUN,RPLP1,0.0,2
JUND,RPLP1,0.0,2
POU2F2,RPLP1,0.0,2
KLF3,RPLP1,0.0,2
BCL11A,RPLP1,0.8610842553733907,2
MEF2D,RPL36,0.0,2
E2F4,RPL36,0.0,2
SATB1,RPL36,-1.0207489508765226,2
IRF1,RPL36,-1.0453553941346247,2
ATF6,RPL36,-1.279942339825904,2
JUN,RPL36,0.0,2
JUND,RPL36,0.0,2
POU2F2,RPL36,0.0,2
KLF3,RPL36,0.0,2
BCL11A,RPL36,0.0,2
MEF2D,RPL39,0.7876861030268939,2
E2F4,RPL39,-1.008150496874126,2
SATB1,RPL39,-0.9730433600855803,2
IRF1,RPL39,0.0,2
ATF6,RPL39,-1.0456959325937862,2
JUN,RPL39,0.0,2
JUND,RPL39,0.0,2
POU2F2,RPL39,0.0,2
KLF3,RPL39,0.0,2
BCL11A,RPL39,0.0,2
MEF2D,IGHM,0.0,2
E2F4,IGHM,0.0,2
SATB1,IGHM,-1.07831638045905,2
IRF1,IGHM,1.7251511831826656,2
ATF6,IGHM,0.0,2
JUN,IGHM,0.0,2
JUND,IGHM,0.0,2
POU2F2,IGHM,0.0,2
KLF3,IGHM,0.0,2
BCL11A,IGHM,0.0,2
MEF2D,EEF1A1,-1.0652742767773706,2
E2F4,EEF1A1,0.0,2
SATB1,EEF1A1,0.0,2
IRF1,EEF1A1,-2.2136674794913485,2
ATF6,EEF1A1,-1.1301693965177433,2
JUN,EEF1A1,0.0,2
JUND,EEF1A1,0.0,2
POU2F2,EEF1A1,0.0,2
KLF3,EEF1A1,0.0,2
BCL11A,EEF1A1,0.840465651440045,2
MEF2D,RPS8,0.0,2
E2F4,RPS8,0.0,2
SATB1,RPS8,-0.8047002506636726,2
IRF1,RPS8,-1.0566032992575547,2
ATF6,RPS8,-1.3430929346272038,2
JUN,RPS8,0.0,2
JUND,RPS8,0.0,2
POU2F2,RPS8,0.0,2
KLF3,RPS8,1.3888192304081237,2
BCL11A,RPS8,1.225956135127164,2
MEF2D,RPS3A,0.0,2
E2F4,RPS3A,-1.1060650638528255,2
SATB1,RPS3A,0.0,2
IRF1,RPS3A,-1.1304421938310132,2
ATF6,RPS3A,-1.5966910663815603,2
JUN,RPS3A,0.0,2
JUND,RPS3A,0.0,2
POU2F2,RPS3A,0.0,2
KLF3,RPS3A,1.807898970991286,2
BCL11A,RPS3A,1.320962283665389,2
MEF2D,MTDH,0.0,2
E2F4,MTDH,0.8186897384093886,2
SATB1,MTDH,0.0,2
IRF1,MTDH,-0.997189871752062,2
ATF6,MTDH,2.2863807262714926,2
JUN,MTDH,0.0,2
JUND,MTDH,0.0,2
POU2F2,MTDH,-1.216168117467546,2
KLF3,MTDH,0.0,2
BCL11A,MTDH,1.0011358874453211,2
MEF2D,UBA52,0.0,2
E2F4,UBA52,0.0,2
SATB1,UBA52,-0.7379657203335949,2
IRF1,UBA52,-1.0289081867812224,2
ATF6,UBA52,-1.039858669510077,2
JUN,UBA52,0.0,2
JUND,UBA52,0.0,2
POU2F2,UBA52,-0.964241533551486,2
KLF3,UBA52,1.123497763914937,2
BCL11A,UBA52,1.111342793991985,2
MEF2D,IGHV3-20,0.0,2
E2F4,IGHV3-20,-1.30955854786293,2
SATB1,IGHV3-20,0.0,2
IRF1,IGHV3-20,0.0,2
ATF6,IGHV3-20,0.0,2
JUN,IGHV3-20,0.0,2
JUND,IGHV3-20,0.0,2
POU2F2,IGHV3-20,0.0,2
KLF3,IGHV3-20,1.4745008605185657,2
BCL11A,IGHV3-20,0.0,2
MEF2D,MT-ND2,1.7361834581399676,2
E2F4,MT-ND2,0.7080534583333098,2
SATB1,MT-ND2,0.0,2
IRF1,MT-ND2,0.0,2
ATF6,MT-ND2,1.7416273038966317,2
JUN,MT-ND2,0.0,2
JUND,MT-ND2,2.0424311859373288,2
POU2F2,MT-ND2,-1.0606952707084527,2
KLF3,MT-ND2,0.0,2
BCL11A,MT-ND2,0.0,2
MEF2D,RPL31,0.0,2
E2F4,RPL31,0.0,2
SATB1,RPL31,-0.9334881964033988,2
IRF1,RPL31,-1.6095780950318948,2
ATF6,RPL31,-1.309248777326603,2
JUN,RPL31,0.0,2
JUND,RPL31,0.0,2
POU2F2,RPL31,0.0,2
KLF3,RPL31,1.1475100239216873,2
BCL11A,RPL31,1.2710503622096139,2
MEF2D,RPL37A,0.0,2
E2F4,RPL37A,0.0,2
SATB1,RPL37A,-0.9623365006430036,2
IRF1,RPL37A,-0.9033118123601258,2
ATF6,RPL37A,-0.9483428530851398,2
JUN,RPL37A,0.0,2
JUND,RPL37A,0.0,2
POU2F2,RPL37A,0.0,2
KLF3,RPL37A,0.8856890310282935,2
BCL11A,RPL37A,1.010615155530829,2
MEF2D,RPS26,1.0517613614827555,2
E2F4,RPS26,0.0,2
SATB1,RPS26,0.0,2
IRF1,RPS26,0.0,2
ATF6,RPS26,0.0,2
JUN,RPS26,0.0,2
JUND,RPS26,0.0,2
POU2F2,RPS26,0.0,2
KLF3,RPS26,0.0,2
BCL11A,RPS26,1.0780493281052796,2
MEF2D,CD74,0.0,2
E2F4,CD74,0.0,2
SATB1,CD74,0.0,2
IRF1,CD74,-1.3317963109951265,2
ATF6,CD74,1.5494275602546939,2
JUN,CD74,0.0,2
JUND,CD74,0.0,2
POU2F2,CD74,0.0,2
KLF3,CD74,-1.632024419985484,2
BCL11A,CD74,1.2208189535491232,2
MEF2D,IGHV3-43,0.0,2
E2F4,IGHV3-43,-1.2998094343746553,2
SATB1,IGHV3-43,0.0,2
IRF1,IGHV3-43,0.0,2
ATF6,IGHV3-43,-0.7731298410935252,2
JUN,IGHV3-43,0.0,2
JUND,IGHV3-43,0.0,2
POU2F2,IGHV3-43,0.0,2
KLF3,IGHV3-43,1.424492881795026,2
BCL11A,IGHV3-43,0.0,2
MEF2D,RPSA,0.0,2
E2F4,RPSA,0.0,2
SATB1,RPSA,0.0,2
IRF1,RPSA,0.0,2
ATF6,RPSA,-2.7606373984968986,2
JUN,RPSA,0.0,2
JUND,RPSA,0.0,2
POU2F2,RPSA,-1.1254402544875597,2
KLF3,RPSA,0.0,2
BCL11A,RPSA,0.0,2
MEF2D,MT-ATP6,1.872726424943233,2
E2F4,MT-ATP6,0.0,2
SATB1,MT-ATP6,0.0,2
IRF1,MT-ATP6,0.8669256601488731,2
ATF6,MT-ATP6,0.0,2
JUN,MT-ATP6,0.0,2
JUND,MT-ATP6,2.228700375584084,2
POU2F2,MT-ATP6,-1.4420155433527488,2
KLF3,MT-ATP6,0.0,2
BCL11A,MT-ATP6,0.0,2
MEF2D,FTL,-0.8738261375048744,2
E2F4,FTL,0.7454784880611984,2
SATB1,FTL,-1.9581908146872506,2
IRF1,FTL,-1.7083638840253728,2
ATF6,FTL,-1.1408758145509093,2
JUN,FTL,0.0,2
JUND,FTL,0.0,2
POU2F2,FTL,2.224869511052254,2
KLF3,FTL,0.0,2
BCL11A,FTL,0.8029655062467543,2
MEF2D,CD79A,0.0,2
E2F4,CD79A,0.0,2
SATB1,CD79A,1.4953226397676194,2
IRF1,CD79A,0.0,2
ATF6,CD79A,0.0,2
JUN,CD79A,-0.8059328149953874,2
JUND,CD79A,-1.1625792999058282,2
POU2F2,CD79A,0.0,2
KLF3,CD79A,0.0,2
BCL11A,CD79A,0.0,2
MEF2D,RPL17,1.2203096706456886,2
E2F4,RPL17,-1.081360097729962,2
SATB1,RPL17,0.0,2
IRF1,RPL17,-0.857557937011692,2
ATF6,RPL17,0.0,2
JUN,RPL17,0.0,2
JUND,RPL17,0.0,2
POU2F2,RPL17,0.0,2
KLF3,RPL17,2.566064650700679,2
BCL11A,RPL17,0.9572776436803192,2
MEF2D,RPS20,-1.2266449707468965,2
E2F4,RPS20,0.0,2
SATB1,RPS20,0.0,2
IRF1,RPS20,-1.301858482235313,2
ATF6,RPS20,-1.703530727418999,2
JUN,RPS20,0.0,2
JUND,RPS20,0.0,2
POU2F2,RPS20,0.0,2
KLF3,RPS20,1.0617301199800835,2
BCL11A,RPS20,1.7593655012359428,2
MEF2D,MT-ND1,1.8791698156907177,2
E2F4,MT-ND1,0.0,2
SATB1,MT-ND1,0.0,2
IRF1,MT-ND1,0.0,2
ATF6,MT-ND1,0.0,2
JUN,MT-ND1,0.0,2
JUND,MT-ND1,2.2780192437171145,2
POU2F2,MT-ND1,-0.9882501003197073,2
KLF3,MT-ND1,0.0,2
BCL11A,MT-ND1,0.0,2
MEF2D,TXNIP,0.0,2
E2F4,TXNIP,1.0206723526427293,2
SATB1,TXNIP,-1.560077065079585,2
IRF1,TXNIP,0.0,2
ATF6,TXNIP,2.8948270784601453,2
JUN,TXNIP,0.9624560373497827,2
JUND,TXNIP,-1.012856009033587,2
POU2F2,TXNIP,1.3993685265506737,2
KLF3,TXNIP,-1.2410323465475779,2
BCL11A,TXNIP,0.0,2
MEF2D,TMA7,0.0,2
E2F4,TMA7,0.0,2
SATB1,TMA7,-0.7564756585574764,2
IRF1,TMA7,0.0,2
ATF6,TMA7,0.0,2
JUN,TMA7,0.0,2
JUND,TMA7,0.8204388197549869,2
POU2F2,TMA7,1.0214068657220006,2
KLF3,TMA7,0.0,2
BCL11A,TMA7,1.051570422107408,2
MEF2D,ISG20,0.0,2
E2F4,ISG20,-0.8249984527541773,2
SATB1,ISG20,-0.7588833170159859,2
IRF1,ISG20,0.0,2
ATF6,ISG20,0.0,2
JUN,ISG20,0.0,2
JUND,ISG20,0.0,2
POU2F2,ISG20,0.0,2
KLF3,ISG20,0.0,2
BCL11A,ISG20,0.9031145728182354,2
MEF2D,EVI2B,-1.6558452309864347,2
E2F4,EVI2B,0.0,2
SATB1,EVI2B,0.0,2
IRF1,EVI2B,-1.465900591805161,2
ATF6,EVI2B,-0.959198166136588,2
JUN,EVI2B,0.0,2
JUND,EVI2B,0.0,2
POU2F2,EVI2B,-0.9005755403986696,2
KLF3,EVI2B,0.0,2
BCL11A,EVI2B,0.8136033830857429,2
MEF2D,CRELD2,1.8190978409319036,2
E2F4,CRELD2,0.0,2
SATB1,CRELD2,-1.2140276136366872,2
IRF1,CRELD2,0.0,2
ATF6,CRELD2,2.2582708533961324,2
JUN,CRELD2,0.0,2
JUND,CRELD2,-1.3793801465269562,2
POU2F2,CRELD2,0.0,2
KLF3,CRELD2,0.0,2
BCL11A,CRELD2,0.0,2
MEF2D,NBEAL1,2.1519433166009225,2
E2F4,NBEAL1,0.0,2
SATB1,NBEAL1,0.0,2
IRF1,NBEAL1,-0.9212275867945688,2
ATF6,NBEAL1,0.0,2
JUN,NBEAL1,0.0,2
JUND,NBEAL1,0.0,2
POU2F2,NBEAL1,0.0,2
KLF3,NBEAL1,2.0016960139143447,2
BCL11A,NBEAL1,1.3478166234555655,2
MEF2D,RPL36AL,0.0,2
E2F4,RPL36AL,0.0,2
SATB1,RPL36AL,0.0,2
IRF1,RPL36AL,0.0,2
ATF6,RPL36AL,0.0,2
JUN,RPL36AL,0.0,2
JUND,RPL36AL,0.0,2
POU2F2,RPL36AL,0.0,2
KLF3,RPL36AL,0.0,2
BCL11A,RPL36AL,1.5326634392929763,2
MEF2D,SLC25A6,-1.2142157600806125,2
E2F4,SLC25A6,0.0,2
SATB1,SLC25A6,0.0,2
IRF1,SLC25A6,-2.070319754319338,2
ATF6,SLC25A6,-2.3798567845973184,2
JUN,SLC25A6,0.0,2
JUND,SLC25A6,0.0,2
POU2F2,SLC25A6,0.0,2
KLF3,SLC25A6,1.3394663970134055,2
BCL11A,SLC25A6,0.8500096098666489,2
MEF2D,YPEL5,0.0,2
E2F4,YPEL5,1.0247090831694292,2
SATB1,YPEL5,0.0,2
IRF1,YPEL5,0.0,2
ATF6,YPEL5,1.7129365825526235,2
JUN,YPEL5,0.0,2
JUND,YPEL5,0.0,2
POU2F2,YPEL5,0.0,2
KLF3,YPEL5,0.0,2
BCL11A,YPEL5,0.0,2
MEF2D,RPL22L1,-1.0645817320134174,2
E2F4,RPL22L1,0.0,2
SATB1,RPL22L1,0.0,2
IRF1,RPL22L1,1.7690400985404438,2
ATF6,RPL22L1,-2.481309816702685,2
JUN,RPL22L1,0.0,2
JUND,RPL22L1,0.0,2
POU2F2,RPL22L1,0.0,2
KLF3,RPL22L1,-1.1189012739762665,2
BCL11A,RPL22L1,0.0,2
MEF2D,FTH1,-1.41098219680579,2
E2F4,FTH1,0.0,2
SATB1,FTH1,0.0,2
IRF1,FTH1,-1.37895417363479,2
ATF6,FTH1,0.0,2
JUN,FTH1,0.0,2
JUND,FTH1,0.0,2
POU2F2,FTH1,0.0,2
KLF3,FTH1,0.0,2
BCL11A,FTH1,2.491563048197832,2
MEF2D,KDELR2,-0.7996824407113539,2
E2F4,KDELR2,0.0,2
SATB1,KDELR2,-1.3267249111918993,2
IRF1,KDELR2,0.0,2
ATF6,KDELR2,1.500604287997085,2
JUN,KDELR2,0.0,2
JUND,KDELR2,0.0,2
POU2F2,KDELR2,-1.160093902527947,2
KLF3,KDELR2,-2.229995761957058,2
BCL11A,KDELR2,0.0,2
MEF2D,SSR3,-0.7600453530136833,2
E2F4,SSR3,0.0,2
SATB1,SSR3,0.0,2
IRF1,SSR3,0.0,2
ATF6,SSR3,0.0,2
JUN,SSR3,0.0,2
JUND,SSR3,0.0,2
POU2F2,SSR3,-0.9795194434374066,2
KLF3,SSR3,-1.445084146774866,2
BCL11A,SSR3,0.0,2
MEF2D,C19orf70,0.0,2
E2F4,C19orf70,-1.114895342784984,2
SATB1,C19orf70,-2.0825641759835833,2
IRF1,C19orf70,0.0,2
ATF6,C19orf70,1.6307380581890605,2
JUN,C19orf70,0.0,2
JUND,C19orf70,0.0,2
POU2F2,C19orf70,0.0,2
KLF3,C19orf70,-1.2517903922332536,2
BCL11A,C19orf70,0.0,2
MEF2D,RRBP1,1.9845070559521218,2
E2F4,RRBP1,0.0,2
SATB1,RRBP1,0.0,2
IRF1,RRBP1,1.6948591208611805,2
ATF6,RRBP1,2.9492593167293943,2
JUN,RRBP1,-0.8446478518417303,2
JUND,RRBP1,0.0,2
POU2F2,RRBP1,-1.2861903650420727,2
KLF3,RRBP1,0.0,2
BCL11A,RRBP1,0.0,2
MEF2D,RP5-1171I10.5,0.0,2
E2F4,RP5-1171I10.5,0.0,2
SATB1,RP5-1171I10.5,0.9543294409632435,2
IRF1,RP5-1171I10.5,0.0,2
ATF6,RP5-1171I10.5,1.121333767213919,2
JUN,RP5-1171I10.5,0.0,2
JUND,RP5-1171I10.5,0.0,2
POU2F2,RP5-1171I10.5,0.0,2
KLF3,RP5-1171I10.5,0.0,2
BCL11A,RP5-1171I10.5,0.0,2
MEF2D,SRP14,0.0,2
E2F4,SRP14,-1.1043401708445328,2
SATB1,SRP14,-1.4074503421075917,2
IRF1,SRP14,0.0,2
ATF6,SRP14,0.0,2
JUN,SRP14,0.0,2
JUND,SRP14,1.0189167078340693,2
POU2F2,SRP14,0.8288515874346906,2
KLF3,SRP14,0.0,2
BCL11A,SRP14,0.7470437594642672,2
MEF2D,ARPC5L,2.180631567701951,2
E2F4,ARPC5L,0.0,2
SATB1,ARPC5L,0.0,2
IRF1,ARPC5L,0.0,2
ATF6,ARPC5L,0.0,2
JUN,ARPC5L,0.0,2
JUND,ARPC5L,0.0,2
POU2F2,ARPC5L,1.332818550196606,2
KLF3,ARPC5L,1.153782992413584,2
BCL11A,ARPC5L,0.0,2
MEF2D,C6orf48,0.0,2
E2F4,C6orf48,-1.1758658331655172,2
SATB1,C6orf48,0.0,2
IRF1,C6orf48,-0.9910935511625774,2
ATF6,C6orf48,-2.8830296214772817,2
JUN,C6orf48,0.0,2
JUND,C6orf48,0.0,2
POU2F2,C6orf48,-1.1039384539156603,2
KLF3,C6orf48,1.2489491810764495,2
BCL11A,C6orf48,1.1028764251016216,2
MEF2D,COX4I1,0.0,2
E2F4,COX4I1,0.0,2
SATB1,COX4I1,-1.6892996327910446,2
IRF1,COX4I1,-1.4776459312723458,2
ATF6,COX4I1,0.0,2
JUN,COX4I1,0.0,2
JUND,COX4I1,0.0,2
POU2F2,COX4I1,0.0,2
KLF3,COX4I1,0.0,2
BCL11A,COX4I1,1.2717311912520133,2
MEF2D,ATP6V0E1,0.0,2
E2F4,ATP6V0E1,-0.9470439988939557,2
SATB1,ATP6V0E1,-1.0965507398614074,2
IRF1,ATP6V0E1,0.0,2
ATF6,ATP6V0E1,1.7848383326274277,2
JUN,ATP6V0E1,0.0,2
JUND,ATP6V0E1,0.0,2
POU2F2,ATP6V0E1,0.0,2
KLF3,ATP6V0E1,0.0,2
BCL11A,ATP6V0E1,0.0,2
MEF2D,SNRPE,0.0,2
E2F4,SNRPE,-0.9793547834334506,2
SATB1,SNRPE,-1.3681602314850252,2
IRF1,SNRPE,0.0,2
ATF6,SNRPE,1.2358193128190496,2
JUN,SNRPE,0.0,2
JUND,SNRPE,0.0,2
POU2F2,SNRPE,-1.598111094167441,2
KLF3,SNRPE,0.8034141436026575,2
BCL11A,SNRPE,0.0,2
MEF2D,PFDN5,0.0,2
E2F4,PFDN5,0.0,2
SATB1,PFDN5,0.0,2
IRF1,PFDN5,-1.0112126087906295,2
ATF6,PFDN5,0.0,2
JUN,PFDN5,0.0,2
JUND,PFDN5,0.0,2
POU2F2,PFDN5,0.0,2
KLF3,PFDN5,0.7470071439248817,2
BCL11A,PFDN5,0.9950210229290212,2
MEF2D,WHSC1,0.9943360509235118,2
E2F4,WHSC1,1.1434360079412305,2
SATB1,WHSC1,0.7757259406847261,2
IRF1,WHSC1,0.0,2
ATF6,WHSC1,1.8909626627287373,2
JUN,WHSC1,0.0,2
JUND,WHSC1,0.0,2
POU2F2,WHSC1,-1.0460423638711167,2
KLF3,WHSC1,1.1736526908637281,2
BCL11A,WHSC1,1.4799024490797712,2
MEF2D,IGHV3-21,0.0,2
E2F4,IGHV3-21,0.0,2
SATB1,IGHV3-21,-0.7676393697792713,2
IRF1,IGHV3-21,0.7789114298276519,2
ATF6,IGHV3-21,0.0,2
JUN,IGHV3-21,0.0,2
JUND,IGHV3-21,0.0,2
POU2F2,IGHV3-21,0.0,2
KLF3,IGHV3-21,-1.3707344754226636,2
BCL11A,IGHV3-21,0.0,2
MEF2D,JTB,0.0,2
E2F4,JTB,0.0,2
SATB1,JTB,-0.853086547942714,2
IRF1,JTB,0.0,2
ATF6,JTB,0.973727067079664,2
JUN,JTB,0.0,2
JUND,JTB,-0.9611566827634493,2
POU2F2,JTB,0.0,2
KLF3,JTB,1.5666628227299497,2
BCL11A,JTB,0.8824641155453301,2
MEF2D,ERP29,2.1049387884951054,2
E2F4,ERP29,-0.8912410536297796,2
SATB1,ERP29,0.0,2
IRF1,ERP29,-0.7695930750168294,2
ATF6,ERP29,2.8192995385688113,2
JUN,ERP29,0.0,2
JUND,ERP29,0.0,2
POU2F2,ERP29,-1.3918799535648354,2
KLF3,ERP29,0.8766222064384244,2
BCL11A,ERP29,0.0,2
MEF2D,PSAP,0.0,2
E2F4,PSAP,0.0,2
SATB1,PSAP,1.947686153089074,2
IRF1,PSAP,0.0,2
ATF6,PSAP,2.4009998669425947,2
JUN,PSAP,0.0,2
JUND,PSAP,1.6511512385744451,2
POU2F2,PSAP,-1.1175233021521822,2
KLF3,PSAP,-1.7219846623637132,2
BCL11A,PSAP,0.0,2
MEF2D,EIF3J,0.0,2
E2F4,EIF3J,-1.396809925687047,2
SATB1,EIF3J,-1.4887564138857294,2
IRF1,EIF3J,1.0958411522953937,2
ATF6,EIF3J,-0.843123471571196,2
JUN,EIF3J,0.0,2
JUND,EIF3J,1.665334687912868,2
POU2F2,EIF3J,0.993315203254439,2
KLF3,EIF3J,-1.500576049356261,2
BCL11A,EIF3J,1.7214343328594153,2
MEF2D,KRTCAP2,2.745850986340871,2
E2F4,KRTCAP2,0.0,2
SATB1,KRTCAP2,-1.633293063880076,2
IRF1,KRTCAP2,0.0,2
ATF6,KRTCAP2,3.244558440017184,2
JUN,KRTCAP2,0.0,2
JUND,KRTCAP2,0.0,2
POU2F2,KRTCAP2,0.0,2
KLF3,KRTCAP2,1.260224898783447,2
BCL11A,KRTCAP2,0.0,2
MEF2D,SPCS2,-0.7925022677714755,2
E2F4,SPCS2,0.0,2
SATB1,SPCS2,-0.7423529174074099,2
IRF1,SPCS2,0.0,2
ATF6,SPCS2,2.038568281430962,2
JUN,SPCS2,0.0,2
JUND,SPCS2,0.0,2
POU2F2,SPCS2,-1.115800332435814,2
KLF3,SPCS2,-1.5665191173952941,2
BCL11A,SPCS2,0.0,2
MEF2D,COX7B,0.0,2
E2F4,COX7B,-1.0569800354221073,2
SATB1,COX7B,-1.229053518330521,2
IRF1,COX7B,0.9966961215805896,2
ATF6,COX7B,0.0,2
JUN,COX7B,0.0,2
JUND,COX7B,0.0,2
POU2F2,COX7B,0.9274009828998344,2
KLF3,COX7B,-0.7636195735947304,2
BCL11A,COX7B,0.0,2
MEF2D,PSMB1,0.0,2
E2F4,PSMB1,-0.8254610381336862,2
SATB1,PSMB1,-0.8533382055577495,2
IRF1,PSMB1,0.8918845616756522,2
ATF6,PSMB1,1.3057443937112851,2
JUN,PSMB1,0.0,2
JUND,PSMB1,0.0,2
POU2F2,PSMB1,-0.961477111228628,2
KLF3,PSMB1,-0.7848337460092375,2
BCL11A,PSMB1,0.0,2
MEF2D,BIRC3,1.4873255614611862,2
E2F4,BIRC3,0.0,2
SATB1,BIRC3,1.3088807931831918,2
IRF1,BIRC3,0.0,2
ATF6,BIRC3,-1.2961356000670254,2
JUN,BIRC3,0.0,2
JUND,BIRC3,0.0,2
POU2F2,BIRC3,0.0,2
KLF3,BIRC3,1.863827475651588,2
BCL11A,BIRC3,1.7180655667974016,2
MEF2D,TMED9,0.0,2
E2F4,TMED9,0.0,2
SATB1,TMED9,0.0,2
IRF1,TMED9,0.0,2
ATF6,TMED9,3.3489098721593757,2
JUN,TMED9,0.0,2
JUND,TMED9,0.0,2
POU2F2,TMED9,-1.671255904107795,2
KLF3,TMED9,-1.358830072121408,2
BCL11A,TMED9,0.0,2
MEF2D,MYL6,0.7869814081435149,2
E2F4,MYL6,0.0,2
SATB1,MYL6,-1.122088409278144,2
IRF1,MYL6,0.0,2
ATF6,MYL6,1.7408867101699843,2
JUN,MYL6,0.0,2
JUND,MYL6,0.0,2
POU2F2,MYL6,0.0,2
KLF3,MYL6,0.0,2
BCL11A,MYL6,1.11934411495193,2
MEF2D,ATOX1,1.3751236764295958,2
E2F4,ATOX1,-1.1323457350854114,2
SATB1,ATOX1,-1.1790526199099245,2
IRF1,ATOX1,0.0,2
ATF6,ATOX1,0.8694192378120955,2
JUN,ATOX1,0.0,2
JUND,ATOX1,0.0,2
POU2F2,ATOX1,0.0,2
KLF3,ATOX1,0.0,2
BCL11A,ATOX1,0.0,2
MEF2D,CFLAR,2.3069413801746554,2
E2F4,CFLAR,0.0,2
SATB1,CFLAR,0.0,2
IRF1,CFLAR,-1.1994588032146904,2
ATF6,CFLAR,1.2904037940449378,2
JUN,CFLAR,0.0,2
JUND,CFLAR,0.0,2
POU2F2,CFLAR,1.801766822933626,2
KLF3,CFLAR,1.0607359614598406,2
BCL11A,CFLAR,0.8160965215964606,2
MEF2D,SSR2,1.0444517104866529,2
E2F4,SSR2,0.0,2
SATB1,SSR2,-0.8342463895306761,2
IRF1,SSR2,0.0,2
ATF6,SSR2,2.5353223613414118,2
JUN,SSR2,0.0,2
JUND,SSR2,0.0,2
POU2F2,SSR2,-2.1032239552140832,2
KLF3,SSR2,0.0,2
BCL11A,SSR2,0.0,2
MEF2D,ERGIC3,1.1284288638729756,2
E2F4,ERGIC3,0.0,2
SATB1,ERGIC3,-1.590504313346315,2
IRF1,ERGIC3,-1.1365869439885263,2
ATF6,ERGIC3,3.3195148440678617,2
JUN,ERGIC3,0.0,2
JUND,ERGIC3,0.0,2
POU2F2,ERGIC3,0.0,2
KLF3,ERGIC3,1.1994550783633002,2
BCL11A,ERGIC3,0.0,2
MEF2D,HSPE1,0.9614266284709023,2
E2F4,HSPE1,-1.1196814052379127,2
SATB1,HSPE1,0.0,2
IRF1,HSPE1,0.0,2
ATF6,HSPE1,1.1813783097009556,2
JUN,HSPE1,0.0,2
JUND,HSPE1,0.0,2
POU2F2,HSPE1,0.0,2
KLF3,HSPE1,0.0,2
BCL11A,HSPE1,0.0,2
MEF2D,SDC1,2.4657036810419415,2
E2F4,SDC1,-1.1651837691410716,2
SATB1,SDC1,0.8149805164659818,2
IRF1,SDC1,0.0,2
ATF6,SDC1,2.994214477978336,2
JUN,SDC1,0.0,2
JUND,SDC1,1.5735544910220145,2
POU2F2,SDC1,-1.454291639802985,2
KLF3,SDC1,1.273663472069457,2
BCL11A,SDC1,0.7385251258826603,2
MEF2D,GABPB1-AS1,0.0,2
E2F4,GABPB1-AS1,0.0,2
SATB1,GABPB1-AS1,0.0,2
IRF1,GABPB1-AS1,0.0,2
ATF6,GABPB1-AS1,0.0,2
JUN,GABPB1-AS1,0.0,2
JUND,GABPB1-AS1,0.0,2
POU2F2,GABPB1-AS1,1.1786743491158398,2
KLF3,GABPB1-AS1,0.0,2
BCL11A,GABPB1-AS1,0.0,2
MEF2D,UBB,0.0,2
E2F4,UBB,-1.3600366529131396,2
SATB1,UBB,-0.8578102172824857,2
IRF1,UBB,1.196013978185551,2
ATF6,UBB,2.123876753184664,2
JUN,UBB,0.0,2
JUND,UBB,0.7763810706098557,2
POU2F2,UBB,0.0,2
KLF3,UBB,-0.9338021173391208,2
BCL11A,UBB,0.0,2
MEF2D,TIMM13,0.6944336271014805,2
E2F4,TIMM13,-1.3976815388138875,2
SATB1,TIMM13,-1.2920877840793945,2
IRF1,TIMM13,0.0,2
ATF6,TIMM13,-0.6956870472851806,2
JUN,TIMM13,0.0,2
JUND,TIMM13,0.0,2
POU2F2,TIMM13,-1.0741480344767609,2
KLF3,TIMM13,0.0,2
BCL11A,TIMM13,0.0,2
MEF2D,LRPAP1,1.225826896954782,2
E2F4,LRPAP1,0.0,2
SATB1,LRPAP1,0.0,2
IRF1,LRPAP1,-0.8379871637069256,2
ATF6,LRPAP1,4.118862897759429,2
JUN,LRPAP1,0.0,2
JUND,LRPAP1,-1.2724100669427538,2
POU2F2,LRPAP1,-1.4854096775843615,2
KLF3,LRPAP1,0.0,2
BCL11A,LRPAP1,0.0,2
MEF2D,SNRPD1,0.0,2
E2F4,SNRPD1,-1.2806159807739852,2
SATB1,SNRPD1,-0.9545168351239693,2
IRF1,SNRPD1,1.4225415525521998,2
ATF6,SNRPD1,0.0,2
JUN,SNRPD1,0.0,2
JUND,SNRPD1,0.0,2
POU2F2,SNRPD1,-1.1853309235474525,2
KLF3,SNRPD1,0.0,2
BCL11A,SNRPD1,0.0,2
MEF2D,CNBP,-1.7034089501653464,2
E2F4,CNBP,0.0,2
SATB1,CNBP,0.0,2
IRF1,CNBP,0.0,2
ATF6,CNBP,-1.6229650109767024,2
JUN,CNBP,0.0,2
JUND,CNBP,0.0,2
POU2F2,CNBP,0.0,2
KLF3,CNBP,0.0,2
BCL11A,CNBP,0.8685587241522764,2
MEF2D,RNASEH2C,0.0,2
E2F4,RNASEH2C,-1.0530376310152676,2
SATB1,RNASEH2C,-0.9312611751275338,2
IRF1,RNASEH2C,0.9204220603555855,2
ATF6,RNASEH2C,0.0,2
JUN,RNASEH2C,0.0,2
JUND,RNASEH2C,0.7391945241202554,2
POU2F2,RNASEH2C,0.0,2
KLF3,RNASEH2C,0.0,2
BCL11A,RNASEH2C,0.0,2
MEF2D,IDS,0.0,2
E2F4,IDS,1.856311141257751,2
SATB1,IDS,0.0,2
IRF1,IDS,-1.0424130151891147,2
ATF6,IDS,0.0,2
JUN,IDS,0.0,2
JUND,IDS,0.0,2
POU2F2,IDS,2.6011347809202703,2
KLF3,IDS,0.0,2
BCL11A,IDS,1.0373979649104068,2
MEF2D,SMDT1,0.0,2
E2F4,SMDT1,-0.7978279832537083,2
SATB1,SMDT1,0.0,2
IRF1,SMDT1,0.0,2
ATF6,SMDT1,-1.2699978599147699,2
JUN,SMDT1,0.0,2
JUND,SMDT1,0.0,2
POU2F2,SMDT1,0.0,2
KLF3,SMDT1,1.8325263048804408,2
BCL11A,SMDT1,1.0109258324755834,2
MEF2D,COMMD6,0.0,2
E2F4,COMMD6,-0.7638264833050368,2
SATB1,COMMD6,-0.8439906761050436,2
IRF1,COMMD6,-0.8530471043014834,2
ATF6,COMMD6,-1.0953492222419368,2
JUN,COMMD6,0.0,2
JUND,COMMD6,0.0,2
POU2F2,COMMD6,0.0,2
KLF3,COMMD6,1.2941908002436227,2
BCL11A,COMMD6,1.012599792325847,2
MEF2D,NDUFB7,0.0,2
E2F4,NDUFB7,-0.77150592479554,2
SATB1,NDUFB7,-1.490284133673563,2
IRF1,NDUFB7,0.0,2
ATF6,NDUFB7,1.0587966965437865,2
JUN,NDUFB7,0.0,2
JUND,NDUFB7,0.0,2
POU2F2,NDUFB7,0.0,2
KLF3,NDUFB7,0.0,2
BCL11A,NDUFB7,0.0,2
MEF2D,RABAC1,1.0463225206890514,2
E2F4,RABAC1,-0.8121674477070445,2
SATB1,RABAC1,0.0,2
IRF1,RABAC1,0.0,2
ATF6,RABAC1,0.8116881071070194,2
JUN,RABAC1,0.0,2
JUND,RABAC1,0.0,2
POU2F2,RABAC1,-0.8352234919149367,2
KLF3,RABAC1,0.0,2
BCL11A,RABAC1,0.0,2
MEF2D,S100A11,0.7426947135190585,2
E2F4,S100A11,0.0,2
SATB1,S100A11,-1.6426260786651927,2
IRF1,S100A11,0.0,2
ATF6,S100A11,1.2442556481051366,2
JUN,S100A11,0.0,2
JUND,S100A11,0.0,2
POU2F2,S100A11,0.0,2
KLF3,S100A11,0.0,2
BCL11A,S100A11,0.0,2
MEF2D,MT-ND4L,2.2038608295781983,2
E2F4,MT-ND4L,0.0,2
SATB1,MT-ND4L,0.0,2
IRF1,MT-ND4L,0.0,2
ATF6,MT-ND4L,1.066377778662196,2
JUN,MT-ND4L,0.0,2
JUND,MT-ND4L,1.5666125706286875,2
POU2F2,MT-ND4L,-0.9348404424039654,2
KLF3,MT-ND4L,0.9036959385965455,2
BCL11A,MT-ND4L,0.0,2
MEF2D,GYPC,0.0,2
E2F4,GYPC,0.0,2
SATB1,GYPC,0.0,2
IRF1,GYPC,0.0,2
ATF6,GYPC,0.0,2
JUN,GYPC,0.0,2
JUND,GYPC,0.0,2
POU2F2,GYPC,-0.7112985099991826,2
KLF3,GYPC,0.0,2
BCL11A,GYPC,1.2075058428858867,2
MEF2D,APRT,0.0,2
E2F4,APRT,0.0,2
SATB1,APRT,0.0,2
IRF1,APRT,0.0,2
ATF6,APRT,1.304874691415823,2
JUN,APRT,0.0,2
JUND,APRT,0.0,2
POU2F2,APRT,-1.489321946521928,2
KLF3,APRT,-1.4031884249995217,2
BCL11A,APRT,0.0,2
MEF2D,ATP5G3,0.0,2
E2F4,ATP5G3,-1.065407162010094,2
SATB1,ATP5G3,-1.2485323357531495,2
IRF1,ATP5G3,0.9491385593364965,2
ATF6,ATP5G3,0.0,2
JUN,ATP5G3,0.0,2
JUND,ATP5G3,0.0,2
POU2F2,ATP5G3,0.0,2
KLF3,ATP5G3,0.0,2
BCL11A,ATP5G3,0.0,2
MEF2D,TAPBPL,1.975446419729799,2
E2F4,TAPBPL,0.0,2
SATB1,TAPBPL,0.0,2
IRF1,TAPBPL,-0.9622269428660009,2
ATF6,TAPBPL,4.30620817974174,2
JUN,TAPBPL,0.0,2
JUND,TAPBPL,-1.880869617809392,2
POU2F2,TAPBPL,0.0,2
KLF3,TAPBPL,1.535191775772926,2
BCL11A,TAPBPL,-1.6206114110983936,2
MEF2D,COBLL1,0.0,2
E2F4,COBLL1,0.0,2
SATB1,COBLL1,0.9156912937339274,2
IRF1,COBLL1,0.0,2
ATF6,COBLL1,-0.7956742418591377,2
JUN,COBLL1,0.0,2
JUND,COBLL1,0.9935877765908788,2
POU2F2,COBLL1,0.0,2
KLF3,COBLL1,0.0,2
BCL11A,COBLL1,0.0,2
MEF2D,NDUFS5,-0.8488891717275323,2
E2F4,NDUFS5,0.0,2
SATB1,NDUFS5,-1.7725666388565204,2
IRF1,NDUFS5,0.0,2
ATF6,NDUFS5,1.7083881990516983,2
JUN,NDUFS5,0.0,2
JUND,NDUFS5,1.2262649603080011,2
POU2F2,NDUFS5,0.0,2
KLF3,NDUFS5,-0.9517174674781456,2
BCL11A,NDUFS5,0.984329600487211,2
MEF2D,ATPIF1,0.0,2
E2F4,ATPIF1,-1.1116012691249397,2
SATB1,ATPIF1,-0.8279324668440804,2
IRF1,ATPIF1,0.0,2
ATF6,ATPIF1,1.1370099225436612,2
JUN,ATPIF1,0.0,2
JUND,ATPIF1,0.0,2
POU2F2,ATPIF1,0.0,2
KLF3,ATPIF1,0.0,2
BCL11A,ATPIF1,0.0,2
MEF2D,RGS2,0.0,2
E2F4,RGS2,0.0,2
SATB1,RGS2,0.8123557030505673,2
IRF1,RGS2,1.0845439452572903,2
ATF6,RGS2,0.0,2
JUN,RGS2,0.0,2
JUND,RGS2,0.0,2
POU2F2,RGS2,0.0,2
KLF3,RGS2,0.0,2
BCL11A,RGS2,0.0,2
MEF2D,ARPC2,0.0,2
E2F4,ARPC2,0.0,2
SATB1,ARPC2,0.0,2
IRF1,ARPC2,1.629158947469338,2
ATF6,ARPC2,-1.2626541394144946,2
JUN,ARPC2,0.0,2
JUND,ARPC2,-0.808790690488694,2
POU2F2,ARPC2,0.0,2
KLF3,ARPC2,1.892276640364767,2
BCL11A,ARPC2,0.0,2
MEF2D,SRSF5,0.0,2
E2F4,SRSF5,0.0,2
SATB1,SRSF5,1.1039645146840387,2
IRF1,SRSF5,-1.5326392953685286,2
ATF6,SRSF5,0.0,2
JUN,SRSF5,0.0,2
JUND,SRSF5,-0.8160182136648777,2
POU2F2,SRSF5,1.907890177940197,2
KLF3,SRSF5,0.0,2
BCL11A,SRSF5,1.555980549642766,2
MEF2D,IFI16,0.0,2
E2F4,IFI16,0.0,2
SATB1,IFI16,-0.9037152383143375,2
IRF1,IFI16,0.0,2
ATF6,IFI16,1.9355440849621979,2
JUN,IFI16,0.0,2
JUND,IFI16,0.0,2
POU2F2,IFI16,0.0,2
KLF3,IFI16,-1.8613692446,2
BCL11A,IFI16,0.0,2
MEF2D,MYEOV2,0.7347243576497408,2
E2F4,MYEOV2,-1.4249026348467793,2
SATB1,MYEOV2,-1.2372206097514098,2
IRF1,MYEOV2,0.0,2
ATF6,MYEOV2,0.0,2
JUN,MYEOV2,0.0,2
JUND,MYEOV2,0.0,2
POU2F2,MYEOV2,0.0,2
KLF3,MYEOV2,0.801299234154506,2
BCL11A,MYEOV2,0.8922272204985847,2
MEF2D,NDUFC2,0.0,2
E2F4,NDUFC2,-1.2314832421525006,2
SATB1,NDUFC2,-1.2774140773306841,2
IRF1,NDUFC2,1.1522005495154102,2
ATF6,NDUFC2,0.7947529813032311,2
JUN,NDUFC2,0.0,2
JUND,NDUFC2,0.0,2
POU2F2,NDUFC2,0.0,2
KLF3,NDUFC2,0.0,2
BCL11A,NDUFC2,0.0,2
MEF2D,NSA2,0.0,2
E2F4,NSA2,0.0,2
SATB1,NSA2,-0.7994925604433685,2
IRF1,NSA2,0.0,2
ATF6,NSA2,-2.1194192318346627,2
JUN,NSA2,0.0,2
JUND,NSA2,0.0,2
POU2F2,NSA2,0.0,2
KLF3,NSA2,0.0,2
BCL11A,NSA2,0.9307006539225472,2
MEF2D,MRPL20,-0.7876174477790878,2
E2F4,MRPL20,0.0,2
SATB1,MRPL20,0.0,2
IRF1,MRPL20,0.0,2
ATF6,MRPL20,0.0,2
JUN,MRPL20,0.0,2
JUND,MRPL20,0.0,2
POU2F2,MRPL20,0.0,2
KLF3,MRPL20,-1.4270715299190535,2
BCL11A,MRPL20,0.0,2
MEF2D,PNRC1,-2.0407586826945168,2
E2F4,PNRC1,0.943339863289272,2
SATB1,PNRC1,0.985623722841496,2
IRF1,PNRC1,-0.9860561591126155,2
ATF6,PNRC1,-1.1199210713694352,2
JUN,PNRC1,0.0,2
JUND,PNRC1,0.0,2
POU2F2,PNRC1,0.0,2
KLF3,PNRC1,0.0,2
BCL11A,PNRC1,1.039328974348369,2
MEF2D,TRIB1,1.1207340608255436,2
E2F4,TRIB1,0.0,2
SATB1,TRIB1,0.0,2
IRF1,TRIB1,0.0,2
ATF6,TRIB1,0.8080717255336879,2
JUN,TRIB1,0.0,2
JUND,TRIB1,2.0632461889067164,2
POU2F2,TRIB1,1.8959377172178067,2
KLF3,TRIB1,0.0,2
BCL11A,TRIB1,0.0,2
MEF2D,GLCCI1,0.0,2
E2F4,GLCCI1,0.0,2
SATB1,GLCCI1,0.0,2
IRF1,GLCCI1,1.5566925349394465,2
ATF6,GLCCI1,0.0,2
JUN,GLCCI1,-1.117679447002057,2
JUND,GLCCI1,0.0,2
POU2F2,GLCCI1,0.0,2
KLF3,GLCCI1,-1.305597220559754,2
BCL11A,GLCCI1,0.0,2
MEF2D,ATP5A1,-0.7710359477065646,2
E2F4,ATP5A1,0.0,2
SATB1,ATP5A1,0.0,2
IRF1,ATP5A1,-0.7675838371773678,2
ATF6,ATP5A1,0.8106653576971985,2
JUN,ATP5A1,0.0,2
JUND,ATP5A1,0.0,2
POU2F2,ATP5A1,-0.988927092263162,2
KLF3,ATP5A1,0.0,2
BCL11A,ATP5A1,0.0,2
MEF2D,TOMM5,1.4929654553930918,2
E2F4,TOMM5,-0.9589262621285315,2
SATB1,TOMM5,-1.1931489477008146,2
IRF1,TOMM5,0.9368965776675668,2
ATF6,TOMM5,0.0,2
JUN,TOMM5,0.0,2
JUND,TOMM5,0.0,2
POU2F2,TOMM5,0.0,2
KLF3,TOMM5,0.0,2
BCL11A,TOMM5,0.0,2
MEF2D,PPP1R15A,1.2010083342404791,2
E2F4,PPP1R15A,0.0,2
SATB1,PPP1R15A,-1.036204055664758,2
IRF1,PPP1R15A,0.0,2
ATF6,PPP1R15A,0.0,2
JUN,PPP1R15A,0.0,2
JUND,PPP1R15A,0.0,2
POU2F2,PPP1R15A,0.0,2
KLF3,PPP1R15A,1.2859483795607023,2
BCL11A,PPP1R15A,0.0,2
MEF2D,HBA2,-2.057627036822024,2
E2F4,HBA2,0.0,2
SATB1,HBA2,0.0,2
IRF1,HBA2,-1.4639001424608127,2
ATF6,HBA2,0.0,2
JUN,HBA2,0.0,2
JUND,HBA2,0.8282766862443459,2
POU2F2,HBA2,1.586912129114006,2
KLF3,HBA2,-1.269276158189238,2
BCL11A,HBA2,0.0,2
MEF2D,ILF3-AS1,-1.2511100782742992,2
E2F4,ILF3-AS1,0.0,2
SATB1,ILF3-AS1,0.8196148964898728,2
IRF1,ILF3-AS1,0.0,2
ATF6,ILF3-AS1,-2.110923067552753,2
JUN,ILF3-AS1,0.0,2
JUND,ILF3-AS1,-0.8097031588624153,2
POU2F2,ILF3-AS1,0.0,2
KLF3,ILF3-AS1,0.0,2
BCL11A,ILF3-AS1,-1.7334744942388223,2
MEF2D,C1orf132,1.7317251421035285,2
E2F4,C1orf132,0.8570876289446395,2
SATB1,C1orf132,0.0,2
IRF1,C1orf132,0.0,2
ATF6,C1orf132,2.5348707051694572,2
JUN,C1orf132,0.0,2
JUND,C1orf132,-1.0548573618491401,2
POU2F2,C1orf132,1.3174900048213158,2
KLF3,C1orf132,0.0,2
BCL11A,C1orf132,0.0,2
MEF2D,TMEM205,1.4475340331142292,2
E2F4,TMEM205,-0.9556278824025644,2
SATB1,TMEM205,-1.8060939168825563,2
IRF1,TMEM205,0.0,2
ATF6,TMEM205,1.6738133323220787,2
JUN,TMEM205,0.0,2
JUND,TMEM205,0.0,2
POU2F2,TMEM205,0.0,2
KLF3,TMEM205,0.0,2
BCL11A,TMEM205,0.0,2
MEF2D,CAST,1.0979317215037367,2
E2F4,CAST,0.0,2
SATB1,CAST,0.0,2
IRF1,CAST,-1.4514700994891765,2
ATF6,CAST,0.0,2
JUN,CAST,0.0,2
JUND,CAST,0.0,2
POU2F2,CAST,0.0,2
KLF3,CAST,1.0370245926343664,2
BCL11A,CAST,1.004383796944345,2
MEF2D,ARF4,0.0,2
E2F4,ARF4,-0.8641269491382909,2
SATB1,ARF4,-1.2584694075687897,2
IRF1,ARF4,1.5595460231253613,2
ATF6,ARF4,1.811820486247572,2
JUN,ARF4,0.0,2
JUND,ARF4,0.0,2
POU2F2,ARF4,-1.4423072231711582,2
KLF3,ARF4,-1.2770818143173321,2
BCL11A,ARF4,0.0,2
MEF2D,UFM1,1.2811375840375614,2
E2F4,UFM1,0.0,2
SATB1,UFM1,-1.5953348907875613,2
IRF1,UFM1,0.7628633022370732,2
ATF6,UFM1,0.0,2
JUN,UFM1,0.0,2
JUND,UFM1,0.0,2
POU2F2,UFM1,0.0,2
KLF3,UFM1,0.0,2
BCL11A,UFM1,0.8385275887552832,2
MEF2D,SEC61A1,0.0,2
E2F4,SEC61A1,1.017813951710962,2
SATB1,SEC61A1,0.0,2
IRF1,SEC61A1,1.0242704177675257,2
ATF6,SEC61A1,2.4529387912186498,2
JUN,SEC61A1,0.0,2
JUND,SEC61A1,1.4269833611268348,2
POU2F2,SEC61A1,0.0,2
KLF3,SEC61A1,-2.045668757729659,2
BCL11A,SEC61A1,0.0,2
MEF2D,LSR,0.0,2
E2F4,LSR,0.9067219699553546,2
SATB1,LSR,0.0,2
IRF1,LSR,0.0,2
ATF6,LSR,3.349520280989423,2
JUN,LSR,0.0,2
JUND,LSR,0.0,2
POU2F2,LSR,-1.2360263537542768,2
KLF3,LSR,0.0,2
BCL11A,LSR,0.0,2
MEF2D,MLLT3,0.0,2
E2F4,MLLT3,0.0,2
SATB1,MLLT3,1.7273663482615187,2
IRF1,MLLT3,-1.32978587577165,2
ATF6,MLLT3,0.0,2
JUN,MLLT3,0.0,2
JUND,MLLT3,0.0,2
POU2F2,MLLT3,0.0,2
KLF3,MLLT3,1.6889016432804511,2
BCL11A,MLLT3,0.0,2
MEF2D,RBM3,-2.262924872988559,2
E2F4,RBM3,0.0,2
SATB1,RBM3,0.0,2
IRF1,RBM3,0.0,2
ATF6,RBM3,0.0,2
JUN,RBM3,0.0,2
JUND,RBM3,0.0,2
POU2F2,RBM3,0.0,2
KLF3,RBM3,0.0,2
BCL11A,RBM3,1.0645527364993597,2
MEF2D,TYMP,2.3324786303054843,2
E2F4,TYMP,0.0,2
SATB1,TYMP,0.0,2
IRF1,TYMP,0.0,2
ATF6,TYMP,0.0,2
JUN,TYMP,0.0,2
JUND,TYMP,-1.4755665066420212,2
POU2F2,TYMP,0.9294194932621705,2
KLF3,TYMP,1.5331342012925295,2
BCL11A,TYMP,1.0413847093430662,2
MEF2D,DUT,-1.4823752125476606,2
E2F4,DUT,0.0,2
SATB1,DUT,-0.9040538087263146,2
IRF1,DUT,0.0,2
ATF6,DUT,0.0,2
JUN,DUT,0.0,2
JUND,DUT,0.0,2
POU2F2,DUT,0.0,2
KLF3,DUT,0.0,2
BCL11A,DUT,0.0,2
MEF2D,LSM3,0.0,2
E2F4,LSM3,-1.2759118835081538,2
SATB1,LSM3,-1.406103261893203,2
IRF1,LSM3,1.1233675340962763,2
ATF6,LSM3,0.0,2
JUN,LSM3,0.0,2
JUND,LSM3,0.0,2
POU2F2,LSM3,-1.3476280810244952,2
KLF3,LSM3,0.9098859854993514,2
BCL11A,LSM3,0.0,2
MEF2D,GLO1,2.1603862069265105,2
E2F4,GLO1,0.0,2
SATB1,GLO1,0.0,2
IRF1,GLO1,-0.8908129181285164,2
ATF6,GLO1,1.781180132209229,2
JUN,GLO1,0.0,2
JUND,GLO1,0.0,2
POU2F2,GLO1,0.0,2
KLF3,GLO1,2.508589276047066,2
BCL11A,GLO1,0.0,2
MEF2D,SURF4,1.0823784597981787,2
E2F4,SURF4,0.0,2
SATB1,SURF4,1.7641903911882792,2
IRF1,SURF4,0.0,2
ATF6,SURF4,0.0,2
JUN,SURF4,0.0,2
JUND,SURF4,0.9563544217593255,2
POU2F2,SURF4,0.9774480743408133,2
KLF3,SURF4,-1.329107122964681,2
BCL11A,SURF4,0.0,2
MEF2D,SRPRB,0.0,2
E2F4,SRPRB,0.0,2
SATB1,SRPRB,0.0,2
IRF1,SRPRB,0.8789153825329276,2
ATF6,SRPRB,2.488048323198232,2
JUN,SRPRB,0.0,2
JUND,SRPRB,0.0,2
POU2F2,SRPRB,-1.6048525520503591,2
KLF3,SRPRB,-1.9071825940873455,2
BCL11A,SRPRB,0.0,2
MEF2D,VPS37B,1.9940784823924238,2
E2F4,VPS37B,0.9053349636403092,2
SATB1,VPS37B,0.0,2
IRF1,VPS37B,0.0,2
ATF6,VPS37B,0.759543650725123,2
JUN,VPS37B,-0.8061882491061979,2
JUND,VPS37B,0.9535439022751065,2
POU2F2,VPS37B,0.0,2
KLF3,VPS37B,2.0182636583137876,2
BCL11A,VPS37B,0.9616388772082005,2
MEF2D,ARF6,1.1823455384897907,2
E2F4,ARF6,0.0,2
SATB1,ARF6,1.9280340892034398,2
IRF1,ARF6,0.0,2
ATF6,ARF6,-0.9519552755544823,2
JUN,ARF6,0.0,2
JUND,ARF6,0.0,2
POU2F2,ARF6,0.0,2
KLF3,ARF6,1.8280406658151063,2
BCL11A,ARF6,1.3466413901401388,2
MEF2D,S100A9,-1.0871891450700955,2
E2F4,S100A9,0.0,2
SATB1,S100A9,0.0,2
IRF1,S100A9,0.0,2
ATF6,S100A9,0.0,2
JUN,S100A9,0.0,2
JUND,S100A9,0.0,2
POU2F2,S100A9,0.0,2
KLF3,S100A9,-1.6650204540829732,2
BCL11A,S100A9,0.0,2
MEF2D,WIPI1,1.1885505600623683,2
E2F4,WIPI1,0.7885798551280607,2
SATB1,WIPI1,0.0,2
IRF1,WIPI1,1.7277536136786251,2
ATF6,WIPI1,1.5864515812156523,2
JUN,WIPI1,0.0,2
JUND,WIPI1,-0.746418985131595,2
POU2F2,WIPI1,2.012944054599027,2
KLF3,WIPI1,-1.3420483086306274,2
BCL11A,WIPI1,-1.1236092139811888,2
MEF2D,C11orf1,0.0,2
E2F4,C11orf1,0.0,2
SATB1,C11orf1,0.0,2
IRF1,C11orf1,0.0,2
ATF6,C11orf1,0.0,2
JUN,C11orf1,0.0,2
JUND,C11orf1,0.0,2
POU2F2,C11orf1,0.0,2
KLF3,C11orf1,0.0,2
BCL11A,C11orf1,0.0,2
MEF2D,METTL7A,1.1154254524460123,2
E2F4,METTL7A,0.0,2
SATB1,METTL7A,1.2727718219774877,2
IRF1,METTL7A,0.0,2
ATF6,METTL7A,0.8700342344575659,2
JUN,METTL7A,0.0,2
JUND,METTL7A,1.2183892028666565,2
POU2F2,METTL7A,0.0,2
KLF3,METTL7A,0.0,2
BCL11A,METTL7A,0.0,2
MEF2D,TAF1D,0.0,2
E2F4,TAF1D,-1.112611478670352,2
SATB1,TAF1D,0.0,2
IRF1,TAF1D,0.9571986134480769,2
ATF6,TAF1D,0.0,2
JUN,TAF1D,0.0,2
JUND,TAF1D,1.0026741443240885,2
POU2F2,TAF1D,0.0,2
KLF3,TAF1D,-0.8266097215798491,2
BCL11A,TAF1D,0.0,2
MEF2D,KMT2E,0.0,2
E2F4,KMT2E,0.0,2
SATB1,KMT2E,0.0,2
IRF1,KMT2E,0.0,2
ATF6,KMT2E,-0.9843402362952526,2
JUN,KMT2E,0.0,2
JUND,KMT2E,0.0,2
POU2F2,KMT2E,0.0,2
KLF3,KMT2E,0.0,2
BCL11A,KMT2E,2.4701120919457695,2
MEF2D,ROMO1,0.9059851673628413,2
E2F4,ROMO1,-0.9577096184260236,2
SATB1,ROMO1,-1.3404290257849878,2
IRF1,ROMO1,0.0,2
ATF6,ROMO1,0.0,2
JUN,ROMO1,0.0,2
JUND,ROMO1,0.0,2
POU2F2,ROMO1,0.0,2
KLF3,ROMO1,0.0,2
BCL11A,ROMO1,0.0,2
MEF2D,HSP90AA1,0.0,2
E2F4,HSP90AA1,-1.205118621027071,2
SATB1,HSP90AA1,0.0,2
IRF1,HSP90AA1,1.5768403188970168,2
ATF6,HSP90AA1,0.0,2
JUN,HSP90AA1,0.0,2
JUND,HSP90AA1,1.3259179082774073,2
POU2F2,HSP90AA1,-0.9912614935923042,2
KLF3,HSP90AA1,-1.405601329312017,2
BCL11A,HSP90AA1,0.0,2
MEF2D,RBM39,1.146022031751659,2
E2F4,RBM39,0.0,2
SATB1,RBM39,-0.9096125950491004,2
IRF1,RBM39,0.9246630768996829,2
ATF6,RBM39,0.0,2
JUN,RBM39,0.0,2
JUND,RBM39,0.0,2
POU2F2,RBM39,1.3567931254141146,2
KLF3,RBM39,0.0,2
BCL11A,RBM39,0.0,2
MEF2D,GABARAPL2,0.0,2
E2F4,GABARAPL2,0.0,2
SATB1,GABARAPL2,-1.4068497411038614,2
IRF1,GABARAPL2,-0.9517419079542618,2
ATF6,GABARAPL2,1.1296943160970951,2
JUN,GABARAPL2,0.0,2
JUND,GABARAPL2,0.0,2
POU2F2,GABARAPL2,0.0,2
KLF3,GABARAPL2,0.0,2
BCL11A,GABARAPL2,0.0,2
MEF2D,GPAA1,1.3421251427792722,2
E2F4,GPAA1,0.0,2
SATB1,GPAA1,0.0,2
IRF1,GPAA1,0.0,2
ATF6,GPAA1,3.185286447860058,2
JUN,GPAA1,0.0,2
JUND,GPAA1,0.0,2
POU2F2,GPAA1,-1.7454282696583938,2
KLF3,GPAA1,0.9944862820333861,2
BCL11A,GPAA1,0.0,2
MEF2D,MZT2A,1.5733382314587439,2
E2F4,MZT2A,-1.4997481407325681,2
SATB1,MZT2A,-1.8514101538600396,2
IRF1,MZT2A,0.0,2
ATF6,MZT2A,0.0,2
JUN,MZT2A,0.0,2
JUND,MZT2A,0.0,2
POU2F2,MZT2A,0.0,2
KLF3,MZT2A,1.8239504084007214,2
BCL11A,MZT2A,0.9289946453891823,2
MEF2D,DPEP1,-1.2083204718023421,2
E2F4,DPEP1,0.0,2
SATB1,DPEP1,-1.3765173977580445,2
IRF1,DPEP1,0.0,2
ATF6,DPEP1,0.0,2
JUN,DPEP1,0.0,2
JUND,DPEP1,0.0,2
POU2F2,DPEP1,0.0,2
KLF3,DPEP1,0.0,2
BCL11A,DPEP1,0.0,2
MEF2D,SFT2D1,-0.7766007565170502,2
E2F4,SFT2D1,0.0,2
SATB1,SFT2D1,-1.6305541002206154,2
IRF1,SFT2D1,0.0,2
ATF6,SFT2D1,0.0,2
JUN,SFT2D1,0.0,2
JUND,SFT2D1,0.0,2
POU2F2,SFT2D1,-0.7816504941335484,2
KLF3,SFT2D1,-1.2179118311264912,2
BCL11A,SFT2D1,1.0225880370792118,2
MEF2D,LAMTOR2,1.8981902910679966,2
E2F4,LAMTOR2,0.0,2
SATB1,LAMTOR2,-1.794621905506654,2
IRF1,LAMTOR2,-1.0478232392754612,2
ATF6,LAMTOR2,2.248705421715472,2
JUN,LAMTOR2,0.0,2
JUND,LAMTOR2,0.0,2
POU2F2,LAMTOR2,0.0,2
KLF3,LAMTOR2,0.0,2
BCL11A,LAMTOR2,0.0,2
MEF2D,ATP6V1F,0.0,2
E2F4,ATP6V1F,0.0,2
SATB1,ATP6V1F,-0.9489978552722437,2
IRF1,ATP6V1F,0.0,2
ATF6,ATP6V1F,-0.8040372696812798,2
JUN,ATP6V1F,0.0,2
JUND,ATP6V1F,0.0,2
POU2F2,ATP6V1F,0.0,2
KLF3,ATP6V1F,-1.534982654614781,2
BCL11A,ATP6V1F,1.0485964457723964,2
MEF2D,STOML2,0.0,2
E2F4,STOML2,-1.1480793396629903,2
SATB1,STOML2,0.0,2
IRF1,STOML2,0.0,2
ATF6,STOML2,0.0,2
JUN,STOML2,0.0,2
JUND,STOML2,-0.8371022270991192,2
POU2F2,STOML2,0.0,2
KLF3,STOML2,0.8344431630243022,2
BCL11A,STOML2,0.0,2
MEF2D,TOMM22,-1.557872984448017,2
E2F4,TOMM22,0.0,2
SATB1,TOMM22,0.0,2
IRF1,TOMM22,-0.9108645594456815,2
ATF6,TOMM22,2.523115849442333,2
JUN,TOMM22,1.0763436961348058,2
JUND,TOMM22,0.0,2
POU2F2,TOMM22,-1.9699744587558454,2
KLF3,TOMM22,0.0,2
BCL11A,TOMM22,1.2034469646471284,2
MEF2D,NDUFA7,0.0,2
E2F4,NDUFA7,-1.3104783783712932,2
SATB1,NDUFA7,-0.8512938729724258,2
IRF1,NDUFA7,0.0,2
ATF6,NDUFA7,0.0,2
JUN,NDUFA7,0.0,2
JUND,NDUFA7,0.7774562517522169,2
POU2F2,NDUFA7,0.0,2
KLF3,NDUFA7,1.549488119401707,2
BCL11A,NDUFA7,1.0154137759988124,2
MEF2D,ST6GALNAC4,0.0,2
E2F4,ST6GALNAC4,0.0,2
SATB1,ST6GALNAC4,0.0,2
IRF1,ST6GALNAC4,0.0,2
ATF6,ST6GALNAC4,0.0,2
JUN,ST6GALNAC4,0.0,2
JUND,ST6GALNAC4,-1.0690242532210044,2
POU2F2,ST6GALNAC4,0.0,2
KLF3,ST6GALNAC4,1.1897119772180522,2
BCL11A,ST6GALNAC4,0.0,2
MEF2D,TMEM107,0.7810879654380547,2
E2F4,TMEM107,0.0,2
SATB1,TMEM107,0.0,2
IRF1,TMEM107,0.8668497609359325,2
ATF6,TMEM107,2.254396755840547,2
JUN,TMEM107,0.0,2
JUND,TMEM107,0.0,2
POU2F2,TMEM107,-0.8474549639982044,2
KLF3,TMEM107,0.0,2
BCL11A,TMEM107,1.0323945314921044,2
MEF2D,PSMD4,0.0,2
E2F4,PSMD4,0.0,2
SATB1,PSMD4,-1.1582231706260258,2
IRF1,PSMD4,0.0,2
ATF6,PSMD4,1.8011891220963603,2
JUN,PSMD4,0.0,2
JUND,PSMD4,0.0,2
POU2F2,PSMD4,-1.6070780075421425,2
KLF3,PSMD4,0.0,2
BCL11A,PSMD4,0.0,2
MEF2D,SQSTM1,0.0,2
E2F4,SQSTM1,0.0,2
SATB1,SQSTM1,0.0,2
IRF1,SQSTM1,-0.7062272975516583,2
ATF6,SQSTM1,2.842308610367643,2
JUN,SQSTM1,0.0,2
JUND,SQSTM1,0.0,2
POU2F2,SQSTM1,0.0,2
KLF3,SQSTM1,-1.9517593827520334,2
BCL11A,SQSTM1,0.0,2
MEF2D,YIPF2,0.0,2
E2F4,YIPF2,0.0,2
SATB1,YIPF2,-2.092376938675156,2
IRF1,YIPF2,0.0,2
ATF6,YIPF2,0.0,2
JUN,YIPF2,0.0,2
JUND,YIPF2,0.0,2
POU2F2,YIPF2,0.0,2
KLF3,YIPF2,0.0,2
BCL11A,YIPF2,-1.3258939612450031,2
MEF2D,MRPL24,2.3978495744382253,2
E2F4,MRPL24,-0.9069528351422758,2
SATB1,MRPL24,0.0,2
IRF1,MRPL24,0.0,2
ATF6,MRPL24,1.5057446756368646,2
JUN,MRPL24,0.0,2
JUND,MRPL24,0.0,2
POU2F2,MRPL24,-0.855008814765324,2
KLF3,MRPL24,0.0,2
BCL11A,MRPL24,0.0,2
MEF2D,ST13,0.0,2
E2F4,ST13,0.0,2
SATB1,ST13,0.0,2
IRF1,ST13,0.0,2
ATF6,ST13,-3.21686577058765,2
JUN,ST13,-0.8707562001675954,2
JUND,ST13,0.0,2
POU2F2,ST13,0.0,2
KLF3,ST13,0.8335053114733051,2
BCL11A,ST13,0.0,2
MEF2D,H2AFV,0.0,2
E2F4,H2AFV,0.0,2
SATB1,H2AFV,-1.580723526309194,2
IRF1,H2AFV,2.0196216032989716,2
ATF6,H2AFV,-1.0793959215460842,2
JUN,H2AFV,0.0,2
JUND,H2AFV,0.0,2
POU2F2,H2AFV,0.0,2
KLF3,H2AFV,0.0,2
BCL11A,H2AFV,0.0,2
MEF2D,PPP1R2,1.7408300880546062,2
E2F4,PPP1R2,0.0,2
SATB1,PPP1R2,0.0,2
IRF1,PPP1R2,0.0,2
ATF6,PPP1R2,2.204584021284779,2
JUN,PPP1R2,0.0,2
JUND,PPP1R2,0.0,2
POU2F2,PPP1R2,0.0,2
KLF3,PPP1R2,2.419548814811457,2
BCL11A,PPP1R2,0.0,2
MEF2D,ST6GAL1,2.7494721257791492,2
E2F4,ST6GAL1,0.0,2
SATB1,ST6GAL1,0.0,2
IRF1,ST6GAL1,0.0,2
ATF6,ST6GAL1,1.3157877027550011,2
JUN,ST6GAL1,0.0,2
JUND,ST6GAL1,0.0,2
POU2F2,ST6GAL1,1.140985265395323,2
KLF3,ST6GAL1,1.5799292618098577,2
BCL11A,ST6GAL1,0.0,2
MEF2D,C12orf45,0.0,2
E2F4,C12orf45,-1.7726546634494762,2
SATB1,C12orf45,0.0,2
IRF1,C12orf45,0.0,2
ATF6,C12orf45,0.0,2
JUN,C12orf45,0.0,2
JUND,C12orf45,0.0,2
POU2F2,C12orf45,-1.2895479235106486,2
KLF3,C12orf45,0.0,2
BCL11A,C12orf45,0.0,2
MEF2D,UCHL1,0.0,2
E2F4,UCHL1,0.0,2
SATB1,UCHL1,1.663529522405618,2
IRF1,UCHL1,1.0770001851753148,2
ATF6,UCHL1,-0.6808791779982327,2
JUN,UCHL1,0.0,2
JUND,UCHL1,0.7187576951578737,2
POU2F2,UCHL1,-1.0481642177163795,2
KLF3,UCHL1,-1.3225480628272674,2
BCL11A,UCHL1,-0.7231393019948593,2
