Cell,disease_stage,cluster,normal_or_neoplastic
AGGGTGATCTGAGGGA-1-NBM-10.138P,NBM,healthy,normal
CCTAGCTTCTCCAACC-1-NBM-1.138P,NBM,healthy,normal
ATTACTCTCGTGGTCG-1-NBM-10.138P,NBM,healthy,normal
TAAGAGAAGCCGCCTA-1-NBM-8.138P,NBM,healthy,normal
GATCGATTCAGAGGTG-1-NBM-8.138P,NBM,healthy,normal
ACATCAGGTCGCGGTT-1-NBM-10.138P,NBM,healthy,normal
AGAGCGATCGGCGCTA-1-NBM-1.138P,NBM,healthy,normal
GACGTGCCACCTATCC-1-NBM-8.138P,NBM,healthy,normal
CGCCAAGTCCGCAGTG-1-NBM-6.138P,NBM,healthy,normal
GCGACCAGTTCGAATC-1-NBM-7.138P,NBM,healthy,normal
CTCCTAGTCCATGAAC-1-NBM-6.138P,NBM,healthy,normal
ATCATCTAGTGTGGCA-1-NBM-8.138P,NBM,healthy,normal
GTCATTTTCCCTCTTT-1-NBM-11.138P,NBM,healthy,normal
GTCATTTAGCTATGCT-1-NBM-10.138P,NBM,healthy,normal
TACTCGCCAATGTAAG-1-NBM-11.138P,NBM,healthy,normal
AGACGTTGTATATCCG-1-NBM-7.138P,NBM,healthy,normal
TGGTTAGAGTGTTTGC-1-NBM-6.138P,NBM,healthy,normal
ACGATACTCAGAAATG-1-NBM-10.138P,NBM,healthy,normal
CTCGGGACATTCCTGC-1-NBM-10.138P,NBM,healthy,normal
TACTCATTCGAATCCA-1-NBM-11.138P,NBM,healthy,normal
CCCATACCATGTTCCC-1-NBM-3.138P,NBM,healthy,normal
AGTGTCAAGAAACGAG-1-NBM-10.138P,NBM,healthy,normal
GCTCCTACAAGACACG-1-NBM-10.138P,NBM,healthy,normal
GGGAATGCAAGCTGAG-1-NBM-10.138P,NBM,healthy,normal
GCATGTACACAGAGGT-1-NBM-8.138P,NBM,healthy,normal
GCTGCTTAGAGTACAT-1-NBM-1.138P,NBM,healthy,normal
TGAGCCGCAACCGCCA-1-NBM-6.138P,NBM,healthy,normal
GACCAATGTTTAGCTG-1-NBM-2.138P,NBM,healthy,normal
AGAGTGGTCAGAGACG-1-NBM-6.138P,NBM,healthy,normal
CGTTCTGAGGCGCTCT-1-NBM-6.138P,NBM,healthy,normal
TGAGAGGTCTTGCATT-1-NBM-10.138P,NBM,healthy,normal
TCTCATAGTAGAGCTG-1-NBM-8.138P,NBM,healthy,normal
CGGAGCTTCTCTGTCG-1-NBM-8.138P,NBM,healthy,normal
AGGTCCGCACATTAGC-1-NBM-7.138P,NBM,healthy,normal
TACGGTAAGTGCGTGA-1-NBM-10.138P,NBM,healthy,normal
CATCAGACACCCTATC-1-NBM-1.138P,NBM,healthy,normal
TACGGGCGTTCGGCAC-1-NBM-6.138P,NBM,healthy,normal
CGGGTCATCAAACCGT-1-NBM-10.138P,NBM,healthy,normal
TCAGCAAGTTCCCTTG-1-NBM-11.138P,NBM,healthy,normal
CTGCCTAAGTTAACGA-1-NBM-1.138P,NBM,healthy,normal
GGCGTGTGTATTCGTG-1-NBM-11.138P,NBM,healthy,normal
TCACAAGTCATCTGTT-1-NBM-7.138P,NBM,healthy,normal
CTGCCTAGTCGGGTCT-1-NBM-6.138P,NBM,healthy,normal
CCATTCGGTGACCAAG-1-NBM-2.138P,NBM,healthy,normal
CCTTCGAGTTCCACTC-1-NBM-10.138P,NBM,healthy,normal
CAGAGAGTCAGCTGGC-1-NBM-10.138P,NBM,healthy,normal
GAGTCCGAGCTGCGAA-1-NBM-8.138P,NBM,healthy,normal
AGCTCCTAGATGGGTC-1-NBM-6.138P,NBM,healthy,normal
GGGTTGCGTGCGGTAA-1-NBM-10.138P,NBM,healthy,normal
CGGGTCAAGACACTAA-1-NBM-11.138P,NBM,healthy,normal
ACTTACTCATTCACTT-1-NBM-10.138P,NBM,healthy,normal
CAGCATACATGCCTAA-1-NBM-8.138P,NBM,healthy,normal
ATCACGATCCGCGGTA-1-NBM-11.138P,NBM,healthy,normal
ACGGGTCCACGAAAGC-1-NBM-10.138P,NBM,healthy,normal
ACGTCAAGTCAAACTC-1-NBM-10.138P,NBM,healthy,normal
ACGATACTCGAATGGG-1-NBM-8.138P,NBM,healthy,normal
GTCAAGTCAACACCCG-1-NBM-2.138P,NBM,healthy,normal
CTTTGCGTCCTACAGA-1-NBM-8.138P,NBM,healthy,normal
GCTGCTTTCTGGTGTA-1-NBM-10.138P,NBM,healthy,normal
CCTTCGACAGACAAGC-1-NBM-10.138P,NBM,healthy,normal
TCGCGTTTCGTCACGG-1-NBM-10.138P,NBM,healthy,normal
TGGCCAGGTTCACGGC-1-NBM-8.138P,NBM,healthy,normal
CACAGGCCATATGAGA-1-NBM-10.138P,NBM,healthy,normal
TACTTACCACTGTCGG-1-NBM-11.138P,NBM,healthy,normal
TGCCAAATCCTTTACA-1-NBM-2.138P,NBM,healthy,normal
CGGAGTCTCGTTTATC-1-NBM-1.138P,NBM,healthy,normal
AACTCCCGTATCACCA-1-NBM-10.138P,NBM,healthy,normal
CCTTCGAAGACCACGA-1-NBM-8.138P,NBM,healthy,normal
ATCGAGTAGAATAGGG-1-NBM-7.138P,NBM,healthy,normal
TATTACCCACGAAAGC-1-NBM-10.138P,NBM,healthy,normal
ATCTACTGTGCACTTA-1-NBM-7.138P,NBM,healthy,normal
GCGAGAATCCAGAGGA-1-NBM-8.138P,NBM,healthy,normal
TCAATCTCATGCATGT-1-NBM-7.138P,NBM,healthy,normal
TCTCATACAGCTCGAC-1-NBM-11.138P,NBM,healthy,normal
GCATGATCATCGACGC-1-NBM-2.138P,NBM,healthy,normal
ATCATGGAGAATTGTG-1-NBM-8.138P,NBM,healthy,normal
CAGGTGCAGAGCTATA-1-NBM-11.138P,NBM,healthy,normal
GCTGCTTAGTGGGTTG-1-NBM-7.138P,NBM,healthy,normal
CTACGTCAGACAGGCT-1-NBM-10.138P,NBM,healthy,normal
AGACGTTGTTCTCATT-1-NBM-1.138P,NBM,healthy,normal
AGGGATGTCAGCTTAG-1-NBM-10.138P,NBM,healthy,normal
CGTTAGAAGCACGCCT-1-NBM-1.138P,NBM,healthy,normal
AGGGAGTAGTAGATGT-1-NBM-10.138P,NBM,healthy,normal
AACTTTCCATTCACTT-1-NBM-8.138P,NBM,healthy,normal
TCATTTGCATCGACGC-1-NBM-7.138P,NBM,healthy,normal
CCTCAGTAGAGGTACC-1-NBM-6.138P,NBM,healthy,normal
GCTGCGACAGTTCATG-1-NBM-10.138P,NBM,healthy,normal
TTATGCTGTTCGTCTC-1-NBM-7.138P,NBM,healthy,normal
CTCGTACTCGGAAATA-1-NBM-10.138P,NBM,healthy,normal
CGATGTAAGTAGCGGT-1-NBM-8.138P,NBM,healthy,normal
CCTTTCTGTTACCAGT-1-NBM-1.138P,NBM,healthy,normal
TCTGAGATCCTTTCGG-1-NBM-10.138P,NBM,healthy,normal
GTCACAACACATCTTT-1-NBM-10.138P,NBM,healthy,normal
TAGAGCTCACCCATTC-1-NBM-11.138P,NBM,healthy,normal
CCAATCCTCACTATTC-1-NBM-11.138P,NBM,healthy,normal
TATCAGGAGTTAAGTG-1-NBM-2.138P,NBM,healthy,normal
AGTGAGGCATCAGTCA-1-NBM-7.138P,NBM,healthy,normal
AACTCCCAGGCAGGTT-1-NBM-10.138P,NBM,healthy,normal
CGTCTACTCCCACTTG-1-NBM-1.138P,NBM,healthy,normal
ATTCTACGTCTCGTTC-1-NBM-10.138P,NBM,healthy,normal
CACACCTCATTTGCTT-1-NBM-2.138P,NBM,healthy,normal
TCAACGACAGGGCATA-1-NBM-8.138P,NBM,healthy,normal
TGACTTTAGGACGAAA-1-NBM-7.138P,NBM,healthy,normal
GTGGGTCAGCTCTCGG-1-NBM-10.138P,NBM,healthy,normal
CAACCTCGTGTCCTCT-1-NBM-10.138P,NBM,healthy,normal
CTACACCCAGATGGCA-1-NBM-8.138P,NBM,healthy,normal
AAATGCCGTTCAGGCC-1-NBM-11.138P,NBM,healthy,normal
CACACTCTCCACGACG-1-NBM-10.138P,NBM,healthy,normal
TAGACCACAGTATCTG-1-NBM-11.138P,NBM,healthy,normal
AACCGCGAGTACGCGA-1-NBM-6.138P,NBM,healthy,normal
GTTACAGTCGGGAGTA-1-NBM-10.138P,NBM,healthy,normal
CGTCAGGGTCATCCCT-1-NBM-8.138P,NBM,healthy,normal
AACTGGTTCACATGCA-1-NBM-1.138P,NBM,healthy,normal
CAGAGAGTCTAAGCCA-1-NBM-2.138P,NBM,healthy,normal
CTCCTAGAGGCCGAAT-1-NBM-7.138P,NBM,healthy,normal
CATCGGGAGTCTCCTC-1-NBM-8.138P,NBM,healthy,normal
GATGAAATCACATACG-1-NBM-8.138P,NBM,healthy,normal
AGAGCGATCTTGACGA-1-NBM-7.138P,NBM,healthy,normal
TGGTTAGTCAACACAC-1-NBM-7.138P,NBM,healthy,normal
CATATTCAGAATGTGT-1-NBM-8.138P,NBM,healthy,normal
ATGTGTGCATGAACCT-1-NBM-6.138P,NBM,healthy,normal
AACTGGTCACCAACCG-1-NBM-8.138P,NBM,healthy,normal
CACATTTTCCGGCACA-1-NBM-10.138P,NBM,healthy,normal
GTCCTCACACTGTTAG-1-NBM-6.138P,NBM,healthy,normal
CCTACACCATCCGTGG-1-NBM-8.138P,NBM,healthy,normal
GCTGCAGAGCTGGAAC-1-NBM-8.138P,NBM,healthy,normal
AATCCAGCAAGCGCTC-1-NBM-10.138P,NBM,healthy,normal
ATGGGAGAGGATATAC-1-NBM-10.138P,NBM,healthy,normal
AACCGCGGTCATACTG-1-NBM-7.138P,NBM,healthy,normal
ACGAGGAAGAACTGTA-1-NBM-10.138P,NBM,healthy,normal
CATGGCGGTCCTCTTG-1-NBM-8.138P,NBM,healthy,normal
GCAGTTAGTCGAATCT-1-NBM-6.138P,NBM,healthy,normal
TCCCGATTCAGATAAG-1-NBM-1.138P,NBM,healthy,normal
TCAGCAAGTCGCCATG-1-NBM-2.138P,NBM,healthy,normal
AAGTCTGGTACCATCA-1-NBM-10.138P,NBM,healthy,normal
CATATGGGTTCTCATT-1-NBM-11.138P,NBM,healthy,normal
ATAACGCAGCCTATGT-1-NBM-7.138P,NBM,healthy,normal
GTACTTTTCTCGCATC-1-NBM-7.138P,NBM,healthy,normal
AGTGAGGAGGCTCTTA-1-NBM-4.138P,NBM,healthy,normal
GACGTTATCCTATTCA-1-NBM-2.138P,NBM,healthy,normal
CTAATGGGTTGAGTTC-1-NBM-1.138P,NBM,healthy,normal
CGCTGGACAAGCTGGA-1-NBM-10.138P,NBM,healthy,normal
AGCATACTCTAACTGG-1-NBM-8.138P,NBM,healthy,normal
TAAGCGTAGGGAGTAA-1-NBM-10.138P,NBM,healthy,normal
ACTGAACTCTTATCTG-1-NBM-7.138P,NBM,healthy,normal
GCGCCAAAGCGTGTCC-1-NBM-6.138P,NBM,healthy,normal
TGACTTTTCCGCGCAA-1-NBM-10.138P,NBM,healthy,normal
GATTCAGAGTCCTCCT-1-NBM-10.138P,NBM,healthy,normal
ACGAGCCAGAGCTTCT-1-NBM-8.138P,NBM,healthy,normal
TACTCATCACCTGGTG-1-NBM-7.138P,NBM,healthy,normal
GACGCGTAGACCGGAT-1-NBM-1.138P,NBM,healthy,normal
CTGATCCCAGACGCTC-1-NBM-10.138P,NBM,healthy,normal
CTCGGAGAGTCCTCCT-1-NBM-11.138P,NBM,healthy,normal
GACCTGGTCAGTTCGA-1-NBM-6.138P,NBM,healthy,normal
GGGAGATTCTGCCAGG-1-NBM-10.138P,NBM,healthy,normal
GTTTCTACACTGTGTA-1-NBM-10.138P,NBM,healthy,normal
TCTTTCCGTGCTTCTC-1-NBM-10.138P,NBM,healthy,normal
ACAGCCGAGTACGATA-1-NBM-8.138P,NBM,healthy,normal
AGGGATGGTGTCCTCT-1-NBM-4.138P,NBM,healthy,normal
ACCGTAAGTTGGTAAA-1-NBM-2.138P,NBM,healthy,normal
ATAAGAGTCTGGTATG-1-NBM-10.138P,NBM,healthy,normal
AAACGGGCAACTGCTA-1-NBM-8.138P,NBM,healthy,normal
ACGGGTCAGCCACGTC-1-NBM-11.138P,NBM,healthy,normal
CCGGTAGGTCGCGAAA-1-NBM-11.138P,NBM,healthy,normal
GGATGTTAGCGATAGC-1-NBM-8.138P,NBM,healthy,normal
ATCGAGTAGATAGCAT-1-NBM-8.138P,NBM,healthy,normal
CGCTGGAGTTAAGACA-1-NBM-6.138P,NBM,healthy,normal
GTTTCTAAGCTGATAA-1-NBM-10.138P,NBM,healthy,normal
ACGATACTCGTTTGCC-1-NBM-10.138P,NBM,healthy,normal
ATCGAGTCACATGTGT-1-NBM-7.138P,NBM,healthy,normal
GATGAAATCTAACTGG-1-NBM-8.138P,NBM,healthy,normal
CGCTATCTCACAATGC-1-NBM-7.138P,NBM,healthy,normal
GCTGCTTGTCGAGATG-1-NBM-10.138P,NBM,healthy,normal
CGGAGCTAGGCTAGCA-1-NBM-10.138P,NBM,healthy,normal
AGCTCTCGTTTGACTG-1-NBM-11.138P,NBM,healthy,normal
GGAGCAAAGAATAGGG-1-NBM-8.138P,NBM,healthy,normal
TTCTCAAGTAGCCTCG-1-NBM-2.138P,NBM,healthy,normal
GGACGTCGTTGGACCC-1-NBM-10.138P,NBM,healthy,normal
GAAGCAGCAGTAACGG-1-NBM-10.138P,NBM,healthy,normal
GCGCGATCATGCATGT-1-NBM-2.138P,NBM,healthy,normal
TTTATGCTCTTCATGT-1-NBM-11.138P,NBM,healthy,normal
CGATCGGCAATGAAAC-1-NBM-10.138P,NBM,healthy,normal
GCTCCTATCTTATCTG-1-NBM-8.138P,NBM,healthy,normal
AAGGCAGAGCACAGGT-1-NBM-7.138P,NBM,healthy,normal
AAATGCCTCCGCATCT-1-NBM-7.138P,NBM,healthy,normal
AGCTCCTGTCCAACTA-1-NBM-8.138P,NBM,healthy,normal
TCTGGAAAGGAGCGTT-1-NBM-11.138P,NBM,healthy,normal
GTACTCCTCTAGAGTC-1-NBM-7.138P,NBM,healthy,normal
CTTAACTGTTAGGGTG-1-NBM-7.138P,NBM,healthy,normal
ATCATCTGTGCTCTTC-1-NBM-7.138P,NBM,healthy,normal
ACCAGTACAACCGCCA-1-NBM-1.138P,NBM,healthy,normal
GTCACGGTCACTTATC-1-NBM-7.138P,NBM,healthy,normal
CAACCTCCATCTACGA-1-NBM-7.138P,NBM,healthy,normal
TAGACCAAGTACGTAA-1-NBM-8.138P,NBM,healthy,normal
CTGCCTAAGTTGAGTA-1-NBM-8.138P,NBM,healthy,normal
GTCACAAGTTTGTTTC-1-NBM-8.138P,NBM,healthy,normal
AGCCTAAAGTGCGTGA-1-NBM-10.138P,NBM,healthy,normal
GTATTCTGTTCCACAA-1-NBM-10.138P,NBM,healthy,normal
TTAACTCAGTGGGCTA-1-NBM-7.138P,NBM,healthy,normal
CCTCAGTAGAGCTATA-1-NBM-11.138P,NBM,healthy,normal
TTGCGTCCAATCCAAC-1-NBM-10.138P,NBM,healthy,normal
ACCAGTAGTCACTTCC-1-NBM-8.138P,NBM,healthy,normal
CCCATACGTATCTGCA-1-NBM-11.138P,NBM,healthy,normal
TACAGTGTCCGCTGTT-1-NBM-8.138P,NBM,healthy,normal
AGTAGTCGTCTAACGT-1-NBM-1.138P,NBM,healthy,normal
CGACCTTCAAACAACA-1-NBM-10.138P,NBM,healthy,normal
GTCAAGTGTCCATCCT-1-NBM-1.138P,NBM,healthy,normal
TAGAGCTAGTGCGATG-1-NBM-8.138P,NBM,healthy,normal
TAAGCGTTCTACTCAT-1-NBM-2.138P,NBM,healthy,normal
TTCCCAGCACACCGCA-1-NBM-10.138P,NBM,healthy,normal
AACTCTTCAGGGATTG-1-NBM-11.138P,NBM,healthy,normal
CTCGAAAAGTGCCAGA-1-NBM-10.138P,NBM,healthy,normal
TCGGGACTCTTGTCAT-1-NBM-2.138P,NBM,healthy,normal
GTAACTGGTGTAATGA-1-NBM-1.138P,NBM,healthy,normal
TACGGTATCTCTGTCG-1-NBM-7.138P,NBM,healthy,normal
CATCCACTCATAGCAC-1-NBM-11.138P,NBM,healthy,normal
GACGCGTGTCTCTCGT-1-NBM-10.138P,NBM,healthy,normal
AGTCTTTTCAGTTTGG-1-NBM-6.138P,NBM,healthy,normal
CCCTCCTCATAAAGGT-1-NBM-1.138P,NBM,healthy,normal
ACACCCTCAAAGCGGT-1-NBM-8.138P,NBM,healthy,normal
CATATTCTCCTTTCTC-1-NBM-7.138P,NBM,healthy,normal
ACACCAAAGCTGAACG-1-NBM-8.138P,NBM,healthy,normal
CAGCATAAGCTCCCAG-1-NBM-10.138P,NBM,healthy,normal
TCACAAGCATCAGTAC-1-NBM-6.138P,NBM,healthy,normal
AGGCCGTCAAGAGGCT-1-NBM-10.138P,NBM,healthy,normal
GACACGCAGCTGAAAT-1-NBM-2.138P,NBM,healthy,normal
GGACAAGGTGCAACGA-1-NBM-7.138P,NBM,healthy,normal
GCGGGTTGTGGGTCAA-1-NBM-6.138P,NBM,healthy,normal
GCGAGAAAGCCTTGAT-1-NBM-8.138P,NBM,healthy,normal
AAATGCCTCAAGAAGT-1-NBM-10.138P,NBM,healthy,normal
ATCACGATCACAACGT-1-NBM-8.138P,NBM,healthy,normal
AAACCTGAGCAGACTG-1-NBM-10.138P,NBM,healthy,normal
GGTGAAGTCAACGAAA-1-NBM-10.138P,NBM,healthy,normal
ATTACTCGTTTAGCTG-1-NBM-8.138P,NBM,healthy,normal
CAGATCAGTAAGGATT-1-NBM-8.138P,NBM,healthy,normal
CAACCAAGTTACAGAA-1-NBM-3.138P,NBM,healthy,normal
TTCGAAGTCATGGTCA-1-NBM-10.138P,NBM,healthy,normal
GGGCATCGTCTCTTTA-1-NBM-10.138P,NBM,healthy,normal
GGAACTTTCATACGGT-1-NBM-10.138P,NBM,healthy,normal
TGCGTGGTCCTTTCGG-1-NBM-10.138P,NBM,healthy,normal
TAAACCGTCAAGCCTA-1-NBM-11.138P,NBM,healthy,normal
GGGACCTAGGGTTCCC-1-NBM-11.138P,NBM,healthy,normal
GCGCAGTAGCAATCTC-1-NBM-7.138P,NBM,healthy,normal
GACGGCTAGTGGAGAA-1-NBM-8.138P,NBM,healthy,normal
CGGAGCTAGATGCGAC-1-NBM-10.138P,NBM,healthy,normal
CGGTTAAGTCGCTTTC-1-NBM-10.138P,NBM,healthy,normal
CCCATACCACTAAGTC-1-NBM-8.138P,NBM,healthy,normal
ACTGCTCCAGACAAAT-1-NBM-7.138P,NBM,healthy,normal
TGCTACCCAGAAGCAC-1-NBM-10.138P,NBM,healthy,normal
GTGTGCGTCGTTGCCT-1-NBM-2.138P,NBM,healthy,normal
CCGGGATAGCTTATCG-1-NBM-10.138P,NBM,healthy,normal
TACTCATGTCAACATC-1-NBM-8.138P,NBM,healthy,normal
TACGGATTCAAGATCC-1-NBM-1.138P,NBM,healthy,normal
TGCTACCAGGGCTCTC-1-NBM-6.138P,NBM,healthy,normal
GGAGCAAGTACACCGC-1-NBM-1.138P,NBM,healthy,normal
CCTTCGAAGTGTCCAT-1-NBM-2.138P,NBM,healthy,normal
GTGCAGCAGCGTCAAG-1-NBM-8.138P,NBM,healthy,normal
TGCGCAGTCAGCTGGC-1-NBM-10.138P,NBM,healthy,normal
TTGGAACCAGCATACT-1-NBM-8.138P,NBM,healthy,normal
CTTACCGTCGCCTGAG-1-NBM-2.138P,NBM,healthy,normal
TACAGTGAGCTGCCCA-1-NBM-4.138P,NBM,healthy,normal
ACATACGCAGCAGTTT-1-NBM-8.138P,NBM,healthy,normal
GTGCAGCCAAGAAGAG-1-NBM-7.138P,NBM,healthy,normal
ATCTGCCGTTGGTAAA-1-NBM-4.138P,NBM,healthy,normal
GAGCAGACATTACCTT-1-NBM-8.138P,NBM,healthy,normal
AAATGCCTCCCAAGAT-1-NBM-7.138P,NBM,healthy,normal
GGTGTTAAGTCCAGGA-1-NBM-11.138P,NBM,healthy,normal
GGTGCGTAGCGTAATA-1-NBM-7.138P,NBM,healthy,normal
CGCCAAGGTGACTACT-1-NBM-10.138P,NBM,healthy,normal
TGGCTGGGTCCTCCAT-1-NBM-10.138P,NBM,healthy,normal
AAATGCCAGGGAAACA-1-NBM-7.138P,NBM,healthy,normal
GCCAAATCATTACCTT-1-NBM-8.138P,NBM,healthy,normal
TAGAGCTGTCACTGGC-1-NBM-10.138P,NBM,healthy,normal
AGTGTCATCACCGTAA-1-NBM-10.138P,NBM,healthy,normal
CTGCGGATCTTGCCGT-1-NBM-7.138P,NBM,healthy,normal
TGGTTAGAGCGTTGCC-1-NBM-10.138P,NBM,healthy,normal
ATCATCTAGCTAAACA-1-NBM-10.138P,NBM,healthy,normal
CACATTTAGTGAACGC-1-NBM-8.138P,NBM,healthy,normal
TAAGAGAAGAGCCCAA-1-NBM-10.138P,NBM,healthy,normal
TCAGCTCAGGGCATGT-1-NBM-7.138P,NBM,healthy,normal
GCTGCGAAGTGGAGAA-1-NBM-1.138P,NBM,healthy,normal
CACAGTAGTGTTTGTG-1-NBM-7.138P,NBM,healthy,normal
TACGGTACAATAAGCA-1-NBM-8.138P,NBM,healthy,normal
ACACCCTAGAGCTGCA-1-NBM-2.138P,NBM,healthy,normal
CTGGTCTAGACTAGAT-1-NBM-7.138P,NBM,healthy,normal
TGCCAAACAAGTCATC-1-NBM-8.138P,NBM,healthy,normal
GCGAGAAAGACAATAC-1-NBM-1.138P,NBM,healthy,normal
CTGAAACGTTCGAATC-1-NBM-10.138P,NBM,healthy,normal
CTCGAGGCACATCTTT-1-NBM-7.138P,NBM,healthy,normal
GCGCAGTTCAGCACAT-1-NBM-7.138P,NBM,healthy,normal
GTAACTGAGTTAGCGG-1-NBM-1.138P,NBM,healthy,normal
TTAGGCAGTCGGCACT-1-NBM-10.138P,NBM,healthy,normal
TACTTGTTCCTCAATT-1-NBM-6.138P,NBM,healthy,normal
TCTGAGACACTACAGT-1-NBM-10.138P,NBM,healthy,normal
TAAGCGTTCTAGAGTC-1-NBM-10.138P,NBM,healthy,normal
GTTACAGCACTTAACG-1-NBM-10.138P,NBM,healthy,normal
GACTGCGAGCGTGAGT-1-NBM-7.138P,NBM,healthy,normal
CGTAGGCGTGCCTTGG-1-NBM-2.138P,NBM,healthy,normal
TGGCGCAAGCTGCGAA-1-NBM-8.138P,NBM,healthy,normal
ACCAGTATCAAGATCC-1-NBM-8.138P,NBM,healthy,normal
TTAGGCATCACGCGGT-1-NBM-8.138P,NBM,healthy,normal
CAGGTGCGTTAAGTAG-1-NBM-6.138P,NBM,healthy,normal
AGGGATGAGATAGCAT-1-NBM-11.138P,NBM,healthy,normal
CGTGTCTCATAAAGGT-1-NBM-8.138P,NBM,healthy,normal
CAAGTTGTCACTTACT-1-NBM-11.138P,NBM,healthy,normal
CATTATCAGCACGCCT-1-NBM-7.138P,NBM,healthy,normal
TATCAGGCACATTAGC-1-NBM-10.138P,NBM,healthy,normal
CGCGTTTAGGAGTTGC-1-NBM-7.138P,NBM,healthy,normal
CTGTGCTGTATGAAAC-1-NBM-2.138P,NBM,healthy,normal
TTTCCTCAGGCTCTTA-1-NBM-8.138P,NBM,healthy,normal
CACACTCCATTCGACA-1-NBM-1.138P,NBM,healthy,normal
TACCTATCAAACCTAC-1-NBM-10.138P,NBM,healthy,normal
CACACCTGTGGCGAAT-1-NBM-10.138P,NBM,healthy,normal
GCTCCTATCACATAGC-1-NBM-6.138P,NBM,healthy,normal
GTGCGGTGTAAAGTCA-1-NBM-1.138P,NBM,healthy,normal
GATGAAACACTGAAGG-1-NBM-7.138P,NBM,healthy,normal
AACGTTGTCGGCGCTA-1-NBM-8.138P,NBM,healthy,normal
CATGACATCGCCTGAG-1-NBM-10.138P,NBM,healthy,normal
CGGGTCACACGACGAA-1-NBM-10.138P,NBM,healthy,normal
AGGGATGGTCGCGAAA-1-NBM-8.138P,NBM,healthy,normal
TGAGCATAGGAGTTTA-1-NBM-8.138P,NBM,healthy,normal
CTGATAGGTATCTGCA-1-NBM-11.138P,NBM,healthy,normal
TGAGGGACAGACTCGC-1-NBM-8.138P,NBM,healthy,normal
GTGAAGGCATACTACG-1-NBM-8.138P,NBM,healthy,normal
TAAGAGATCGGACAAG-1-NBM-11.138P,NBM,healthy,normal
GGTGAAGGTCTTCGTC-1-NBM-1.138P,NBM,healthy,normal
AGCGGTCTCACAATGC-1-NBM-1.138P,NBM,healthy,normal
TAGTGGTCAGCCTATA-1-NBM-6.138P,NBM,healthy,normal
GGAACTTAGTGAATTG-1-NBM-8.138P,NBM,healthy,normal
GGAACTTGTTTGGCGC-1-NBM-10.138P,NBM,healthy,normal
CTCGGGACAAATTGCC-1-NBM-11.138P,NBM,healthy,normal
TCGTACCGTGTAAGTA-1-NBM-2.138P,NBM,healthy,normal
ACGGGCTCACTGCCAG-1-NBM-10.138P,NBM,healthy,normal
AACTCCCCACGGTGTC-1-NBM-6.138P,NBM,healthy,normal
TTCGGTCGTCTCATCC-1-NBM-10.138P,NBM,healthy,normal
ACTGATGTCATGTCTT-1-NBM-2.138P,NBM,healthy,normal
TTGTAGGAGCTGAAAT-1-NBM-11.138P,NBM,healthy,normal
GTACTCCTCGATAGAA-1-NBM-2.138P,NBM,healthy,normal
CGTCTACTCCCAGGTG-1-NBM-1.138P,NBM,17,normal
CCTTCCCTCTTGTATC-1-NBM-11.138P,NBM,healthy,normal
CTACATTTCGCCGTGA-1-NBM-4.138P,NBM,healthy,normal
CTAGTGAGTTGAACTC-1-NBM-11.138P,NBM,healthy,normal
GCGCAGTGTAGGAGTC-1-NBM-10.138P,NBM,healthy,normal
TGGCTGGTCCTTCAAT-1-NBM-7.138P,NBM,healthy,normal
CGTTCTGTCGCATGGC-1-NBM-7.138P,NBM,healthy,normal
ATTACTCAGCGGCTTC-1-NBM-6.138P,NBM,healthy,normal
GACCAATGTCTCAACA-1-NBM-6.138P,NBM,healthy,normal
CTTACCGTCAGCCTAA-1-NBM-1.138P,NBM,healthy,normal
TCGTACCAGCGTCTAT-1-NBM-8.138P,NBM,healthy,normal
TGACTTTTCGGCCGAT-1-NBM-1.138P,NBM,healthy,normal
AGCCTAAGTGGCAAAC-1-NBM-8.138P,NBM,healthy,normal
TCTATTGTCTGTACGA-1-NBM-6.138P,NBM,healthy,normal
TCAGATGAGAGGACGG-1-NBM-8.138P,NBM,healthy,normal
TGCACCTAGCGCTTAT-1-NBM-11.138P,NBM,healthy,normal
TCGGGACAGGATATAC-1-NBM-1.138P,NBM,healthy,normal
GCATGTACAGTATAAG-1-NBM-10.138P,NBM,healthy,normal
TGACGGCCACAGCGTC-1-NBM-11.138P,NBM,17,normal
TTCTCAACAAAGTCAA-1-NBM-8.138P,NBM,healthy,normal
CCCTCCTAGTGTTGAA-1-NBM-8.138P,NBM,healthy,normal
GCTGGGTCAGTCTTCC-1-NBM-6.138P,NBM,healthy,normal
AACGTTGAGACAATAC-1-NBM-10.138P,NBM,healthy,normal
AAACGGGCAATTCCTT-1-NBM-11.138P,NBM,healthy,normal
ACATACGCATGCCTTC-1-NBM-8.138P,NBM,healthy,normal
GTAGGCCGTATATCCG-1-NBM-8.138P,NBM,healthy,normal
TAGCCGGGTTAGGGTG-1-NBM-7.138P,NBM,healthy,normal
TACTCATGTCGCATCG-1-NBM-8.138P,NBM,healthy,normal
AAGGTTCGTTGGACCC-1-NBM-10.138P,NBM,healthy,normal
GAATAAGGTGCGGTAA-1-NBM-10.138P,NBM,healthy,normal
GTGGGTCAGGGAGTAA-1-NBM-10.138P,NBM,healthy,normal
TAGCCGGGTATGGTTC-1-NBM-10.138P,NBM,healthy,normal
GTGCTTCTCTATGTGG-1-NBM-10.138P,NBM,healthy,normal
TTTGGTTCAGCCAATT-1-NBM-10.138P,NBM,healthy,normal
GTCACAAAGGAGTTTA-1-NBM-8.138P,NBM,healthy,normal
CTCGAGGAGAACTCGG-1-NBM-8.138P,NBM,healthy,normal
CGGCTAGTCAGCTCTC-1-NBM-11.138P,NBM,healthy,normal
ACGTCAAGTGCAACTT-1-NBM-10.138P,NBM,healthy,normal
TTAGTTCGTCTCCACT-1-NBM-10.138P,NBM,healthy,normal
TGACAACGTCTGCCAG-1-NBM-11.138P,NBM,healthy,normal
CTACACCAGAATTGTG-1-NBM-2.138P,NBM,healthy,normal
GACGGCTGTCGCTTCT-1-NBM-8.138P,NBM,healthy,normal
GACGTTAAGATTACCC-1-NBM-11.138P,NBM,healthy,normal
CGTCACTGTGATGTGG-1-NBM-7.138P,NBM,healthy,normal
CAAGTTGTCAAGGTAA-1-NBM-10.138P,NBM,healthy,normal
CTTCTCTCAAGACGTG-1-NBM-10.138P,NBM,healthy,normal
GTGCAGCAGGGCTTCC-1-NBM-2.138P,NBM,17,normal
GGAACTTCACATAACC-1-NBM-8.138P,NBM,healthy,normal
CGTGAGCGTCTCCATC-1-NBM-11.138P,NBM,healthy,normal
GTGTGCGGTTGTGGAG-1-NBM-10.138P,NBM,healthy,normal
CGTGAGCTCGGACAAG-1-NBM-2.138P,NBM,healthy,normal
CACATTTGTTTGTTGG-1-NBM-7.138P,NBM,healthy,normal
ATCCACCTCCTTTCGG-1-NBM-10.138P,NBM,healthy,normal
AGGGATGTCTGCGTAA-1-NBM-2.138P,NBM,healthy,normal
AACTCTTCAATGGTCT-1-NBM-10.138P,NBM,healthy,normal
CGGACACCAGACAAAT-1-NBM-2.138P,NBM,healthy,normal
TTTCCTCCAGTTTACG-1-NBM-10.138P,NBM,healthy,normal
AGTGAGGCAAACCTAC-1-NBM-6.138P,NBM,healthy,normal
CGCTATCGTCCCGACA-1-NBM-7.138P,NBM,healthy,normal
CACATTTCATCCCATC-1-NBM-6.138P,NBM,healthy,normal
TACTCATCAGGGAGAG-1-NBM-1.138P,NBM,healthy,normal
AGTGAGGTCCTATTCA-1-NBM-7.138P,NBM,healthy,normal
CAACCTCAGTCAAGGC-1-NBM-8.138P,NBM,healthy,normal
GCAAACTAGTGTTTGC-1-NBM-8.138P,NBM,healthy,normal
CCCAATCAGTTAACGA-1-NBM-2.138P,NBM,healthy,normal
TGTGGTATCAAACGGG-1-NBM-11.138P,NBM,healthy,normal
CACCACTGTCCAACTA-1-NBM-10.138P,NBM,healthy,normal
CGTTAGAGTCATGCCG-1-NBM-2.138P,NBM,healthy,normal
CATCGGGTCTGTTGAG-1-NBM-7.138P,NBM,healthy,normal
TCTGGAATCTTCTGGC-1-NBM-8.138P,NBM,healthy,normal
TTCTACAGTGATGTCT-1-NBM-8.138P,NBM,healthy,normal
ACGTCAAGTAATCGTC-1-NBM-6.138P,NBM,healthy,normal
ATTACTCAGCCCAATT-1-NBM-10.138P,NBM,healthy,normal
TAAGAGACAATAACGA-1-NBM-10.138P,NBM,healthy,normal
CACATAGCACGGCGTT-1-NBM-10.138P,NBM,healthy,normal
CCCATACGTAGCTAAA-1-NBM-1.138P,NBM,healthy,normal
TCTGAGATCAACACAC-1-NBM-7.138P,NBM,healthy,normal
AGACGTTTCGTCCGTT-1-NBM-10.138P,NBM,healthy,normal
GGTGTTACACCTCGGA-1-NBM-10.138P,NBM,healthy,normal
AAGTCTGGTACATCCA-1-NBM-11.138P,NBM,healthy,normal
CTGCGGATCATGGTCA-1-NBM-10.138P,NBM,healthy,normal
AGTGTCAAGCCGCCTA-1-NBM-7.138P,NBM,healthy,normal
CCTTCGATCTTGAGGT-1-NBM-8.138P,NBM,healthy,normal
ACCAGTACAATCGGTT-1-NBM-1.138P,NBM,healthy,normal
CGGAGTCGTTTCGCTC-1-NBM-10.138P,NBM,healthy,normal
ACTGTCCGTGATGCCC-1-NBM-11.138P,NBM,healthy,normal
ACGAGCCTCATGCTCC-1-NBM-10.138P,NBM,healthy,normal
TGTGTTTTCTAACCGA-1-NBM-1.138P,NBM,healthy,normal
CTGCGGATCCAGAAGG-1-NBM-8.138P,NBM,healthy,normal
TTCGGTCTCGGATGGA-1-NBM-7.138P,NBM,healthy,normal
GTAACGTCATCGATGT-1-NBM-8.138P,NBM,healthy,normal
ATTGGACGTAGGGACT-1-NBM-8.138P,NBM,healthy,normal
GTCACGGCAGAGCCAA-1-NBM-1.138P,NBM,healthy,normal
TCGTACCGTCCAGTGC-1-NBM-10.138P,NBM,healthy,normal
TTAGGACGTCTGCAAT-1-NBM-10.138P,NBM,healthy,normal
CACACAACAGATAATG-1-NBM-11.138P,NBM,healthy,normal
ACGCAGCCACGGATAG-1-NBM-6.138P,NBM,healthy,normal
ACTATCTCAAACGCGA-1-NBM-8.138P,NBM,healthy,normal
GTTTCTACAGAAGCAC-1-NBM-4.138P,NBM,healthy,normal
CGGGTCATCATTGCGA-1-NBM-10.138P,NBM,healthy,normal
TCCACACGTAGCACGA-1-NBM-6.138P,NBM,healthy,normal
AGAGCGATCCGTCAAA-1-NBM-8.138P,NBM,healthy,normal
CTAACTTAGAACAATC-1-NBM-1.138P,NBM,healthy,normal
CTAATGGGTAGCTCCG-1-NBM-10.138P,NBM,healthy,normal
CCGTTCAAGGTCGGAT-1-NBM-8.138P,NBM,healthy,normal
CGCTATCGTGAGGCTA-1-NBM-10.138P,NBM,healthy,normal
GTAGGCCAGCGGCTTC-1-NBM-1.138P,NBM,healthy,normal
CAGCAGCAGTCAATAG-1-NBM-2.138P,NBM,healthy,normal
AATCGGTGTTACGTCA-1-NBM-10.138P,NBM,healthy,normal
CGTCAGGTCCTATGTT-1-NBM-8.138P,NBM,healthy,normal
TAGAGCTAGCGTCTAT-1-NBM-7.138P,NBM,healthy,normal
GTCGTAAGTCTAGTCA-1-NBM-8.138P,NBM,healthy,normal
CGGACACCACATAACC-1-NBM-6.138P,NBM,healthy,normal
AGACGTTGTCGAAAGC-1-NBM-10.138P,NBM,healthy,normal
GTCACAAGTACCATCA-1-NBM-8.138P,NBM,healthy,normal
TGCCCATGTCATCGGC-1-NBM-2.138P,NBM,17,normal
TGCGGGTTCCAAAGTC-1-NBM-7.138P,NBM,healthy,normal
CGCTTCAAGTCGCCGT-1-NBM-11.138P,NBM,healthy,normal
CGACCTTAGTGCGTGA-1-NBM-8.138P,NBM,healthy,normal
CGGCTAGCAGGGATTG-1-NBM-10.138P,NBM,healthy,normal
CCGGGATGTGCACTTA-1-NBM-7.138P,NBM,healthy,normal
CGCGTTTCACATCCAA-1-NBM-11.138P,NBM,healthy,normal
TAAGAGAAGGTGCAAC-1-NBM-10.138P,NBM,healthy,normal
GAACGGAGTAGGGACT-1-NBM-8.138P,NBM,healthy,normal
CCTCAGTGTAGCTTGT-1-NBM-10.138P,NBM,healthy,normal
ACATACGTCTCGCATC-1-NBM-10.138P,NBM,healthy,normal
CTCGAAAGTATATGAG-1-NBM-10.138P,NBM,healthy,normal
GCCTCTATCTAACTTC-1-NBM-7.138P,NBM,healthy,normal
TGTATTCCATATACGC-1-NBM-8.138P,NBM,healthy,normal
ATTATCCAGTTGAGTA-1-NBM-10.138P,NBM,healthy,normal
CACCACTAGCTGTCTA-1-NBM-1.138P,NBM,healthy,normal
ACTTGTTAGGACCACA-1-NBM-10.138P,NBM,healthy,normal
TCAGATGCATGGTCTA-1-NBM-6.138P,NBM,healthy,normal
ACATACGAGTCGTACT-1-NBM-8.138P,NBM,healthy,normal
CTCATTAGTACAGTTC-1-NBM-11.138P,NBM,healthy,normal
AGAGTGGCACCGGAAA-1-NBM-11.138P,NBM,healthy,normal
CTGATAGAGGACAGAA-1-NBM-8.138P,NBM,healthy,normal
ATCCGAACAATGGAAT-1-NBM-8.138P,NBM,healthy,normal
TCCCGATGTCCGAATT-1-NBM-11.138P,NBM,healthy,normal
CCGTACTTCTCGAGTA-1-NBM-8.138P,NBM,healthy,normal
CCTCAGTGTAAACCTC-1-NBM-1.138P,NBM,healthy,normal
ACTGATGCACTCTGTC-1-NBM-7.138P,NBM,healthy,normal
TTATGCTCAGTAAGAT-1-NBM-8.138P,NBM,healthy,normal
ACAGCTATCACAATGC-1-NBM-2.138P,NBM,healthy,normal
AGCATACGTAGCTTGT-1-NBM-10.138P,NBM,healthy,normal
GTTCTCGAGCGCCTTG-1-NBM-2.138P,NBM,healthy,normal
CCTAGCTTCAACACCA-1-NBM-1.138P,NBM,healthy,normal
TGAGAGGCACTAAGTC-1-NBM-6.138P,NBM,healthy,normal
CAAGATCAGGACCACA-1-NBM-11.138P,NBM,healthy,normal
GATCGATTCACGGTTA-1-NBM-11.138P,NBM,healthy,normal
AACCGCGCATAACCTG-1-NBM-1.138P,NBM,healthy,normal
AGCTCTCCACTGTCGG-1-NBM-8.138P,NBM,healthy,normal
GACACGCCAATCGAAA-1-NBM-10.138P,NBM,healthy,normal
GGCCGATGTCATCGGC-1-NBM-8.138P,NBM,healthy,normal
AGTGAGGAGCGAAGGG-1-NBM-2.138P,NBM,healthy,normal
AGAGCTTTCCCTAATT-1-NBM-10.138P,NBM,healthy,normal
CTGCGGACAGGTTTCA-1-NBM-10.138P,NBM,healthy,normal
GGATTACCAATGACCT-1-NBM-2.138P,NBM,healthy,normal
TGACGGCCAAGCCGTC-1-NBM-7.138P,NBM,healthy,normal
CCACTACAGTAAGTAC-1-NBM-2.138P,NBM,healthy,normal
TAAGTGCAGCTAGTCT-1-NBM-10.138P,NBM,healthy,normal
CGTCTACGTGTTCGAT-1-NBM-7.138P,NBM,healthy,normal
CCTACCATCCAGATCA-1-NBM-6.138P,NBM,healthy,normal
CCTTCGACAGGAATCG-1-NBM-8.138P,NBM,healthy,normal
CAGCTGGTCATGCAAC-1-NBM-11.138P,NBM,healthy,normal
CGCGTTTCAGACAGGT-1-NBM-10.138P,NBM,healthy,normal
TACCTATCAGATGAGC-1-NBM-1.138P,NBM,healthy,normal
GGGATGACACACTGCG-1-NBM-10.138P,NBM,healthy,normal
CGGAGTCAGCCCGAAA-1-NBM-6.138P,NBM,healthy,normal
GACCTGGCAGCTCCGA-1-NBM-7.138P,NBM,healthy,normal
GCGGGTTCAGCCTTGG-1-NBM-8.138P,NBM,healthy,normal
GGCTGGTCACAAGTAA-1-NBM-10.138P,NBM,healthy,normal
CGTCCATAGCCAACAG-1-NBM-8.138P,NBM,healthy,normal
TGACGGCCATAGTAAG-1-NBM-7.138P,NBM,healthy,normal
GATGCTATCGCGTAGC-1-NBM-10.138P,NBM,healthy,normal
CTGAAACTCCACGAAT-1-NBM-7.138P,NBM,healthy,normal
AGATCTGGTAGAAAGG-1-NBM-2.138P,NBM,healthy,normal
TTAGGACAGACATAAC-1-NBM-7.138P,NBM,healthy,normal
CTGAAACCAGCCTGTG-1-NBM-6.138P,NBM,healthy,normal
TGTTCCGCAGGCAGTA-1-NBM-2.138P,NBM,healthy,normal
TCCCGATGTAGCGCAA-1-NBM-10.138P,NBM,healthy,normal
GTCTCGTGTAAACACA-1-NBM-8.138P,NBM,healthy,normal
ATGCGATTCGTACGGC-1-NBM-7.138P,NBM,healthy,normal
CAAGTTGAGGCTAGCA-1-NBM-6.138P,NBM,healthy,normal
TGTGGTATCTCTGAGA-1-NBM-4.138P,NBM,healthy,normal
GGGTCTGTCTGGAGCC-1-NBM-10.138P,NBM,healthy,normal
ATTGGACAGACCTTTG-1-NBM-2.138P,NBM,healthy,normal
ACAGCCGAGGAATGGA-1-NBM-10.138P,NBM,healthy,normal
CACCTTGGTACCGAGA-1-NBM-10.138P,NBM,healthy,normal
CTTCTCTCAGATGAGC-1-NBM-7.138P,NBM,healthy,normal
TGGGCGTCATCCAACA-1-NBM-7.138P,NBM,healthy,normal
CTCGTACTCGTGACAT-1-NBM-2.138P,NBM,healthy,normal
TGGGCGTTCATGTGGT-1-NBM-7.138P,NBM,healthy,normal
GTCACGGTCGCATGAT-1-NBM-6.138P,NBM,healthy,normal
CTCGTCAAGCTAAGAT-1-NBM-1.138P,NBM,healthy,normal
TAAGCGTTCTCATTCA-1-NBM-10.138P,NBM,healthy,normal
CCTTACGCAGTCACTA-1-NBM-7.138P,NBM,healthy,normal
CGATGGCTCCGCGTTT-1-NBM-10.138P,NBM,healthy,normal
ATGCGATAGACTAGGC-1-NBM-1.138P,NBM,healthy,normal
TTGAACGGTATAAACG-1-NBM-11.138P,NBM,healthy,normal
ACTTGTTCACCAGTTA-1-NBM-7.138P,NBM,healthy,normal
CCAGCGATCTTCTGGC-1-NBM-8.138P,NBM,healthy,normal
CGTTAGAGTATAATGG-1-NBM-11.138P,NBM,healthy,normal
GTTACAGGTGCCTGGT-1-NBM-11.138P,NBM,healthy,normal
TTAGGACAGGAGTTTA-1-NBM-1.138P,NBM,healthy,normal
GTCATTTGTCCGAACC-1-NBM-10.138P,NBM,healthy,normal
TGGTTAGCATTAGCCA-1-NBM-8.138P,NBM,healthy,normal
CTAATGGAGACTGTAA-1-NBM-11.138P,NBM,17,normal
GGTGTTACATCCGTGG-1-NBM-10.138P,NBM,healthy,normal
ACGCAGCGTAGCGCTC-1-NBM-11.138P,NBM,healthy,normal
CGCTATCAGATGGCGT-1-NBM-6.138P,NBM,healthy,normal
ACAGCTACACGACGAA-1-NBM-10.138P,NBM,healthy,normal
ATTGGACTCCACGACG-1-NBM-10.138P,NBM,healthy,normal
GTATCTTGTCCTGCTT-1-NBM-10.138P,NBM,healthy,normal
TAGACCATCTCGTATT-1-NBM-10.138P,NBM,healthy,normal
ACATGGTCAGTGGAGT-1-NBM-7.138P,NBM,healthy,normal
GCAATCACACTAGTAC-1-NBM-8.138P,NBM,healthy,normal
GACGCGTAGTGATCGG-1-NBM-7.138P,NBM,healthy,normal
CATCAAGGTCTTCGTC-1-NBM-11.138P,NBM,healthy,normal
CATGCCTAGAAGGACA-1-NBM-8.138P,NBM,healthy,normal
GTTCGGGTCTCATTCA-1-NBM-7.138P,NBM,healthy,normal
TAGAGCTTCCAAACAC-1-NBM-10.138P,NBM,healthy,normal
CGTGTAATCCTTTCTC-1-NBM-8.138P,NBM,healthy,normal
CAGAGAGGTGCAGACA-1-NBM-10.138P,NBM,healthy,normal
CCTTACGCATCTGGTA-1-NBM-11.138P,NBM,healthy,normal
CTAGCCTTCGGAGGTA-1-NBM-10.138P,NBM,healthy,normal
ACACCAACAGCATGAG-1-NBM-7.138P,NBM,healthy,normal
CTGTGCTGTACAAGTA-1-NBM-2.138P,NBM,healthy,normal
AAGTCTGCATTGGCGC-1-NBM-10.138P,NBM,healthy,normal
ACTTTCAGTTCGGGCT-1-NBM-7.138P,NBM,healthy,normal
AGTTGGTGTTAAGTAG-1-NBM-2.138P,NBM,healthy,normal
CTCGAGGGTGATGCCC-1-NBM-10.138P,NBM,healthy,normal
CTCACACCATGACGGA-1-NBM-2.138P,NBM,healthy,normal
CGTCAGGGTCCAGTTA-1-NBM-7.138P,NBM,healthy,normal
TGGACGCCAGACAAGC-1-NBM-1.138P,NBM,healthy,normal
GGACAAGTCGAGAACG-1-NBM-8.138P,NBM,healthy,normal
AAGACCTCAACTGCGC-1-NBM-10.138P,NBM,20,normal
AAAGCAATCTCAACTT-1-NBM-4.138P,NBM,healthy,normal
TGAGCCGCACAGACTT-1-NBM-10.138P,NBM,healthy,normal
TTAACTCAGCTGGAAC-1-NBM-4.138P,NBM,healthy,normal
AGCGTATAGGGTTCCC-1-NBM-10.138P,NBM,healthy,normal
CGTGTAATCAACACTG-1-NBM-7.138P,NBM,healthy,normal
ACTATCTTCTTAGCCC-1-NBM-7.138P,NBM,healthy,normal
CACACAAGTTGCGTTA-1-NBM-7.138P,NBM,healthy,normal
TCGTAGACAGACACTT-1-NBM-7.138P,NBM,healthy,normal
GCACTCTAGATCCTGT-1-NBM-6.138P,NBM,healthy,normal
AGTGTCACAGACGTAG-1-NBM-7.138P,NBM,healthy,normal
AGACGTTGTTTGTGTG-1-NBM-8.138P,NBM,healthy,normal
CGATTGACATTAGCCA-1-NBM-10.138P,NBM,healthy,normal
TTCTTAGAGAGCCCAA-1-NBM-7.138P,NBM,healthy,normal
TGGGCGTGTGTCCTCT-1-NBM-8.138P,NBM,healthy,normal
AAAGCAACAGATGGCA-1-NBM-7.138P,NBM,healthy,normal
ACGGAGATCACGCGGT-1-NBM-10.138P,NBM,healthy,normal
GCATACAAGCACCGTC-1-NBM-10.138P,NBM,healthy,normal
GAAGCAGAGCGATAGC-1-NBM-7.138P,NBM,healthy,normal
TGCTGCTTCTTGTTTG-1-NBM-8.138P,NBM,healthy,normal
TTATGCTCAGTCTTCC-1-NBM-8.138P,NBM,healthy,normal
CCCAATCTCAGGCCCA-1-NBM-2.138P,NBM,healthy,normal
GCTTCCACAAGGCTCC-1-NBM-2.138P,NBM,healthy,normal
TCGAGGCCACCTCGTT-1-NBM-7.138P,NBM,healthy,normal
ATCTGCCTCGGTGTCG-1-NBM-11.138P,NBM,healthy,normal
CCTCAGTCATGGGACA-1-NBM-11.138P,NBM,healthy,normal
TTAGGCAAGAGAACAG-1-NBM-10.138P,NBM,healthy,normal
ACTGAGTTCAGCGATT-1-NBM-10.138P,NBM,healthy,normal
TTCGAAGCAATGGACG-1-NBM-7.138P,NBM,healthy,normal
CCATTCGAGCGACGTA-1-NBM-7.138P,NBM,healthy,normal
CTGCTGTTCCAGGGCT-1-NBM-2.138P,NBM,healthy,normal
TGGCGCAAGCATCATC-1-NBM-10.138P,NBM,healthy,normal
TCGTACCAGTGAAGTT-1-NBM-4.138P,NBM,healthy,normal
ATGAGGGCAATGGAAT-1-NBM-6.138P,NBM,healthy,normal
GCACATATCACTCTTA-1-NBM-1.138P,NBM,healthy,normal
GCGCAGTCACTATCTT-1-NBM-8.138P,NBM,healthy,normal
CTAGCCTTCTCTGCTG-1-NBM-11.138P,NBM,healthy,normal
TACGGATGTGTTAAGA-1-NBM-2.138P,NBM,healthy,normal
AGCAGCCGTTCGCGAC-1-NBM-8.138P,NBM,healthy,normal
CTCGAGGTCCTTTACA-1-NBM-10.138P,NBM,healthy,normal
AACTCAGAGTATCGAA-1-NBM-10.138P,NBM,healthy,normal
CAACCAAGTCCTCCAT-1-NBM-7.138P,NBM,healthy,normal
TGTATTCGTAAGAGGA-1-NBM-6.138P,NBM,healthy,normal
TATCTCACACAAGTAA-1-NBM-10.138P,NBM,healthy,normal
TGAAAGAGTCACCTAA-1-NBM-7.138P,NBM,healthy,normal
GGGACCTTCAAACCGT-1-NBM-8.138P,NBM,healthy,normal
TGAGAGGGTACCGTAT-1-NBM-11.138P,NBM,healthy,normal
CCTTCGAGTCGGATCC-1-NBM-10.138P,NBM,healthy,normal
CCAGCGACATTACCTT-1-NBM-10.138P,NBM,healthy,normal
TTGGAACTCGGTTCGG-1-NBM-10.138P,NBM,healthy,normal
ACTTACTAGACCTAGG-1-NBM-6.138P,NBM,healthy,normal
TGACTTTTCTCATTCA-1-NBM-6.138P,NBM,healthy,normal
CTCAGAACAGCATGAG-1-NBM-7.138P,NBM,healthy,normal
GGGTTGCAGGGATCTG-1-NBM-10.138P,NBM,healthy,normal
AACGTTGGTACCGAGA-1-NBM-7.138P,NBM,healthy,normal
CACAAACCAGCTCGCA-1-NBM-7.138P,NBM,healthy,normal
AGGTCATCACATAACC-1-NBM-8.138P,NBM,healthy,normal
TTTGTCACATACAGCT-1-NBM-8.138P,NBM,healthy,normal
ATTGGTGGTCACCCAG-1-NBM-6.138P,NBM,healthy,normal
ATAAGAGTCTTTAGGG-1-NBM-10.138P,NBM,healthy,normal
AAACCTGTCGTAGGTT-1-NBM-10.138P,NBM,healthy,normal
TCCACACCAGCCTTTC-1-NBM-7.138P,NBM,healthy,normal
CTAACTTTCAACGGGA-1-NBM-7.138P,NBM,healthy,normal
ATGTGTGAGATGTGTA-1-NBM-8.138P,NBM,healthy,normal
CAGCTGGGTAACGACG-1-NBM-11.138P,NBM,healthy,normal
GACGTGCCAATGGAGC-1-NBM-8.138P,NBM,healthy,normal
TCCACACAGAGTACCG-1-NBM-8.138P,NBM,healthy,normal
CAGTAACCACCGAATT-1-NBM-8.138P,NBM,healthy,normal
GAGGTGACAGGAACGT-1-NBM-10.138P,NBM,healthy,normal
GTCTCGTCATGCAATC-1-NBM-6.138P,NBM,healthy,normal
GGACGTCCATGTCCTC-1-NBM-6.138P,NBM,healthy,normal
ACTTTCAGTACCGAGA-1-NBM-7.138P,NBM,healthy,normal
TCTATTGAGCTAGTGG-1-NBM-2.138P,NBM,healthy,normal
CGTAGGCAGTCAATAG-1-NBM-8.138P,NBM,healthy,normal
TACGGTAGTTAAGACA-1-NBM-6.138P,NBM,healthy,normal
CTGAAGTTCAGTTAGC-1-NBM-8.138P,NBM,healthy,normal
TCAGCTCGTTAGGGTG-1-NBM-10.138P,NBM,healthy,normal
TTGGAACGTACTCGCG-1-NBM-6.138P,NBM,healthy,normal
GAACCTAAGAATGTTG-1-NBM-10.138P,NBM,healthy,normal
CTCGAGGTCGTTGCCT-1-NBM-7.138P,NBM,healthy,normal
TTCTCCTCATGTTCCC-1-NBM-1.138P,NBM,healthy,normal
TACTCGCGTTAGATGA-1-NBM-1.138P,NBM,17,normal
AACACGTCACGAAAGC-1-NBM-1.138P,NBM,healthy,normal
ATCACGAAGAGTAATC-1-NBM-6.138P,NBM,healthy,normal
AAATGCCCAGACGCCT-1-NBM-1.138P,NBM,healthy,normal
GTCTCGTAGCGCCTCA-1-NBM-11.138P,NBM,healthy,normal
CAGCGACAGCGACGTA-1-NBM-1.138P,NBM,healthy,normal
CTTGGCTGTCATCCCT-1-NBM-7.138P,NBM,healthy,normal
TCAGGTACAAAGAATC-1-NBM-11.138P,NBM,healthy,normal
GTGCAGCCAAGTAGTA-1-NBM-10.138P,NBM,healthy,normal
GGATGTTCAGTAAGCG-1-NBM-8.138P,NBM,healthy,normal
CCACGGATCCTACAGA-1-NBM-10.138P,NBM,healthy,normal
CTCTACGAGAAACCTA-1-NBM-7.138P,NBM,healthy,normal
CGCTTCATCCACGTTC-1-NBM-2.138P,NBM,healthy,normal
GAAGCAGAGCAATCTC-1-NBM-7.138P,NBM,healthy,normal
ATCCGAATCAAGCCTA-1-NBM-6.138P,NBM,healthy,normal
CCGTTCACAGATGGCA-1-NBM-11.138P,NBM,healthy,normal
CGGAGCTCACACAGAG-1-NBM-8.138P,NBM,healthy,normal
GGACGTCGTGCGATAG-1-NBM-10.138P,NBM,healthy,normal
CCATGTCAGTTCGCAT-1-NBM-1.138P,NBM,healthy,normal
AGCATACGTCTCTTTA-1-NBM-7.138P,NBM,healthy,normal
AGCATACCAGATGAGC-1-NBM-11.138P,NBM,healthy,normal
CGAGCACCAGGGCATA-1-NBM-8.138P,NBM,healthy,normal
GGATTACCACGTCTCT-1-NBM-2.138P,NBM,healthy,normal
AGTGAGGCATTCTTAC-1-NBM-2.138P,NBM,healthy,normal
GCAAACTCACCTCGTT-1-NBM-2.138P,NBM,healthy,normal
GGGTTGCGTGTGACCC-1-NBM-10.138P,NBM,healthy,normal
TCAGCAACACACCGCA-1-NBM-7.138P,NBM,healthy,normal
TAGCCGGTCCCATTTA-1-NBM-10.138P,NBM,healthy,normal
GCCAAATGTGACTCAT-1-NBM-10.138P,NBM,healthy,normal
CAGTCCTGTGTAACGG-1-NBM-6.138P,NBM,healthy,normal
ACAGCCGAGTGAACGC-1-NBM-7.138P,NBM,healthy,normal
GTCTCGTTCTGGTTCC-1-NBM-8.138P,NBM,healthy,normal
ACTATCTGTGCTTCTC-1-NBM-2.138P,NBM,healthy,normal
CTAGCCTGTCTAAACC-1-NBM-10.138P,NBM,healthy,normal
AACTCTTCAAGCGATG-1-NBM-7.138P,NBM,healthy,normal
CTCACACGTGATAAGT-1-NBM-7.138P,NBM,healthy,normal
TGTGGTAAGGTTACCT-1-NBM-1.138P,NBM,healthy,normal
CCATTCGGTGCTAGCC-1-NBM-8.138P,NBM,healthy,normal
CATGGCGAGACCTTTG-1-NBM-8.138P,NBM,healthy,normal
GATCGATGTTGGTTTG-1-NBM-11.138P,NBM,healthy,normal
TCACAAGTCGCCATAA-1-NBM-8.138P,NBM,healthy,normal
CCGGGATAGGCAGGTT-1-NBM-10.138P,NBM,healthy,normal
TTCGGTCGTACAGACG-1-NBM-2.138P,NBM,healthy,normal
ACAGCTATCTACGAGT-1-NBM-7.138P,NBM,healthy,normal
CTAAGACTCACATGCA-1-NBM-11.138P,NBM,healthy,normal
GACGCGTCATCGGAAG-1-NBM-8.138P,NBM,healthy,normal
TCGTACCAGCGTTGCC-1-NBM-7.138P,NBM,healthy,normal
CCGGGATTCATGCATG-1-NBM-10.138P,NBM,healthy,normal
GCGGGTTGTTATCCGA-1-NBM-2.138P,NBM,healthy,normal
GGACGTCCAGACACTT-1-NBM-7.138P,NBM,healthy,normal
TGCCAAAGTACTTCTT-1-NBM-7.138P,NBM,healthy,normal
TAAGAGATCTCCTATA-1-NBM-7.138P,NBM,healthy,normal
GCTGCGATCATGTCCC-1-NBM-11.138P,NBM,healthy,normal
TTATGCTCAATGTTGC-1-NBM-10.138P,NBM,healthy,normal
TCGTAGAGTAACGTTC-1-NBM-8.138P,NBM,healthy,normal
GGACGTCAGCGTAGTG-1-NBM-10.138P,NBM,healthy,normal
GGTGAAGGTGATGCCC-1-NBM-10.138P,NBM,healthy,normal
GGAAAGCTCAGCAACT-1-NBM-8.138P,NBM,healthy,normal
AAAGTAGCATATACCG-1-NBM-8.138P,NBM,healthy,normal
GCGACCACAGCGAACA-1-NBM-1.138P,NBM,healthy,normal
CGTCCATGTCCTCTTG-1-NBM-10.138P,NBM,healthy,normal
TCAGCAAAGAGTAAGG-1-NBM-1.138P,NBM,healthy,normal
AACTCTTCATCGTCGG-1-NBM-10.138P,NBM,healthy,normal
CCGTACTAGCGCCTCA-1-NBM-4.138P,NBM,healthy,normal
GCTTGAAAGATGCGAC-1-NBM-1.138P,NBM,healthy,normal
CAGCTAAAGTAACCCT-1-NBM-7.138P,NBM,healthy,normal
CTGCCTATCGGTGTTA-1-NBM-6.138P,NBM,healthy,normal
AAGTCTGCAGGAATGC-1-NBM-1.138P,NBM,healthy,normal
GTCCTCACAATACGCT-1-NBM-7.138P,NBM,healthy,normal
TGAAAGAAGCAACGGT-1-NBM-7.138P,NBM,healthy,normal
TCATTACCACATCTTT-1-NBM-7.138P,NBM,healthy,normal
GCATGTATCGTGGTCG-1-NBM-10.138P,NBM,healthy,normal
GTACGTAGTTGGGACA-1-NBM-11.138P,NBM,healthy,normal
TGCTGCTAGATGAGAG-1-NBM-7.138P,NBM,healthy,normal
ACGGAGAGTCGCTTTC-1-NBM-7.138P,NBM,healthy,normal
AAGGCAGCAGATCTGT-1-NBM-11.138P,NBM,healthy,normal
GGGCACTGTTGGTTTG-1-NBM-11.138P,NBM,healthy,normal
ATTACTCGTTACCGAT-1-NBM-7.138P,NBM,healthy,normal
CGAGAAGCAGCATACT-1-NBM-8.138P,NBM,healthy,normal
TCCACACAGCTCCTTC-1-NBM-10.138P,NBM,healthy,normal
CCTAAAGAGCCCAACC-1-NBM-10.138P,NBM,healthy,normal
CGAGCACAGTTGTAGA-1-NBM-10.138P,NBM,healthy,normal
GTATCTTGTCCATGAT-1-NBM-8.138P,NBM,healthy,normal
AAGCCGCGTTAGATGA-1-NBM-8.138P,NBM,healthy,normal
TACTTACCAGTTAACC-1-NBM-7.138P,NBM,healthy,normal
TCTGAGAGTGACAAAT-1-NBM-1.138P,NBM,healthy,normal
GCATGATGTCATTAGC-1-NBM-7.138P,NBM,healthy,normal
GTATCTTTCGGATGGA-1-NBM-6.138P,NBM,healthy,normal
TGTGTTTAGATGCCTT-1-NBM-11.138P,NBM,healthy,normal
GCTGGGTCACTACAGT-1-NBM-2.138P,NBM,healthy,normal
CCTTCGATCGTCCGTT-1-NBM-7.138P,NBM,healthy,normal
ACGTCAAGTAATCGTC-1-NBM-2.138P,NBM,healthy,normal
CCACTACCAGCCTTGG-1-NBM-1.138P,NBM,healthy,normal
TCTGAGAAGAGATGAG-1-NBM-4.138P,NBM,healthy,normal
GGAACTTAGCAGGTCA-1-NBM-8.138P,NBM,healthy,normal
TTGACTTAGGATATAC-1-SMMl-1.138P,SMM,12,neoplastic
GCTGGGTAGGACTGGT-1-SMMl-1.138P,SMM,12,neoplastic
TCAATCTAGCACACAG-1-SMMh-3.138P,SMM,3,neoplastic
GAAGCAGGTTTGGGCC-1-SMMl-1.138P,SMM,12,neoplastic
TCATTTGTCTTGAGGT-1-SMMh-4.138P,SMM,5,neoplastic
ACGTCAACACCAACCG-1-SMMh-6.138P,SMM,3,neoplastic
TACGGGCAGTACACCT-1-SMMh-6.138P,SMM,3,neoplastic
CCTACCAGTGACTCAT-1-SMMh-4.138P,SMM,5,neoplastic
GCAGTTAGTATGAATG-1-SMMh-4.138P,SMM,5,neoplastic
ACGTCAAAGCTAGTTC-1-SMMh-10.138P,SMM,22,neoplastic
CACATTTCAGGGCATA-1-SMMl-2.138P,SMM,healthy,normal
TCTCATACACTAGTAC-1-SMMh-4.138P,SMM,5,neoplastic
AAAGATGGTTATTCTC-1-SMMh-4.138P,SMM,5,neoplastic
TCTGGAAGTAGGACAC-1-SMMh-4.138P,SMM,5,neoplastic
GTTCATTAGCGATGAC-1-SMMh-4.138P,SMM,5,neoplastic
AACTCCCAGTGCGATG-1-SMMl-2.138P,SMM,7,neoplastic
TGAGAGGTCAGATAAG-1-SMMh-4.138P,SMM,5,neoplastic
ACTGCTCAGGCCATAG-1-SMMh-5.138P,SMM,15,neoplastic
ACCGTAAGTTGCCTCT-1-SMMh-6.138P,SMM,healthy,normal
CGATCGGTCTTCTGGC-1-SMMh-4.138P,SMM,5,neoplastic
TCTTTCCCACATGGGA-1-SMMh-3.138P,SMM,3,neoplastic
CAAGGCCAGCGTTCCG-1-SMMl-2.138P,SMM,7,neoplastic
ACAGCTATCATCGCTC-1-SMMh-5.138P,SMM,15,neoplastic
TACAGTGAGACTAGGC-1-SMMh-4.138P,SMM,5,neoplastic
CGTGAGCAGAGCAATT-1-SMMh-3.138P,SMM,3,neoplastic
TGCTGCTCATGGTCAT-1-SMMh-3.138P,SMM,3,neoplastic
TTATGCTTCTGTCTCG-1-SMMl-3.138P,SMM,11,normal
ACTGCTCTCACTCCTG-1-SMMh-4.138P,SMM,5,neoplastic
GCAGTTACATGACATC-1-SMMh-4.138P,SMM,5,neoplastic
TAGACCACAGCTGGCT-1-SMMl-1.138P,SMM,12,neoplastic
AGTGGGAAGCCCAGCT-1-SMMh-4.138P,SMM,5,neoplastic
AAGCCGCGTACAGCAG-1-SMMh-3.138P,SMM,3,neoplastic
CTAAGACCAATCCAAC-1-SMMl-2.138P,SMM,7,neoplastic
CCTTACGTCTTCTGGC-1-SMMl-2.138P,SMM,7,neoplastic
CTTCTCTAGGCTCATT-1-SMMh-3.138P,SMM,3,neoplastic
ACACCCTAGATGTCGG-1-SMMh-9.138P,SMM,19,neoplastic
GTAACTGGTCTTCGTC-1-SMMh-4.138P,SMM,5,neoplastic
CCTTCGAGTTGGGACA-1-SMMh-6.138P,SMM,3,neoplastic
ACTGAACTCTCGTTTA-1-SMMh-1.138P,SMM,24,neoplastic
AGGCCACCAGTCTTCC-1-SMMh-1.138P,SMM,24,neoplastic
CGTCAGGCATTAACCG-1-SMMh-4.138P,SMM,5,neoplastic
GAAACTCGTCTGCAAT-1-SMMh-4.138P,SMM,5,neoplastic
GATCGTACAATGAATG-1-SMMh-3.138P,SMM,3,neoplastic
AGCGTCGCAAATTGCC-1-SMMh-3.138P,SMM,3,neoplastic
GCAATCACAGACGCAA-1-SMMh-3.138P,SMM,3,neoplastic
CTGTGCTCAGCTGTTA-1-SMMh-5.138P,SMM,15,neoplastic
GGGAGATCAGATTGCT-1-SMMl-2.138P,SMM,7,neoplastic
GAAACTCTCAGATAAG-1-SMMh-4.138P,SMM,5,neoplastic
ATCACGACATGCTGGC-1-SMMh-3.138P,SMM,3,neoplastic
TGACTAGCAACCGCCA-1-SMMh-3.138P,SMM,3,neoplastic
CTACACCTCGCTTAGA-1-SMMl-2.138P,SMM,7,neoplastic
ACCTTTAAGGGCATGT-1-SMMh-4.138P,SMM,5,neoplastic
GTTTCTACAGCTTCGG-1-SMMh-6.138P,SMM,3,neoplastic
CAGAGAGGTCAGAATA-1-SMMl-2.138P,SMM,7,neoplastic
TCTTCGGTCACAATGC-1-SMMh-6.138P,SMM,3,neoplastic
CGAGAAGTCATAGCAC-1-SMMh-6.138P,SMM,3,neoplastic
CAAGGCCTCGAATGGG-1-SMMl-3.138P,SMM,11,neoplastic
TTAGGCATCAACGAAA-1-SMMh-3.138P,SMM,3,neoplastic
GTGCGGTAGAAACCGC-1-SMMl-2.138P,SMM,7,neoplastic
CCACCTAAGGAGTTTA-1-SMMl-2.138P,SMM,healthy,normal
CACACCTAGGGAAACA-1-SMMh-4.138P,SMM,5,neoplastic
ACACTGACATCGACGC-1-SMMh-8.138P,SMM,11,normal
GAGCAGAGTTCCACAA-1-SMMl-3.138P,SMM,11,neoplastic
CGAATGTTCACTTATC-1-SMMl-2.138P,SMM,7,neoplastic
GAATGAACACGAAATA-1-SMMh-6.138P,SMM,3,neoplastic
TAGTTGGCATTCACTT-1-SMMh-6.138P,SMM,3,neoplastic
GCATGCGCAGTCACTA-1-SMMh-4.138P,SMM,5,neoplastic
CATCGGGCAAGTCTGT-1-SMMh-6.138P,SMM,3,neoplastic
CTTTGCGAGTGCGATG-1-SMMl-2.138P,SMM,7,neoplastic
CGATGTAGTACAGACG-1-SMMh-4.138P,SMM,5,neoplastic
AACGTTGCAGGCAGTA-1-SMMh-10.138P,SMM,22,neoplastic
TTAACTCTCCCTCTTT-1-SMMh-3.138P,SMM,3,neoplastic
AAAGTAGTCCGTAGGC-1-SMMh-2.138P,SMM,healthy,neoplastic
CTTGGCTAGACTACAA-1-SMMh-4.138P,SMM,5,neoplastic
GGGACCTAGCTGAAAT-1-SMMh-4.138P,SMM,5,neoplastic
TGAGCCGTCGTTTAGG-1-SMMl-3.138P,SMM,healthy,normal
ACGGCCATCTCTGAGA-1-SMMh-5.138P,SMM,15,normal
AGAGCGAAGACAATAC-1-SMMl-3.138P,SMM,11,neoplastic
TGAGGGATCTACGAGT-1-SMMh-3.138P,SMM,3,neoplastic
GCTGGGTAGTGAACAT-1-SMMh-6.138P,SMM,3,neoplastic
AGTGGGAAGGCTCAGA-1-SMMh-5.138P,SMM,15,neoplastic
GTGAAGGCACAGTCGC-1-SMMl-2.138P,SMM,healthy,normal
ACATACGCATAGACTC-1-SMMl-2.138P,SMM,7,neoplastic
ATCACGATCCGTCATC-1-SMMh-4.138P,SMM,5,neoplastic
ACCCACTGTCAAAGCG-1-SMMh-6.138P,SMM,healthy,normal
ACACCGGGTCAGCTAT-1-SMMh-4.138P,SMM,5,neoplastic
TTCGAAGAGGAGTCTG-1-SMMh-3.138P,SMM,3,neoplastic
GTGTGCGTCAGCAACT-1-SMMh-3.138P,SMM,3,neoplastic
AGCCTAAGTGTCGCTG-1-SMMl-2.138P,SMM,7,neoplastic
CGGAGTCAGACTAGAT-1-SMMl-2.138P,SMM,17,neoplastic
GGAAAGCAGTACACCT-1-SMMh-4.138P,SMM,5,neoplastic
CACAAACCAGAAGCAC-1-SMMh-4.138P,SMM,5,neoplastic
GCTTCCATCTGCTGCT-1-SMMh-3.138P,SMM,3,neoplastic
CAGAGAGAGAGCTGCA-1-SMMh-4.138P,SMM,5,neoplastic
GACGTGCGTGCCTGTG-1-SMMh-5.138P,SMM,15,neoplastic
TGAGCCGAGATCCCGC-1-SMMh-5.138P,SMM,15,neoplastic
GGTGAAGAGTCTCGGC-1-SMMh-3.138P,SMM,3,neoplastic
ATCTACTTCGTGACAT-1-SMMh-5.138P,SMM,15,neoplastic
GGATGTTGTCGAAAGC-1-SMMh-4.138P,SMM,5,neoplastic
GCGCGATAGCGAAGGG-1-SMMl-2.138P,SMM,7,neoplastic
ATCGAGTTCGTTACGA-1-SMMl-2.138P,SMM,7,neoplastic
GATTCAGTCGGCGCTA-1-SMMh-4.138P,SMM,5,neoplastic
AAACCTGTCAACTCTT-1-SMMh-6.138P,SMM,3,neoplastic
CGATTGACACGAAGCA-1-SMMh-3.138P,SMM,3,neoplastic
TAAGTGCTCAATACCG-1-SMMh-6.138P,SMM,3,neoplastic
CTGAAACAGGACTGGT-1-SMMh-4.138P,SMM,5,neoplastic
TGGCCAGAGGATGTAT-1-SMMh-6.138P,SMM,3,neoplastic
CGTCACTAGTGTACCT-1-SMMl-1.138P,SMM,12,neoplastic
GGATTACAGCTAACTC-1-SMMl-2.138P,SMM,7,neoplastic
CCAATCCTCACAGGCC-1-SMMl-2.138P,SMM,7,neoplastic
TGCTGCTAGCGAAGGG-1-SMMh-1.138P,SMM,24,neoplastic
GCATGCGCAAACCCAT-1-SMMh-4.138P,SMM,5,neoplastic
GGAAAGCGTACGCTGC-1-SMMh-6.138P,SMM,3,neoplastic
ATCGAGTCACCCTATC-1-SMMh-3.138P,SMM,3,neoplastic
CTGCGGAGTTGCTCCT-1-SMMh-5.138P,SMM,15,neoplastic
TACCTTAAGGCTCAGA-1-SMMh-10.138P,SMM,20,neoplastic
AATCGGTCAGGGAGAG-1-SMMh-10.138P,SMM,22,neoplastic
ATGTGTGCAGGTGCCT-1-SMMh-4.138P,SMM,5,neoplastic
GGGATGACACAAGTAA-1-SMMh-3.138P,SMM,3,neoplastic
TTTACTGAGGATGTAT-1-SMMh-4.138P,SMM,5,neoplastic
CCAATCCGTCGAATCT-1-SMMl-3.138P,SMM,11,neoplastic
GCTTCCATCTAGCACA-1-SMMh-3.138P,SMM,3,neoplastic
TGCTGCTGTGGTTTCA-1-SMMh-4.138P,SMM,5,neoplastic
CAGCATAGTTGCCTCT-1-SMMh-9.138P,SMM,17,neoplastic
TAGAGCTGTCAACTGT-1-SMMh-10.138P,SMM,20,neoplastic
GGACGTCGTTAAAGTG-1-SMMh-5.138P,SMM,15,neoplastic
ATTATCCCATGCAATC-1-SMMh-6.138P,SMM,3,neoplastic
GATCTAGTCAGCAACT-1-SMMh-6.138P,SMM,3,neoplastic
CAACCTCGTGAACCTT-1-SMMl-2.138P,SMM,7,neoplastic
CAGTCCTCAAGGTGTG-1-SMMh-9.138P,SMM,17,neoplastic
AGCAGCCCATGGATGG-1-SMMh-4.138P,SMM,5,neoplastic
CACCAGGGTCCGAAGA-1-SMMh-3.138P,SMM,3,neoplastic
TGCCAAAGTTCCATGA-1-SMMl-1.138P,SMM,12,neoplastic
GTAGTCATCGTGACAT-1-SMMh-4.138P,SMM,5,neoplastic
CCACTACAGGATATAC-1-SMMl-2.138P,SMM,7,neoplastic
ATGAGGGCAGGGTACA-1-SMMl-3.138P,SMM,11,neoplastic
GTTAAGCTCATTTGGG-1-SMMl-3.138P,SMM,healthy,normal
GGCTGGTCACCAGTTA-1-SMMh-3.138P,SMM,3,neoplastic
GAGCAGACAACTTGAC-1-SMMl-2.138P,SMM,7,neoplastic
ATTGGTGGTCCTCCAT-1-SMMl-2.138P,SMM,7,neoplastic
TACCTTAAGAAGGTTT-1-SMMl-2.138P,SMM,7,neoplastic
GTAGTCAGTCAGATAA-1-SMMl-2.138P,SMM,7,neoplastic
AGCAGCCTCATTATCC-1-SMMh-3.138P,SMM,3,neoplastic
TACACGAGTATATGGA-1-SMMl-2.138P,SMM,7,neoplastic
ATCATGGAGAATCTCC-1-SMMh-6.138P,SMM,3,neoplastic
GGTGCGTCATGTAAGA-1-SMMh-4.138P,SMM,5,neoplastic
TTGACTTCACAAGACG-1-SMMh-1.138P,SMM,24,neoplastic
CGAGAAGAGTCGTACT-1-SMMl-2.138P,SMM,7,neoplastic
GAGTCCGTCCTATGTT-1-SMMh-4.138P,SMM,5,neoplastic
AAGTCTGGTGTAATGA-1-SMMh-4.138P,SMM,5,neoplastic
AACTGGTAGCTAGTGG-1-SMMh-4.138P,SMM,5,neoplastic
CCGTACTGTCGACTGC-1-SMMh-5.138P,SMM,healthy,normal
TACACGATCTTGTATC-1-SMMh-4.138P,SMM,5,neoplastic
CCTCAGTTCTTGTACT-1-SMMh-6.138P,SMM,3,neoplastic
GGCTGGTCAGCATGAG-1-SMMl-2.138P,SMM,7,neoplastic
GGAACTTTCCTCAATT-1-SMMh-4.138P,SMM,5,neoplastic
GTGCAGCTCGTATCAG-1-SMMl-2.138P,SMM,7,neoplastic
CGGAGTCCATATACCG-1-SMMh-4.138P,SMM,5,neoplastic
ACCGTAAGTGTAACGG-1-SMMh-6.138P,SMM,3,neoplastic
TTGGCAACACTGTCGG-1-SMMh-5.138P,SMM,15,neoplastic
TGAGCCGTCGGTGTCG-1-SMMl-2.138P,SMM,7,neoplastic
ACTTTCAAGACTGGGT-1-SMMh-6.138P,SMM,3,neoplastic
CCCAATCTCTGTTGAG-1-SMMl-2.138P,SMM,7,neoplastic
AACTTTCTCTGCAGTA-1-SMMh-4.138P,SMM,5,neoplastic
CGAACATTCCTGCAGG-1-SMMl-2.138P,SMM,7,neoplastic
CTAGCCTCACGCATCG-1-SMMl-2.138P,SMM,7,neoplastic
CCCAGTTGTCTCACCT-1-SMMh-4.138P,SMM,5,neoplastic
TACGGTATCGTCCAGG-1-SMMl-2.138P,SMM,7,normal
GGCTGGTCAGACAAAT-1-SMMh-4.138P,SMM,5,neoplastic
GCTTGAAAGTTACCCA-1-SMMh-3.138P,SMM,3,neoplastic
GCCTCTAAGCCATCGC-1-SMMh-3.138P,SMM,3,neoplastic
GGACATTCATGTTCCC-1-SMMh-8.138P,SMM,20,neoplastic
CTAGCCTTCAAAGACA-1-SMMh-5.138P,SMM,15,neoplastic
CTAACTTGTAAGCACG-1-SMMh-4.138P,SMM,5,neoplastic
CCTTCGATCCCAACGG-1-SMMh-3.138P,SMM,3,neoplastic
TGGTTCCGTTCTCATT-1-SMMh-5.138P,SMM,15,neoplastic
GACTAACAGCGGCTTC-1-SMMh-6.138P,SMM,3,neoplastic
GCGAGAATCGGATGTT-1-SMMh-5.138P,SMM,15,neoplastic
ATCACGACAATCCGAT-1-SMMh-6.138P,SMM,3,neoplastic
CTACGTCGTATAATGG-1-SMMh-4.138P,SMM,5,neoplastic
CGGAGCTAGATCCCAT-1-SMMh-6.138P,SMM,3,neoplastic
AAATGCCCAACGCACC-1-SMMh-6.138P,SMM,3,neoplastic
TCATTACCAGGCTCAC-1-SMMh-6.138P,SMM,healthy,normal
CTTAACTCACCCATGG-1-SMMh-4.138P,SMM,5,neoplastic
ATAAGAGCATCTCGCT-1-SMMh-3.138P,SMM,3,neoplastic
GATCGATTCTAACTTC-1-SMMh-3.138P,SMM,3,neoplastic
TCTATTGAGGGAGTAA-1-SMMh-3.138P,SMM,3,neoplastic
GAAGCAGGTTCCACTC-1-SMMl-2.138P,SMM,7,neoplastic
GGGCACTTCAATCTCT-1-SMMh-6.138P,SMM,3,neoplastic
TGCGGGTCATGGTTGT-1-SMMh-5.138P,SMM,15,neoplastic
CTCGAAACAGCCTATA-1-SMMh-6.138P,SMM,3,neoplastic
GTGCGGTGTAAGAGAG-1-SMMh-10.138P,SMM,20,neoplastic
GTGCTTCAGTACGTAA-1-SMMl-2.138P,SMM,healthy,normal
CATGGCGGTGACGCCT-1-SMMl-2.138P,SMM,7,neoplastic
CATCGGGTCGGCGGTT-1-SMMh-6.138P,SMM,3,normal
AAGACCTAGTGGTAAT-1-SMMh-3.138P,SMM,3,neoplastic
ACCTTTACATGTAGTC-1-SMMh-10.138P,SMM,22,neoplastic
AGAGCTTCAAGGTTTC-1-SMMl-2.138P,SMM,7,neoplastic
CTTCTCTGTAGTGAAT-1-SMMh-4.138P,SMM,5,neoplastic
CATTATCCAGCTCGCA-1-SMMh-5.138P,SMM,healthy,normal
TAGTTGGTCGATGAGG-1-SMMh-6.138P,SMM,3,neoplastic
TACGGGCGTACTCTCC-1-SMMl-2.138P,SMM,7,neoplastic
CCCTCCTCACCAACCG-1-SMMl-2.138P,SMM,7,neoplastic
ATTCTACTCTGAAAGA-1-SMMh-6.138P,SMM,3,neoplastic
CATCGGGTCGGCTTGG-1-SMMh-6.138P,SMM,3,neoplastic
TGGTTCCTCCTTGGTC-1-SMMh-4.138P,SMM,5,neoplastic
GATCGTATCATGCATG-1-SMMh-6.138P,SMM,3,neoplastic
AGACGTTTCTGGAGCC-1-SMMl-1.138P,SMM,12,neoplastic
CCTAAAGGTTCAGTAC-1-SMMl-2.138P,SMM,7,neoplastic
GTCGGGTCATACGCCG-1-SMMh-10.138P,SMM,22,neoplastic
TGCTGCTTCACGAAGG-1-SMMh-4.138P,SMM,5,neoplastic
ACGATACTCTCTAGGA-1-SMMh-4.138P,SMM,5,neoplastic
TCCCGATCACAGGCCT-1-SMMl-2.138P,SMM,7,neoplastic
ACACCCTTCCGCGCAA-1-SMMl-1.138P,SMM,12,neoplastic
CGATCGGGTGAAGGCT-1-SMMh-5.138P,SMM,healthy,normal
GCGCAACGTAGGAGTC-1-SMMh-4.138P,SMM,5,neoplastic
AACTGGTCATTCTCAT-1-SMMl-2.138P,SMM,7,neoplastic
TGCGCAGGTTACAGAA-1-SMMh-4.138P,SMM,5,neoplastic
GGAACTTTCTCTGAGA-1-SMMh-6.138P,SMM,3,neoplastic
TCAGATGAGGATGTAT-1-SMMh-6.138P,SMM,3,neoplastic
CTAATGGAGTGCCATT-1-SMMh-3.138P,SMM,3,neoplastic
TGCCAAAGTATAGGTA-1-SMMh-4.138P,SMM,5,neoplastic
CTAGTGATCGGTGTTA-1-SMMh-4.138P,SMM,5,neoplastic
GTCACGGTCCATGAAC-1-SMMl-2.138P,SMM,7,neoplastic
ATCACGAAGATTACCC-1-SMMh-4.138P,SMM,5,neoplastic
TCATTTGGTCTAGAGG-1-SMMl-2.138P,SMM,7,neoplastic
AGAGCGACAAGGTTCT-1-SMMh-4.138P,SMM,5,neoplastic
AACCGCGCAGTAACGG-1-SMMh-4.138P,SMM,5,neoplastic
CTACATTAGTGGACGT-1-SMMh-6.138P,SMM,3,neoplastic
CACACCTTCGCTGATA-1-SMMh-3.138P,SMM,3,neoplastic
GAACATCGTTAAAGAC-1-SMMh-3.138P,SMM,3,neoplastic
CATATGGCAACTGCTA-1-SMMl-2.138P,SMM,7,neoplastic
GTGCGGTGTGTTCTTT-1-SMMl-2.138P,SMM,7,neoplastic
GGTGCGTCACAACGCC-1-SMMl-2.138P,SMM,7,neoplastic
CGTCAGGAGAGGGATA-1-SMMh-5.138P,SMM,15,neoplastic
TCCACACAGATGTAAC-1-SMMh-4.138P,SMM,5,neoplastic
GACGCGTTCTCGATGA-1-SMMl-2.138P,SMM,healthy,normal
TATTACCCACCTGGTG-1-SMMl-3.138P,SMM,11,neoplastic
CGTTGGGTCCTCAATT-1-SMMh-4.138P,SMM,5,neoplastic
AGCGTCGGTGATGTGG-1-SMMh-5.138P,SMM,15,neoplastic
GCGCAACGTTATCACG-1-SMMh-4.138P,SMM,5,neoplastic
TGCTGCTAGACAAGCC-1-SMMl-2.138P,SMM,0,neoplastic
GTATTCTAGGTAGCCA-1-SMMh-6.138P,SMM,3,neoplastic
AAGTCTGAGATACACA-1-SMMh-6.138P,SMM,3,neoplastic
TGGACGCGTAAGAGGA-1-SMMl-2.138P,SMM,7,neoplastic
ACGCCAGTCGCGTAGC-1-SMMl-1.138P,SMM,12,neoplastic
GAGCAGACAATTCCTT-1-SMMh-6.138P,SMM,3,neoplastic
CGTGTAAAGTTGTCGT-1-SMMl-2.138P,SMM,7,neoplastic
AGAGCTTGTCAGAAGC-1-SMMh-6.138P,SMM,3,neoplastic
CAGTAACGTCATACTG-1-SMMh-3.138P,SMM,3,neoplastic
AGAGTGGTCATCGGAT-1-SMMl-2.138P,SMM,7,neoplastic
GTGGGTCAGGGATACC-1-SMMh-3.138P,SMM,21,neoplastic
TTTATGCCATCCCATC-1-SMMh-5.138P,SMM,15,neoplastic
GTTTCTACAAACGTGG-1-SMMh-4.138P,SMM,5,neoplastic
CACCTTGGTATTAGCC-1-SMMh-5.138P,SMM,15,normal
ACGCCAGTCCTACAGA-1-SMMh-4.138P,SMM,5,neoplastic
ATTACTCTCTTGTTTG-1-SMMl-3.138P,SMM,11,neoplastic
TTGGAACTCAAACCAC-1-SMMl-2.138P,SMM,7,neoplastic
CTCTGGTCAACTGGCC-1-SMMl-2.138P,SMM,healthy,normal
CTACATTTCACGAAGG-1-SMMh-4.138P,SMM,5,neoplastic
AAATGCCTCCTCTAGC-1-SMMh-6.138P,SMM,3,normal
TGGCTGGGTCAAAGAT-1-SMMh-3.138P,SMM,3,neoplastic
GCGACCAGTGTGACGA-1-SMMh-9.138P,SMM,19,neoplastic
CATCGGGTCCCAAGTA-1-SMMh-10.138P,SMM,22,neoplastic
CCGTGGAGTCTTGCGG-1-SMMh-6.138P,SMM,healthy,normal
TAAGTGCGTGGAAAGA-1-SMMh-4.138P,SMM,5,neoplastic
GATCGCGAGGGCACTA-1-SMMh-3.138P,SMM,3,neoplastic
TGAAAGAAGATGCCTT-1-SMMh-6.138P,SMM,3,neoplastic
GGACGTCAGAAGGTGA-1-SMMh-4.138P,SMM,5,neoplastic
AGAGCTTGTGCAACTT-1-SMMh-4.138P,SMM,5,neoplastic
CATATTCGTGATAAAC-1-SMMh-3.138P,SMM,3,neoplastic
TCGAGGCGTAGCTAAA-1-SMMh-1.138P,SMM,24,neoplastic
CGACTTCTCACAACGT-1-SMMl-2.138P,SMM,7,neoplastic
TCAGGTACAGACAAAT-1-SMMl-2.138P,SMM,7,neoplastic
TCCACACGTGTGCCTG-1-SMMh-5.138P,SMM,15,neoplastic
TGGGAAGGTTGCCTCT-1-SMMh-10.138P,SMM,22,neoplastic
CGTGTCTAGTTGAGTA-1-SMMh-3.138P,SMM,3,neoplastic
TTTGGTTCACTGTCGG-1-SMMh-6.138P,SMM,3,neoplastic
GCGCCAAGTTACCGAT-1-SMMh-10.138P,SMM,22,neoplastic
GGGCACTAGAACAATC-1-SMMl-2.138P,SMM,7,neoplastic
TTGGAACAGCTAACTC-1-SMMh-5.138P,SMM,15,neoplastic
GACTAACTCAACGGCC-1-SMMh-6.138P,SMM,3,neoplastic
TAGAGCTAGTAGATGT-1-SMMh-4.138P,SMM,21,neoplastic
CACAGGCTCCTCAATT-1-SMMh-4.138P,SMM,5,neoplastic
CAAGGCCCACCCAGTG-1-SMMh-6.138P,SMM,3,neoplastic
CCCAATCTCCGTAGGC-1-SMMl-2.138P,SMM,7,neoplastic
GGACAAGTCGCCTGAG-1-SMMh-9.138P,SMM,17,neoplastic
CGATTGAGTCTTCAAG-1-SMMh-3.138P,SMM,3,neoplastic
TGTCCCAAGTGCGATG-1-SMMh-3.138P,SMM,3,neoplastic
CTCAGAAGTAGATTAG-1-SMMh-4.138P,SMM,5,neoplastic
GTGAAGGTCTCTTGAT-1-SMMh-5.138P,SMM,healthy,normal
CATCGAACATTCTTAC-1-SMMh-6.138P,SMM,3,neoplastic
AACCATGCAAACCTAC-1-SMMl-2.138P,SMM,7,neoplastic
TACGGATGTTGGGACA-1-SMMh-3.138P,SMM,3,neoplastic
TTTGTCAGTATAGGGC-1-SMMl-2.138P,SMM,7,neoplastic
GAGTCCGCACGCATCG-1-SMMh-6.138P,SMM,3,neoplastic
GTGTTAGCAGTCGTGC-1-SMMh-5.138P,SMM,15,neoplastic
TTTATGCTCGGTTCGG-1-SMMh-5.138P,SMM,15,neoplastic
TGACAACTCTTCTGGC-1-SMMl-3.138P,SMM,healthy,normal
GGAAAGCGTGGCAAAC-1-SMMl-2.138P,SMM,7,neoplastic
AACTCCCTCAAACCAC-1-SMMl-2.138P,SMM,7,neoplastic
TTAGGCACACTCAGGC-1-SMMh-6.138P,SMM,3,neoplastic
CGCGTTTGTATCGCAT-1-SMMl-2.138P,SMM,7,neoplastic
ATCTACTGTCGGATCC-1-SMMh-3.138P,SMM,3,neoplastic
GACGCGTGTCTAGAGG-1-SMMh-6.138P,SMM,3,neoplastic
GGAAAGCTCAGAGACG-1-SMMh-4.138P,SMM,5,neoplastic
TCGAGGCGTCTTCTCG-1-SMMh-4.138P,SMM,5,neoplastic
CATATGGCAAGGGTCA-1-SMMh-3.138P,SMM,3,neoplastic
CACAGTATCTATCCCG-1-SMMl-2.138P,SMM,7,neoplastic
CCCAATCCATCGATGT-1-SMMl-2.138P,SMM,7,neoplastic
GTAACGTTCAGCGATT-1-SMMh-3.138P,SMM,3,neoplastic
GTGCAGCTCGTGGGAA-1-SMMh-3.138P,SMM,3,neoplastic
AGATTGCTCTGACCTC-1-SMMh-2.138P,SMM,healthy,neoplastic
CGTTAGACATATGGTC-1-SMMh-6.138P,SMM,3,neoplastic
GACTACAGTGCACGAA-1-SMMh-4.138P,SMM,5,neoplastic
TCAATCTAGTCAAGGC-1-SMMh-3.138P,SMM,3,neoplastic
TATGCCCAGAGCAATT-1-SMMh-4.138P,SMM,5,neoplastic
GGACATTGTTAGGGTG-1-SMMl-2.138P,SMM,7,neoplastic
AGGGATGAGTGGGTTG-1-SMMl-2.138P,SMM,healthy,normal
TGACAACCAGGCGATA-1-SMMl-2.138P,SMM,7,neoplastic
TTAGGCAGTTATCACG-1-SMMh-6.138P,SMM,3,neoplastic
AAAGCAACAACGCACC-1-SMMl-2.138P,SMM,7,neoplastic
GTACGTAGTGTTTGGT-1-SMMh-4.138P,SMM,healthy,neoplastic
ACACCAAAGTTGAGTA-1-SMMl-3.138P,SMM,healthy,normal
TTAGGCATCGTTTATC-1-SMMh-3.138P,SMM,3,neoplastic
TACGGTATCTCAACTT-1-SMMh-3.138P,SMM,3,neoplastic
TGAAAGAAGTTGAGTA-1-SMMl-3.138P,SMM,11,neoplastic
GTCTTCGGTCTCTCGT-1-SMMh-4.138P,SMM,5,neoplastic
CACACCTGTAAAGGAG-1-SMMh-4.138P,SMM,5,neoplastic
GATCGATAGCTAGTTC-1-SMMh-4.138P,SMM,5,neoplastic
CGAACATTCAGCAACT-1-SMMl-2.138P,SMM,7,neoplastic
GGAAAGCTCGACAGCC-1-SMMh-6.138P,SMM,healthy,normal
CTGTTTAGTTAGTGGG-1-SMMh-4.138P,SMM,5,neoplastic
CCGTGGAAGTACGCCC-1-SMMh-10.138P,SMM,20,neoplastic
GTGCTTCTCGGCTTGG-1-SMMh-10.138P,SMM,20,neoplastic
TCATTTGGTATTCTCT-1-SMMh-4.138P,SMM,5,neoplastic
CAACCAAGTGAGTGAC-1-SMMh-4.138P,SMM,5,neoplastic
CGCTTCATCAACCAAC-1-SMMh-6.138P,SMM,3,neoplastic
ACATCAGGTCCGAAGA-1-SMMh-3.138P,SMM,3,neoplastic
GTCACGGTCCACGCAG-1-SMMl-3.138P,SMM,11,neoplastic
TGACGGCGTGCTGTAT-1-SMMl-2.138P,SMM,7,neoplastic
AGCGTATAGACGCAAC-1-SMMh-4.138P,SMM,5,neoplastic
GTTAAGCTCCTTGACC-1-SMMl-2.138P,SMM,7,neoplastic
TTCGGTCCAGATAATG-1-SMMh-3.138P,SMM,3,neoplastic
CTGTTTACATTACGAC-1-SMMh-4.138P,SMM,5,neoplastic
AGCTCCTCATGCCACG-1-SMMl-2.138P,SMM,7,neoplastic
TCTGGAATCAAACCGT-1-SMMh-6.138P,SMM,3,neoplastic
CACACTCTCCGCAAGC-1-SMMh-4.138P,SMM,5,neoplastic
CTAACTTTCCGGCACA-1-SMMh-3.138P,SMM,3,neoplastic
CTCGGAGTCCCTAATT-1-SMMh-6.138P,SMM,3,neoplastic
AAGCCGCAGGTGCACA-1-SMMh-6.138P,SMM,3,neoplastic
AGCTTGATCAACACAC-1-SMMh-3.138P,SMM,3,neoplastic
CATGCCTAGATGTAAC-1-SMMh-4.138P,SMM,5,neoplastic
CACCAGGAGCTGCAAG-1-SMMh-3.138P,SMM,3,neoplastic
TAGTTGGGTCATGCCG-1-SMMh-3.138P,SMM,3,neoplastic
TACACGATCAGCGACC-1-SMMh-4.138P,SMM,5,neoplastic
GTCATTTTCGCGGATC-1-SMMh-4.138P,SMM,5,neoplastic
ATCATCTGTGCAGGTA-1-SMMh-1.138P,SMM,24,neoplastic
CTAGCCTCACTCAGGC-1-SMMl-3.138P,SMM,11,neoplastic
CTCGGAGAGGTTCCTA-1-SMMl-3.138P,SMM,17,neoplastic
CGTGTAAAGAGTAAGG-1-SMMh-5.138P,SMM,15,neoplastic
GAGGTGACAAGTTCTG-1-SMMh-4.138P,SMM,5,neoplastic
CTCACACGTAGATTAG-1-SMMl-2.138P,SMM,7,neoplastic
CATCGAACAGGGTACA-1-SMMl-2.138P,SMM,7,neoplastic
ACATCAGGTAGGAGTC-1-SMMh-3.138P,SMM,3,neoplastic
CCGTTCAAGCGGATCA-1-SMMh-4.138P,SMM,5,neoplastic
TCACGAAGTTCGAATC-1-SMMh-4.138P,SMM,5,neoplastic
GGTGTTAAGCCCTAAT-1-SMMh-4.138P,SMM,5,neoplastic
ATCACGACAATGGACG-1-SMMl-3.138P,SMM,11,neoplastic
TTCGAAGTCCTTTCTC-1-SMMh-6.138P,SMM,3,neoplastic
GTCTCGTGTGAGGGAG-1-SMMh-4.138P,SMM,5,neoplastic
CGTAGCGCAAACGCGA-1-SMMh-6.138P,SMM,3,neoplastic
CGGGTCAGTTTCCACC-1-SMMh-5.138P,SMM,15,neoplastic
GGCAATTCACTTCTGC-1-SMMh-6.138P,SMM,3,neoplastic
TGCGCAGGTGACAAAT-1-SMMl-1.138P,SMM,12,neoplastic
CTCGGAGAGCGCTCCA-1-SMMl-2.138P,SMM,17,neoplastic
GCAATCACATCTCGCT-1-SMMh-9.138P,SMM,9,neoplastic
ACGCCAGAGATGCCTT-1-SMMh-4.138P,SMM,5,neoplastic
TTGGCAAAGTAATCCC-1-SMMh-6.138P,SMM,3,neoplastic
CTCACACAGTTGTCGT-1-SMMl-3.138P,SMM,11,neoplastic
GCGCAACGTCTTCGTC-1-SMMh-4.138P,SMM,5,neoplastic
CGTCAGGCAATCCGAT-1-SMMh-4.138P,SMM,5,neoplastic
GTTCGGGAGGATCGCA-1-SMMh-6.138P,SMM,3,neoplastic
CTAACTTTCTTAGAGC-1-SMMl-2.138P,SMM,7,neoplastic
GGGCATCGTTTGTGTG-1-SMMh-4.138P,SMM,5,neoplastic
TATTACCGTAGTAGTA-1-SMMl-3.138P,SMM,11,neoplastic
AGGCCGTAGGGATACC-1-SMMl-2.138P,SMM,7,neoplastic
GCAAACTAGAAGGACA-1-SMMh-3.138P,SMM,3,neoplastic
CAACCAACATGGTAGG-1-SMMh-6.138P,SMM,3,neoplastic
GAACGGAGTGCGATAG-1-SMMh-1.138P,SMM,24,neoplastic
ATGGGAGCAAGTCATC-1-SMMh-3.138P,SMM,3,neoplastic
GATCAGTTCGTTTAGG-1-SMMl-1.138P,SMM,12,neoplastic
TCTCATATCCCATTAT-1-SMMh-6.138P,SMM,3,neoplastic
CATCAAGCATGTTGAC-1-SMMh-9.138P,SMM,9,neoplastic
GTTACAGAGACTCGGA-1-SMMh-3.138P,SMM,3,neoplastic
AACTCCCAGCAGGCTA-1-SMMl-1.138P,SMM,12,neoplastic
AAGGCAGAGGCTCTTA-1-SMMl-1.138P,SMM,12,neoplastic
ATCCGAAAGGCCCTTG-1-SMMh-5.138P,SMM,15,neoplastic
GTCACAAGTGCAACTT-1-SMMl-3.138P,SMM,11,neoplastic
AGTAGTCGTAGTAGTA-1-SMMh-6.138P,SMM,3,neoplastic
GACGTTATCAAGGTAA-1-SMMh-3.138P,SMM,3,neoplastic
TTAGGCAAGTGTACTC-1-SMMh-4.138P,SMM,5,neoplastic
ACGGGTCTCTTGCAAG-1-SMMh-4.138P,SMM,5,neoplastic
GAGCAGAGTGTCCTCT-1-SMMh-1.138P,SMM,24,neoplastic
CACCACTAGCTGCGAA-1-SMMh-6.138P,SMM,healthy,normal
TGAAAGAGTGTCAATC-1-SMMh-5.138P,SMM,healthy,normal
ACGCCGAGTTGTTTGG-1-SMMh-3.138P,SMM,3,neoplastic
TGCCAAACAAGGCTCC-1-SMMh-3.138P,SMM,3,neoplastic
GTGCATATCTGCGACG-1-SMMh-4.138P,SMM,5,neoplastic
AACTCCCTCGTTTATC-1-SMMh-6.138P,SMM,3,neoplastic
GACCAATAGGAGTCTG-1-SMMh-5.138P,SMM,15,neoplastic
AGTGAGGCATCCAACA-1-SMMh-4.138P,SMM,5,neoplastic
ACATCAGTCCTACAGA-1-SMMl-2.138P,SMM,7,neoplastic
CTAATGGAGATCACGG-1-SMMh-3.138P,SMM,17,neoplastic
CTGAAACGTAGCGTCC-1-SMMh-4.138P,SMM,5,neoplastic
ACTTGTTGTGATGATA-1-SMMh-4.138P,SMM,5,neoplastic
GCACTCTTCAACACCA-1-SMMh-6.138P,SMM,3,neoplastic
GTGCTTCCAGCTTAAC-1-SMMh-4.138P,SMM,5,neoplastic
CACAAACGTCCGCTGA-1-SMMl-2.138P,SMM,7,neoplastic
GGGTTGCCAGCCACCA-1-SMMh-4.138P,SMM,5,neoplastic
TACTCATAGTGATCGG-1-SMMh-4.138P,SMM,5,neoplastic
TTAGTTCGTAGTGAAT-1-SMMh-4.138P,SMM,5,neoplastic
CGAACATTCGAGAGCA-1-SMMh-3.138P,SMM,3,neoplastic
CGAACATCAATCACAC-1-SMMh-4.138P,SMM,5,neoplastic
GATCGTAGTCTGGTCG-1-SMMl-1.138P,SMM,healthy,neoplastic
ATCATCTTCACGCATA-1-SMMh-3.138P,SMM,3,neoplastic
AGAGCGAAGGCCCGTT-1-SMMh-6.138P,SMM,3,neoplastic
TAGAGCTAGAAACCAT-1-SMMh-4.138P,SMM,5,neoplastic
AACTCTTAGCGATGAC-1-SMMh-4.138P,SMM,5,neoplastic
ACCAGTAAGCCAGAAC-1-SMMh-4.138P,SMM,5,neoplastic
CCAGCGATCATGTCTT-1-SMMh-3.138P,SMM,3,neoplastic
ATTGGACTCCTTAATC-1-SMMh-3.138P,SMM,3,neoplastic
ACACCCTGTTCTGTTT-1-SMMh-10.138P,SMM,22,neoplastic
CGGACGTGTTGGGACA-1-SMMl-2.138P,SMM,7,neoplastic
CGGACTGTCCCAAGTA-1-SMMl-2.138P,SMM,7,neoplastic
ATCATGGGTGCCTGCA-1-SMMh-4.138P,SMM,5,neoplastic
GTCATTTTCAGCATGT-1-SMMh-4.138P,SMM,5,neoplastic
AGAGTGGGTAGTAGTA-1-SMMh-3.138P,SMM,3,neoplastic
GAGGTGACAATGGACG-1-SMMh-6.138P,SMM,3,neoplastic
GCATGTAGTATAAACG-1-SMMl-2.138P,SMM,7,neoplastic
TGACGGCGTATCAGTC-1-SMMh-6.138P,SMM,3,neoplastic
AGGGAGTGTGGCGAAT-1-SMMl-3.138P,SMM,11,neoplastic
GTAGTCAAGACAATAC-1-SMMl-2.138P,SMM,7,neoplastic
GACGTGCGTGGAAAGA-1-SMMl-3.138P,SMM,11,neoplastic
ATCTGCCCACGTCTCT-1-SMMh-4.138P,SMM,5,neoplastic
TGCCCTACAAAGTGCG-1-SMMl-1.138P,SMM,12,neoplastic
CATCGGGGTCAATGTC-1-SMMh-3.138P,SMM,3,neoplastic
GTCTTCGAGGAGTTTA-1-SMMh-5.138P,SMM,15,neoplastic
CGTAGGCAGGTGCTTT-1-SMMl-2.138P,SMM,7,normal
GCATGATTCAAGCCTA-1-SMMl-2.138P,SMM,7,neoplastic
GATGCTAAGGGTATCG-1-SMMh-5.138P,SMM,15,normal
TCGCGTTCAGCCTGTG-1-SMMh-3.138P,SMM,3,neoplastic
GTGAAGGTCTTTACGT-1-SMMh-10.138P,SMM,22,neoplastic
ATCTGCCGTGATGCCC-1-SMMl-2.138P,SMM,7,neoplastic
CACAAACGTGCAGTAG-1-SMMh-3.138P,SMM,3,neoplastic
CAGATCACACGCTTTC-1-SMMh-4.138P,SMM,5,neoplastic
ACCCACTCACGCTTTC-1-SMMl-2.138P,SMM,7,neoplastic
CGTGTCTCAAGGCTCC-1-SMMl-1.138P,SMM,12,neoplastic
TAGGCATTCAGTTCGA-1-SMMh-6.138P,SMM,3,neoplastic
CCCTCCTAGAGGTTAT-1-SMMh-3.138P,SMM,3,neoplastic
TTCTTAGAGGAGCGTT-1-SMMh-3.138P,SMM,3,neoplastic
ACACCAATCCATTCTA-1-SMMl-1.138P,SMM,12,neoplastic
GCTGCAGGTACCAGTT-1-SMMl-2.138P,SMM,7,neoplastic
TGGTTCCTCGGAGCAA-1-SMMh-8.138P,SMM,20,normal
ACTATCTAGCTCTCGG-1-SMMh-5.138P,SMM,healthy,normal
GGAACTTCAGACAAGC-1-SMMh-3.138P,SMM,3,neoplastic
TGCTGCTCAGAAGCAC-1-SMMl-2.138P,SMM,7,neoplastic
TTAGGCAAGCACGCCT-1-SMMh-10.138P,SMM,20,neoplastic
CACCAGGGTGTAAGTA-1-SMMh-6.138P,SMM,3,neoplastic
CTCGTACAGCCACGCT-1-SMMh-4.138P,SMM,5,neoplastic
CAGCCGATCCGCTGTT-1-SMMh-3.138P,SMM,3,neoplastic
GATGAAATCGCATGGC-1-SMMl-1.138P,SMM,12,neoplastic
TCTTTCCTCGTAGGTT-1-SMMl-2.138P,SMM,7,neoplastic
AGTGGGATCATCGCTC-1-SMMh-3.138P,SMM,3,neoplastic
AGCGTATTCCATGCTC-1-SMMl-2.138P,SMM,7,neoplastic
AGAATAGCATCCAACA-1-SMMl-1.138P,SMM,12,neoplastic
CAGCGACGTAATTGGA-1-SMMl-1.138P,SMM,12,neoplastic
GGCTCGAGTAGATTAG-1-SMMh-5.138P,SMM,15,neoplastic
GACAGAGCAATGCCAT-1-SMMh-3.138P,SMM,3,neoplastic
CAAGATCGTAATCGTC-1-SMMl-2.138P,SMM,7,neoplastic
CATCGGGTCAGGTTCA-1-SMMh-3.138P,SMM,3,neoplastic
TAAGTGCAGTGGCACA-1-SMMh-8.138P,SMM,20,neoplastic
TCAACGACAAGAAAGG-1-SMMh-6.138P,SMM,3,neoplastic
GATGCTAAGCCTATGT-1-SMMh-3.138P,SMM,3,neoplastic
GTCTCGTGTCTGCGGT-1-SMMl-2.138P,SMM,7,neoplastic
GTTAAGCTCCCGACTT-1-SMMh-4.138P,SMM,5,neoplastic
GAACCTAGTGTGAATA-1-SMMl-3.138P,SMM,17,neoplastic
TCTGAGACAAGCGAGT-1-SMMh-5.138P,SMM,15,neoplastic
CTGCGGATCGCAAACT-1-SMMl-2.138P,SMM,7,neoplastic
CTCGAAAGTAGTGAAT-1-SMMh-3.138P,SMM,3,neoplastic
ATGAGGGAGTCCATAC-1-SMMh-10.138P,SMM,22,neoplastic
TGGTTAGTCCGCGTTT-1-SMMh-5.138P,SMM,15,normal
CGTGAGCCACATAACC-1-SMMl-1.138P,SMM,12,neoplastic
CCATTCGTCCAATGGT-1-SMMh-4.138P,SMM,5,neoplastic
CATATGGCAGCATACT-1-SMMl-1.138P,SMM,12,neoplastic
GAAACTCTCAGTTCGA-1-SMMh-6.138P,SMM,3,neoplastic
TGCACCTGTTCTGGTA-1-SMMh-4.138P,SMM,5,neoplastic
AAGGTTCTCCAGTAGT-1-SMMl-1.138P,SMM,12,neoplastic
ACTTGTTTCCTTCAAT-1-SMMh-4.138P,SMM,5,neoplastic
TAGACCATCAGGCCCA-1-SMMh-6.138P,SMM,3,neoplastic
TCTTTCCGTGAGTGAC-1-SMMh-3.138P,SMM,3,neoplastic
CGAACATCAGTAAGAT-1-SMMl-2.138P,SMM,7,neoplastic
AGTCTTTAGGCCCTCA-1-SMMh-6.138P,SMM,3,neoplastic
TACTCGCCAGGCAGTA-1-SMMh-3.138P,SMM,3,neoplastic
GGTGTTACAGTAAGCG-1-SMMh-3.138P,SMM,3,neoplastic
TATGCCCGTCCGCTGA-1-SMMh-4.138P,SMM,5,neoplastic
GCACTCTCACACGCTG-1-SMMl-2.138P,SMM,7,neoplastic
CGAGAAGGTTATGTGC-1-SMMh-4.138P,SMM,5,neoplastic
AAAGCAAGTCGCGGTT-1-SMMl-2.138P,SMM,7,neoplastic
GATGCTAAGCCCGAAA-1-SMMh-2.138P,SMM,healthy,neoplastic
AGAGCGATCGGGAGTA-1-SMMh-5.138P,SMM,15,neoplastic
GACTGCGAGTCGTTTG-1-SMMh-4.138P,SMM,5,neoplastic
CACCACTTCTGAAAGA-1-SMMl-2.138P,SMM,7,neoplastic
TCTCTAAAGTACATGA-1-SMMh-4.138P,SMM,5,neoplastic
AACCGCGAGCCAGTTT-1-SMMh-4.138P,SMM,5,neoplastic
CGTGAGCCATCGATGT-1-SMMh-6.138P,SMM,21,neoplastic
AAGGCAGAGCTCCTTC-1-SMMl-2.138P,SMM,7,neoplastic
TACCTTAGTCCTAGCG-1-SMMl-2.138P,SMM,7,neoplastic
TCAATCTGTGTGCCTG-1-SMMh-6.138P,SMM,3,neoplastic
GTCGTAAGTCTCCATC-1-SMMl-2.138P,SMM,7,neoplastic
ACACCCTAGTTGAGTA-1-SMMh-4.138P,SMM,5,neoplastic
TCATTACCAGGGATTG-1-SMMl-2.138P,SMM,7,normal
CGCTATCGTCCGACGT-1-SMMh-4.138P,SMM,5,neoplastic
CGTGAGCGTGTAAGTA-1-SMMl-2.138P,SMM,7,neoplastic
AGACGTTAGTCGATAA-1-SMMh-4.138P,SMM,5,neoplastic
GCACATAAGCGTGAAC-1-SMMh-4.138P,SMM,5,neoplastic
TAGCCGGAGGCTCAGA-1-SMMl-3.138P,SMM,11,neoplastic
AGTGAGGCACAGCGTC-1-SMMh-3.138P,SMM,3,neoplastic
CAGCGACAGTTGTCGT-1-SMMh-4.138P,SMM,5,neoplastic
GACCTGGGTTGTCTTT-1-SMMh-6.138P,SMM,3,neoplastic
AGTTGGTGTGGTACAG-1-SMMh-5.138P,SMM,15,neoplastic
GGCGTGTCACACCGCA-1-SMMl-2.138P,SMM,healthy,normal
TCGTAGAAGAGCAATT-1-SMMh-4.138P,SMM,5,neoplastic
CTCACACGTTGCGCAC-1-SMMh-4.138P,SMM,5,neoplastic
TTCTTAGGTTTCGCTC-1-SMMl-3.138P,SMM,11,neoplastic
ACGGAGACAGCCTTTC-1-SMMl-3.138P,SMM,11,neoplastic
ATGAGGGTCGTTGCCT-1-SMMh-4.138P,SMM,5,neoplastic
TGACTTTAGATGGGTC-1-SMMl-2.138P,SMM,7,neoplastic
CTGAAGTAGGCTCTTA-1-SMMh-3.138P,SMM,3,neoplastic
CTAACTTCAAGCTGGA-1-SMMh-3.138P,SMM,3,neoplastic
CTAGAGTCAATCAGAA-1-SMMh-5.138P,SMM,15,neoplastic
TGACAACAGCGGCTTC-1-SMMl-2.138P,SMM,healthy,normal
TGTGGTATCGTCCAGG-1-SMMl-2.138P,SMM,healthy,normal
GTTACAGGTCGCCATG-1-SMMl-2.138P,SMM,7,neoplastic
CACCAGGGTCTAACGT-1-SMMh-6.138P,SMM,3,neoplastic
GGGTCTGAGTGGGCTA-1-SMMh-6.138P,SMM,healthy,normal
TTCTACAAGTCAATAG-1-SMMl-2.138P,SMM,17,neoplastic
CAGAGAGCAGGTGCCT-1-SMMl-1.138P,SMM,12,neoplastic
CTACATTAGGAGTTTA-1-SMMl-1.138P,SMM,12,neoplastic
GGCAATTAGGCACATG-1-SMMh-3.138P,SMM,3,neoplastic
ACCCACTGTTAAGACA-1-SMMh-6.138P,SMM,3,neoplastic
CAGTAACGTATAGTAG-1-SMMh-4.138P,SMM,5,neoplastic
TGGCCAGAGTTCCACA-1-SMMl-1.138P,SMM,12,neoplastic
CATTATCAGTGCCAGA-1-SMMl-2.138P,SMM,7,neoplastic
GGGACCTAGAACAACT-1-SMMl-2.138P,SMM,7,neoplastic
CGCTTCAAGGATGGTC-1-SMMh-4.138P,SMM,5,neoplastic
ATCCGAAAGGCCCTTG-1-SMMh-6.138P,SMM,3,neoplastic
GTCGGGTAGCAGATCG-1-SMMh-1.138P,SMM,healthy,neoplastic
CCTAGCTTCTTCTGGC-1-SMMl-2.138P,SMM,7,neoplastic
ACACTGATCGGATGGA-1-SMMh-6.138P,SMM,21,neoplastic
CTCTAATTCATCGATG-1-SMMh-4.138P,SMM,5,neoplastic
AGCGTCGAGCAAATCA-1-SMMh-4.138P,SMM,5,neoplastic
CGTCTACGTCATACTG-1-SMMh-10.138P,SMM,22,neoplastic
GGCGTGTCATGGTCTA-1-SMMl-2.138P,SMM,7,neoplastic
AACCGCGAGGACATTA-1-SMMl-2.138P,SMM,7,neoplastic
TTTACTGTCTGCCCTA-1-SMMh-5.138P,SMM,15,neoplastic
CATTCGCAGTGTTAGA-1-SMMl-2.138P,SMM,7,neoplastic
CACAGTAGTAAGAGGA-1-SMMh-4.138P,SMM,5,neoplastic
CGTAGGCTCATCATTC-1-SMMh-6.138P,SMM,3,neoplastic
CCTACACAGCCTTGAT-1-SMMl-2.138P,SMM,17,neoplastic
CTCGAAAAGACAGACC-1-SMMh-6.138P,SMM,healthy,normal
GCATGCGTCTACGAGT-1-SMMh-1.138P,SMM,17,neoplastic
ACGCCAGAGACACGAC-1-SMMh-3.138P,SMM,3,neoplastic
CATGCCTAGTCGAGTG-1-SMMh-5.138P,SMM,15,neoplastic
CTGCCTATCAACGGCC-1-SMMh-6.138P,SMM,healthy,normal
TCTTCGGTCCCAAGAT-1-SMMh-4.138P,SMM,5,neoplastic
GCATACAGTGACTACT-1-SMMh-6.138P,SMM,3,neoplastic
TTGCGTCGTAGGAGTC-1-SMMl-1.138P,SMM,12,neoplastic
GGCCGATCAGCCTTTC-1-SMMl-2.138P,SMM,7,neoplastic
CTCGAAATCGCACTCT-1-SMMh-6.138P,SMM,healthy,normal
GAATAAGAGTACGTAA-1-SMMh-4.138P,SMM,5,neoplastic
GTTCATTAGTAGGTGC-1-SMMh-4.138P,SMM,5,neoplastic
CCATGTCAGCTCTCGG-1-SMMh-4.138P,SMM,5,neoplastic
AAGGCAGAGATGTAAC-1-SMMl-3.138P,SMM,11,neoplastic
GAACATCCAGTTAACC-1-SMMh-10.138P,SMM,22,neoplastic
GTTTCTAAGAAAGTGG-1-SMMh-1.138P,SMM,24,neoplastic
CAAGTTGAGCGCTTAT-1-SMMh-3.138P,SMM,3,neoplastic
CATCAAGAGGCTCTTA-1-SMMl-1.138P,SMM,12,neoplastic
ACGTCAATCACCGTAA-1-SMMh-4.138P,SMM,5,neoplastic
AGCTCCTCATGATCCA-1-SMMl-2.138P,SMM,7,neoplastic
GGGTTGCCAGCGTTCG-1-SMMh-4.138P,SMM,5,neoplastic
TGCCCATAGACAAAGG-1-SMMh-3.138P,SMM,3,neoplastic
CTTGGCTCACATTCGA-1-SMMh-6.138P,SMM,3,neoplastic
CAGTCCTCAAAGGAAG-1-SMMh-3.138P,SMM,3,neoplastic
ACTGTCCAGTGTTGAA-1-SMMh-10.138P,SMM,22,neoplastic
CCACCTACACTTCGAA-1-SMMh-4.138P,SMM,5,neoplastic
AGTGAGGGTGGTAACG-1-SMMh-4.138P,SMM,5,neoplastic
GATGAGGAGAGTCGGT-1-SMMh-6.138P,SMM,3,neoplastic
ACTGCTCCATCACGAT-1-SMMl-2.138P,SMM,7,neoplastic
GGAATAATCCAAAGTC-1-SMMh-3.138P,SMM,3,neoplastic
CCACCTAGTAATAGCA-1-SMMl-2.138P,SMM,7,neoplastic
CCCATACGTAATCGTC-1-SMMh-6.138P,SMM,3,neoplastic
CACTCCATCAACACAC-1-SMMh-4.138P,SMM,5,neoplastic
ACCAGTAGTGGTAACG-1-SMMh-4.138P,SMM,5,neoplastic
GGAAAGCTCGAGGTAG-1-SMMh-4.138P,SMM,5,neoplastic
TCTATTGGTCTAGCCG-1-SMMl-2.138P,SMM,7,neoplastic
CCAATCCAGCTAGCCC-1-SMMh-10.138P,SMM,22,neoplastic
GGCAATTAGTCCGGTC-1-SMMh-8.138P,SMM,20,neoplastic
GTAACTGAGCGTAGTG-1-SMMl-2.138P,SMM,17,neoplastic
CTCCTAGAGCTGCCCA-1-SMMh-5.138P,SMM,15,neoplastic
ATGCGATCAGGATCGA-1-SMMl-2.138P,SMM,7,neoplastic
TACTTGTAGGAACTGC-1-SMMh-5.138P,SMM,15,neoplastic
ACTATCTAGCGAAGGG-1-SMMh-4.138P,SMM,5,neoplastic
GTCACAAAGGAATTAC-1-SMMh-6.138P,SMM,3,neoplastic
CTGCCTATCATGCTCC-1-SMMh-5.138P,SMM,15,neoplastic
GCTGGGTGTACATGTC-1-SMMh-6.138P,SMM,3,normal
CTCAGAAGTGACCAAG-1-SMMh-6.138P,SMM,3,neoplastic
CATGACATCTAACTTC-1-SMMl-2.138P,SMM,7,neoplastic
TCGCGAGAGGACAGCT-1-SMMh-6.138P,SMM,3,neoplastic
TCGGTAATCCCGGATG-1-SMMh-10.138P,SMM,22,neoplastic
TCACAAGTCCCAAGAT-1-SMMh-4.138P,SMM,5,neoplastic
CGATTGAGTAGAGGAA-1-SMMh-9.138P,SMM,17,neoplastic
GTCCTCATCACAGTAC-1-SMMh-8.138P,SMM,healthy,normal
GACGCGTTCCGATATG-1-SMMl-2.138P,SMM,7,neoplastic
ACTATCTCACATTTCT-1-SMMl-2.138P,SMM,7,neoplastic
AACTTTCGTCTTGATG-1-SMMh-4.138P,SMM,5,neoplastic
CCCAGTTTCACAGTAC-1-SMMl-1.138P,SMM,12,neoplastic
TTCTACATCCAACCAA-1-SMMh-3.138P,SMM,3,neoplastic
AACTCAGTCAAGGCTT-1-SMMh-3.138P,SMM,3,neoplastic
CACAGGCCAAGTACCT-1-SMMh-4.138P,SMM,5,neoplastic
TTGTAGGAGTCGTTTG-1-SMMl-2.138P,SMM,7,neoplastic
GGCTGGTAGATGCCTT-1-SMMh-5.138P,SMM,15,neoplastic
AGGTCATGTCACTGGC-1-SMMh-4.138P,SMM,5,neoplastic
GGTGTTAGTACGACCC-1-SMMh-6.138P,SMM,3,neoplastic
ACACCGGCACAGGAGT-1-SMMh-6.138P,SMM,3,neoplastic
TACTCATAGTTATCGC-1-SMMh-3.138P,SMM,3,neoplastic
TGAGGGACAAGGACAC-1-SMMl-3.138P,SMM,11,neoplastic
GTGTGCGTCGGCTTGG-1-SMMh-6.138P,SMM,3,neoplastic
CGGAGCTGTTCGTGAT-1-SMMh-6.138P,SMM,3,normal
CTAAGACAGCCACGTC-1-SMMh-4.138P,SMM,5,neoplastic
TGGTTCCGTCTAGCCG-1-SMMl-2.138P,SMM,7,neoplastic
CACACTCAGATATGGT-1-SMMh-10.138P,SMM,22,neoplastic
CAGCTGGGTACATCCA-1-SMMh-6.138P,SMM,3,neoplastic
ACTTGTTTCGCAGGCT-1-SMMh-5.138P,SMM,15,neoplastic
TTATGCTAGTACTTGC-1-SMMh-4.138P,SMM,5,neoplastic
CCTCTGAGTTCTGAAC-1-SMMh-1.138P,SMM,24,neoplastic
TGCTACCTCCCTAACC-1-SMMh-5.138P,SMM,15,neoplastic
GATCGTAAGGCCGAAT-1-SMMh-6.138P,SMM,3,neoplastic
CTACGTCAGAGGACGG-1-SMMh-5.138P,SMM,15,normal
CACAGGCCAAATACAG-1-SMMl-2.138P,SMM,7,neoplastic
GCAGCCACAATGAATG-1-SMMl-2.138P,SMM,7,neoplastic
GAAATGAAGCGTTGCC-1-SMMh-6.138P,SMM,3,neoplastic
TGGTTCCCATCTATGG-1-SMMl-1.138P,SMM,12,neoplastic
GTACTCCTCTGATACG-1-SMMl-2.138P,SMM,7,neoplastic
TGAGGGACACGGACAA-1-SMMh-4.138P,SMM,5,neoplastic
CCTAAAGGTCTTGTCC-1-SMMh-6.138P,SMM,3,neoplastic
GGACAGATCGGTTAAC-1-SMMl-2.138P,SMM,7,neoplastic
CTGTGCTTCTGGAGCC-1-SMMh-4.138P,SMM,5,neoplastic
AGTAGTCTCAGGCAAG-1-SMMh-5.138P,SMM,15,neoplastic
ACCGTAAGTTACGTCA-1-SMMh-4.138P,SMM,5,neoplastic
TCTTTCCAGGAGCGAG-1-SMMh-5.138P,SMM,15,neoplastic
CATTATCGTAGGCATG-1-SMMh-9.138P,SMM,17,neoplastic
CGGACTGGTAATCGTC-1-SMMh-6.138P,SMM,3,neoplastic
GCAAACTGTAATCGTC-1-SMMh-4.138P,SMM,5,neoplastic
CTGTGCTTCCCAAGAT-1-SMMl-2.138P,SMM,7,neoplastic
AGGCCGTTCGATCCCT-1-SMMh-5.138P,SMM,healthy,normal
CAGCAGCGTCGGATCC-1-SMMl-2.138P,SMM,7,neoplastic
TGCCAAAGTAATCACC-1-SMMl-2.138P,SMM,7,neoplastic
GCGACCACACTCAGGC-1-SMMh-6.138P,SMM,3,neoplastic
AACTTTCGTGCAACTT-1-SMMh-6.138P,SMM,3,neoplastic
CATCCACCAGGCTCAC-1-SMMl-2.138P,SMM,7,neoplastic
CATCAAGAGTTAAGTG-1-SMMl-2.138P,SMM,7,neoplastic
GTGCATAAGAGTACAT-1-SMMh-3.138P,SMM,3,neoplastic
CTCGAGGTCACGCGGT-1-SMMh-5.138P,SMM,15,neoplastic
CGCCAAGGTAAGAGGA-1-SMMh-5.138P,SMM,15,neoplastic
CGTTCTGGTGATAAGT-1-SMMl-2.138P,SMM,7,neoplastic
AGGTCCGTCACGAAGG-1-SMMl-3.138P,SMM,11,neoplastic
CTAAGACTCTCGATGA-1-SMMh-4.138P,SMM,5,neoplastic
GTTCGGGAGAGGTAGA-1-SMMh-4.138P,SMM,5,neoplastic
TCCACACGTCAGCTAT-1-SMMh-4.138P,SMM,5,neoplastic
TGCCCTAGTGATGCCC-1-SMMh-3.138P,SMM,3,neoplastic
AGATCTGGTGTTCTTT-1-SMMh-4.138P,SMM,5,neoplastic
TGCTACCTCTGAGGGA-1-SMMh-4.138P,SMM,5,neoplastic
CACTCCAAGGCTAGCA-1-SMMl-2.138P,SMM,7,neoplastic
GGAACTTAGCACCGTC-1-SMMl-2.138P,SMM,7,neoplastic
GCGCAACAGAAACCTA-1-SMMh-6.138P,SMM,3,neoplastic
TCAGCAACACCGTTGG-1-SMMh-6.138P,SMM,3,neoplastic
CAGGTGCTCATTTGGG-1-SMMh-5.138P,SMM,15,neoplastic
TCGTAGATCCGGGTGT-1-SMMh-5.138P,SMM,15,neoplastic
TCGTAGATCGCCATAA-1-SMMh-5.138P,SMM,15,neoplastic
TAAGAGACAAACTGTC-1-SMMh-3.138P,SMM,3,neoplastic
GCAAACTCACAAGACG-1-SMMh-3.138P,SMM,3,neoplastic
CCTTTCTTCACCGTAA-1-SMMh-6.138P,SMM,3,neoplastic
CGACTTCTCTTGTACT-1-SMMh-4.138P,SMM,5,neoplastic
GCCTCTAGTGAGGCTA-1-SMMh-4.138P,SMM,5,neoplastic
TGGACGCCAGACTCGC-1-SMMl-2.138P,SMM,7,neoplastic
TACGGGCGTCTCCATC-1-SMMh-3.138P,SMM,3,neoplastic
CTCACACGTTCGCTAA-1-SMMh-3.138P,SMM,3,neoplastic
AGGGAGTCAATCCAAC-1-SMMh-6.138P,SMM,3,neoplastic
GTGTTAGCAAAGCGGT-1-SMMh-3.138P,SMM,3,neoplastic
CACCAGGGTGCAGGTA-1-SMMh-4.138P,SMM,5,neoplastic
CGTCCATGTCATGCCG-1-SMMl-2.138P,SMM,7,neoplastic
GTGCGGTAGCGTAGTG-1-SMMh-5.138P,SMM,15,neoplastic
CTCGAGGGTATATGAG-1-SMMh-6.138P,SMM,3,neoplastic
AGTGTCAGTCAACATC-1-SMMl-2.138P,SMM,7,neoplastic
AGGGAGTTCAACCAAC-1-SMMl-2.138P,SMM,7,neoplastic
TTGCGTCAGGAGCGTT-1-SMMh-5.138P,SMM,15,neoplastic
AAGTCTGGTTCAGGCC-1-SMMh-6.138P,SMM,3,neoplastic
ACGCAGCTCAGCGACC-1-SMMl-1.138P,SMM,12,neoplastic
ATTCTACGTTGAGGTG-1-SMMh-5.138P,SMM,15,neoplastic
TGCACCTCAGCCAATT-1-SMMh-4.138P,SMM,5,neoplastic
GACGTGCTCGGCTACG-1-SMMh-3.138P,SMM,3,neoplastic
CTGTTTAGTAATCACC-1-SMMh-4.138P,SMM,5,neoplastic
CCCTCCTCAACGCACC-1-SMMh-3.138P,SMM,3,neoplastic
CGCTATCTCTCTTGAT-1-SMMl-2.138P,SMM,7,neoplastic
AGGTCATAGCTGCGAA-1-SMMh-4.138P,SMM,5,neoplastic
AGCATACCAATGGACG-1-SMMh-5.138P,SMM,15,neoplastic
CGTGTCTTCGCTAGCG-1-SMMh-8.138P,SMM,healthy,normal
ATGCGATGTCTCAACA-1-SMMh-4.138P,SMM,5,neoplastic
ACGGCCATCAAACCGT-1-SMMh-4.138P,SMM,5,neoplastic
TACTCATGTGTCGCTG-1-SMMh-4.138P,SMM,5,neoplastic
GATTCAGAGGGAGTAA-1-SMMh-3.138P,SMM,3,neoplastic
AGGTCCGCAATGGAGC-1-SMMl-2.138P,SMM,7,neoplastic
AGGCCGTCACCAGGCT-1-SMMh-3.138P,SMM,3,neoplastic
AAGTCTGCATACAGCT-1-SMMh-4.138P,SMM,5,neoplastic
CTTAACTGTTTAAGCC-1-SMMh-4.138P,SMM,5,neoplastic
CGTGAGCCAGATCCAT-1-SMMl-2.138P,SMM,7,neoplastic
GTATTCTTCGCGTAGC-1-SMMh-5.138P,SMM,15,neoplastic
AGCTCTCAGAACAATC-1-SMMh-3.138P,SMM,3,neoplastic
AGCGTCGCAATGAATG-1-SMMh-10.138P,SMM,healthy,neoplastic
GATGAGGCAGATGAGC-1-SMMh-3.138P,SMM,3,neoplastic
GGGATGAAGCGTCTAT-1-SMMh-4.138P,SMM,5,neoplastic
TCTGAGACATACGCTA-1-SMMl-2.138P,SMM,7,neoplastic
GACTGCGCAGCTCGAC-1-SMMl-2.138P,SMM,7,neoplastic
TGCCCATCAGAGTGTG-1-SMMl-2.138P,SMM,7,neoplastic
GAAATGACAAATACAG-1-SMMh-4.138P,SMM,5,neoplastic
CCTACCAAGTTGAGTA-1-SMMh-4.138P,SMM,5,neoplastic
CACAGTAAGCTTCGCG-1-SMMl-2.138P,SMM,7,neoplastic
TTTGCGCTCCGAATGT-1-SMMh-4.138P,SMM,5,neoplastic
AAGTCTGGTCAGTGGA-1-SMMl-2.138P,SMM,7,neoplastic
TCAGGATAGCTGTCTA-1-SMMl-2.138P,SMM,7,neoplastic
GCTTCCAGTGCAGACA-1-SMMl-2.138P,SMM,7,neoplastic
CAAGATCCAGCTATTG-1-SMMl-2.138P,SMM,7,neoplastic
AAACGGGCAGTAAGAT-1-SMMh-5.138P,SMM,15,neoplastic
CCGTTCACAGCGAACA-1-SMMh-3.138P,SMM,3,neoplastic
TAAGTGCAGGACAGAA-1-SMMh-10.138P,SMM,22,neoplastic
CAACTAGTCGGAATCT-1-SMMl-2.138P,SMM,7,neoplastic
TCATTACCACGGTGTC-1-SMMh-5.138P,SMM,15,neoplastic
TCACGAACAATTGCTG-1-SMMl-2.138P,SMM,7,normal
AGGCCGTAGTACATGA-1-SMMh-4.138P,SMM,5,neoplastic
CTACATTGTTCCAACA-1-MM-8.138P,MM,12,neoplastic
GCAGCCAGTAGCTGCC-1-MM-2.138P,MM,0,neoplastic
CCAATCCAGTCATGCT-1-MM-2.138P,MM,0,neoplastic
TAAGTGCTCCAAAGTC-1-MM-2.138P,MM,0,neoplastic
CTTAACTAGCCCTAAT-1-MM-2.138P,MM,0,neoplastic
GCGCAACAGGCAGGTT-1-MM-2.138P,MM,0,neoplastic
CCTTTCTCAGGTCTCG-1-MM-5.138P,MM,9,neoplastic
GAGGTGAAGAGATGAG-1-MM-1.138P,MM,2,neoplastic
TGAGAGGCAAGAAAGG-1-MM-1.138P,MM,2,neoplastic
CATGGCGCATGCTGGC-1-MM-6.138P,MM,11,neoplastic
GATGAAAGTCGATTGT-1-MM-1.138P,MM,2,neoplastic
ATGTGTGCAGGATCGA-1-MM-2.138P,MM,0,neoplastic
GATCTAGAGCCGGTAA-1-MM-1.138P,MM,2,neoplastic
TCTTCGGGTATTCGTG-1-MM-2.138P,MM,0,neoplastic
GTATCTTCACCTCGGA-1-MM-1.138P,MM,2,neoplastic
GCAAACTAGTATCGAA-1-MM-2.138P,MM,0,neoplastic
GTAGGCCAGCAGACTG-1-MM-1.138P,MM,2,neoplastic
GTTACAGGTAAGAGAG-1-MM-3.138P,MM,13,neoplastic
GCTGCTTTCTGATACG-1-MM-2.138P,MM,0,neoplastic
GAACGGAAGTTCGATC-1-MM-1.138P,MM,2,neoplastic
ACCCACTAGAGCTATA-1-MM-5.138P,MM,9,neoplastic
AGGGTGATCCTGTACC-1-MM-1.138P,MM,2,neoplastic
GTACGTATCCGTTGTC-1-MM-2.138P,MM,0,neoplastic
CACCACTTCTAAGCCA-1-MM-2.138P,MM,0,neoplastic
AACTGGTTCCGTAGTA-1-MM-2.138P,MM,0,neoplastic
CTGTGCTAGCCAGTAG-1-MM-2.138P,MM,0,neoplastic
GAAATGATCCTAGAAC-1-MM-5.138P,MM,9,neoplastic
AACCGCGAGGACATTA-1-MM-5.138P,MM,9,neoplastic
TGTATTCGTCCGACGT-1-MM-1.138P,MM,18,neoplastic
TACCTTAGTCCGTTAA-1-MM-2.138P,MM,0,neoplastic
CAACCAACAGCTGCAC-1-MM-5.138P,MM,9,neoplastic
TCGGGACGTATATGGA-1-MM-8.138P,MM,12,neoplastic
TCTCATAAGAGTAATC-1-MM-5.138P,MM,9,neoplastic
ATAGACCGTCTAGCCG-1-MM-6.138P,MM,11,neoplastic
TGAGGGAGTACCCAAT-1-MM-1.138P,MM,2,neoplastic
CCTTCGACAATGAATG-1-MM-6.138P,MM,11,neoplastic
TTTGGTTCATGCAACT-1-MM-8.138P,MM,12,neoplastic
ACTGAACGTGTGGTTT-1-MM-2.138P,MM,0,neoplastic
TAGGCATAGTTAACGA-1-MM-2.138P,MM,0,neoplastic
GTACTTTAGGTGATTA-1-MM-1.138P,MM,18,neoplastic
GAACATCCACGAAGCA-1-MM-1.138P,MM,2,neoplastic
CAGCGACTCCTAGGGC-1-MM-2.138P,MM,0,neoplastic
CGGTTAATCGAACGGA-1-MM-5.138P,MM,9,neoplastic
GAAACTCTCAGTCAGT-1-MM-1.138P,MM,17,neoplastic
CGGACTGTCTGCGGCA-1-MM-1.138P,MM,2,neoplastic
AGGCCACCACCGGAAA-1-MM-6.138P,MM,11,neoplastic
ACTTGTTGTCCGTGAC-1-MM-2.138P,MM,0,neoplastic
CATGGCGGTCTTGCGG-1-MM-2.138P,MM,0,neoplastic
CGGCTAGTCCCAGGTG-1-MM-1.138P,MM,2,neoplastic
GCACTCTAGCTAACAA-1-MM-5.138P,MM,9,neoplastic
CGACCTTTCTGCCAGG-1-MM-1.138P,MM,18,neoplastic
GTGTTAGGTATCTGCA-1-MM-5.138P,MM,9,neoplastic
CTGCCTAAGGCAATTA-1-MM-2.138P,MM,0,neoplastic
TGAAAGATCAGGATCT-1-MM-8.138P,MM,12,neoplastic
TACGGATCAAGAGTCG-1-MM-2.138P,MM,0,neoplastic
ACTTGTTAGCCATCGC-1-MM-2.138P,MM,0,neoplastic
TGCGCAGAGATCGGGT-1-MM-6.138P,MM,11,neoplastic
CGAACATCACCTCGTT-1-MM-6.138P,MM,11,neoplastic
CTTACCGCAGTTTACG-1-MM-2.138P,MM,0,neoplastic
TATTACCGTCTTTCAT-1-MM-1.138P,MM,2,neoplastic
GTATCTTGTCTCCATC-1-MM-2.138P,MM,0,neoplastic
CGATCGGAGCTAACTC-1-MM-2.138P,MM,0,neoplastic
CGTGTAATCTGCAAGT-1-MM-2.138P,MM,0,neoplastic
CTCGTACGTTAAAGAC-1-MM-6.138P,MM,11,neoplastic
GGACAGAGTCGCGAAA-1-MM-6.138P,MM,11,neoplastic
ATCTGCCAGTTCCACA-1-MM-1.138P,MM,2,neoplastic
CGATTGAGTAGGAGTC-1-MM-3.138P,MM,13,neoplastic
ACATCAGAGAGTAATC-1-MM-5.138P,MM,9,neoplastic
TATCAGGCACAGAGGT-1-MM-2.138P,MM,0,neoplastic
GAGGTGAGTTCACGGC-1-MM-3.138P,MM,13,neoplastic
CGTTCTGTCTACCAGA-1-MM-1.138P,MM,2,neoplastic
CTTAACTCATGATCCA-1-MM-3.138P,MM,13,neoplastic
AATCGGTTCCAGTAGT-1-MM-2.138P,MM,0,neoplastic
TGACGGCTCTGCTGCT-1-MM-2.138P,MM,0,neoplastic
TTCCCAGAGTAACCCT-1-MM-2.138P,MM,0,neoplastic
GTACTCCAGGGTTTCT-1-MM-6.138P,MM,11,neoplastic
GTTTCTAGTGACCAAG-1-MM-1.138P,MM,21,neoplastic
CAGCTGGCATGCAATC-1-MM-3.138P,MM,13,neoplastic
ATAACGCCATGACATC-1-MM-2.138P,MM,0,neoplastic
CCGTACTCATCGTCGG-1-MM-1.138P,MM,2,neoplastic
GTGTGCGGTCTACCTC-1-MM-2.138P,MM,0,neoplastic
TACGGATCAATGACCT-1-MM-2.138P,MM,0,neoplastic
CCTAGCTCAAGAGTCG-1-MM-5.138P,MM,9,neoplastic
ATTTCTGTCAGGATCT-1-MM-5.138P,MM,9,neoplastic
TACTCGCCAGGTCCAC-1-MM-5.138P,MM,9,neoplastic
AACTCTTCATGGGACA-1-MM-2.138P,MM,0,neoplastic
CTAGCCTGTCAGTGGA-1-MM-8.138P,MM,12,neoplastic
CTGCGGACACTTCTGC-1-MM-1.138P,MM,2,neoplastic
AACTGGTTCAACACTG-1-MM-4.138P,MM,16,neoplastic
CCCTCCTAGCGTGAGT-1-MM-3.138P,MM,13,neoplastic
CTAGCCTTCTTTAGGG-1-MM-2.138P,MM,0,neoplastic
ATTATCCGTCATATGC-1-MM-4.138P,MM,16,neoplastic
CATGCCTAGATGTTAG-1-MM-1.138P,MM,2,neoplastic
GCGGGTTGTTCAGGCC-1-MM-2.138P,MM,0,neoplastic
GATGAGGCAGCCAATT-1-MM-5.138P,MM,9,neoplastic
TCAATCTGTAATAGCA-1-MM-2.138P,MM,0,neoplastic
AGCGTATAGGCACATG-1-MM-1.138P,MM,2,neoplastic
CTACACCAGTGCTGCC-1-MM-2.138P,MM,0,neoplastic
CGACTTCTCATTGCCC-1-MM-1.138P,MM,2,neoplastic
GCTTCCAGTAAGTGGC-1-MM-8.138P,MM,12,neoplastic
GCATGATCACTAGTAC-1-MM-2.138P,MM,0,neoplastic
ACGCCGATCATCTGCC-1-MM-3.138P,MM,13,neoplastic
GCATACATCCGTACAA-1-MM-8.138P,MM,12,neoplastic
AGGGAGTGTACCAGTT-1-MM-2.138P,MM,0,neoplastic
ATAAGAGTCCTCCTAG-1-MM-2.138P,MM,0,neoplastic
TCAGATGAGCTCCCAG-1-MM-1.138P,MM,2,neoplastic
TGACTTTGTAGAGTGC-1-MM-1.138P,MM,2,neoplastic
AACCGCGCAGCGAACA-1-MM-5.138P,MM,9,neoplastic
GGGTCTGTCACGAAGG-1-MM-1.138P,MM,2,neoplastic
GCGACCAAGACTAAGT-1-MM-2.138P,MM,0,neoplastic
CTCGAGGGTCAACATC-1-MM-5.138P,MM,9,neoplastic
CGTAGGCCAGCTTCGG-1-MM-6.138P,MM,11,neoplastic
CTGTGCTTCTCTGTCG-1-MM-3.138P,MM,13,neoplastic
GAGTCCGTCATGGTCA-1-MM-2.138P,MM,0,neoplastic
GGAACTTTCCAAATGC-1-MM-2.138P,MM,0,neoplastic
AGTGTCAGTCGGATCC-1-MM-8.138P,MM,12,neoplastic
TCCCGATTCATCGATG-1-MM-3.138P,MM,13,neoplastic
CAAGAAACACTTAACG-1-MM-2.138P,MM,0,neoplastic
ACTGTCCCAAGGACTG-1-MM-3.138P,MM,13,neoplastic
CTGATAGGTCAGTGGA-1-MM-1.138P,MM,2,neoplastic
CCCTCCTGTTATCGGT-1-MM-1.138P,MM,18,neoplastic
GGACATTTCGCATGAT-1-MM-2.138P,MM,0,neoplastic
TACAGTGTCACTGGGC-1-MM-5.138P,MM,9,neoplastic
ACACCCTCAGTCGTGC-1-MM-2.138P,MM,0,neoplastic
TCAGGATGTCAGAAGC-1-MM-2.138P,MM,0,neoplastic
AAGCCGCTCGAATGCT-1-MM-6.138P,MM,11,neoplastic
CCGGTAGAGGGCACTA-1-MM-1.138P,MM,2,neoplastic
CATCCACAGTATGACA-1-MM-2.138P,MM,0,neoplastic
ATAAGAGTCGACCAGC-1-MM-5.138P,MM,9,neoplastic
GCACATAGTCAGTGGA-1-MM-2.138P,MM,0,neoplastic
GAGCAGATCTTCAACT-1-MM-1.138P,MM,2,neoplastic
TATGCCCAGCACCGTC-1-MM-6.138P,MM,11,neoplastic
CGTCCATCACATTTCT-1-MM-5.138P,MM,9,neoplastic
CGAGAAGAGACCTTTG-1-MM-6.138P,MM,11,neoplastic
GAACCTAAGAATTCCC-1-MM-1.138P,MM,2,neoplastic
GAACATCGTAAATGAC-1-MM-6.138P,MM,11,neoplastic
CTCATTAGTTCGTGAT-1-MM-1.138P,MM,2,neoplastic
CTACGTCCATTGGTAC-1-MM-1.138P,MM,2,neoplastic
AAAGCAACATCTGGTA-1-MM-1.138P,MM,2,neoplastic
GTGTTAGTCTTCATGT-1-MM-2.138P,MM,0,neoplastic
GTCGTAACACATCCAA-1-MM-2.138P,MM,0,neoplastic
CATATGGCAATGTAAG-1-MM-5.138P,MM,17,neoplastic
CGACTTCCAGCTGCAC-1-MM-1.138P,MM,2,neoplastic
CTCATTAAGGGTGTTG-1-MM-2.138P,MM,0,neoplastic
TGTATTCTCATGTCTT-1-MM-5.138P,MM,9,neoplastic
TAGTGGTAGGCATTGG-1-MM-3.138P,MM,13,neoplastic
CGTCCATAGCGACGTA-1-MM-6.138P,MM,11,neoplastic
GACAGAGTCTATGTGG-1-MM-1.138P,MM,2,neoplastic
TTCGGTCCACATGTGT-1-MM-8.138P,MM,12,neoplastic
AAATGCCGTGTCCTCT-1-MM-2.138P,MM,0,neoplastic
AAAGATGCAAGGTTTC-1-MM-3.138P,MM,13,neoplastic
CTAGCCTGTAAATGTG-1-MM-1.138P,MM,18,neoplastic
AACTCAGTCCCTGACT-1-MM-3.138P,MM,17,neoplastic
TTGCCGTAGGTCATCT-1-MM-5.138P,MM,9,neoplastic
GTACGTACATGTAGTC-1-MM-2.138P,MM,0,neoplastic
GGAACTTAGGCTAGGT-1-MM-2.138P,MM,0,neoplastic
TCATTACGTGTTGAGG-1-MM-7.138P,MM,19,neoplastic
GCATACAAGTAGGCCA-1-MM-6.138P,MM,11,neoplastic
CGAGCACCACTTCGAA-1-MM-4.138P,MM,16,neoplastic
AGTGGGATCTGCTGCT-1-MM-2.138P,MM,0,neoplastic
GTCACAAAGTGGAGTC-1-MM-1.138P,MM,2,neoplastic
AGATTGCTCCCTGACT-1-MM-1.138P,MM,2,neoplastic
GGACATTCACAGATTC-1-MM-2.138P,MM,0,neoplastic
TGGCTGGCAAGGACAC-1-MM-3.138P,MM,13,neoplastic
CCGTACTTCTCGAGTA-1-MM-2.138P,MM,0,neoplastic
ACATCAGCATCGATTG-1-MM-6.138P,MM,11,neoplastic
GTGTTAGTCTAACTCT-1-MM-5.138P,MM,9,neoplastic
GGACAGACATTTCACT-1-MM-6.138P,MM,11,neoplastic
ACCTTTAGTGTGGCTC-1-MM-1.138P,MM,2,neoplastic
GCATGCGGTCGGGTCT-1-MM-8.138P,MM,12,neoplastic
ACGAGCCCAGCCTATA-1-MM-2.138P,MM,0,neoplastic
GGCGACTGTAACGTTC-1-MM-2.138P,MM,0,neoplastic
ACGGGCTTCTGTTTGT-1-MM-1.138P,MM,2,neoplastic
TACTCGCAGTGGTCCC-1-MM-2.138P,MM,0,neoplastic
ACTGATGGTCAGAATA-1-MM-2.138P,MM,0,neoplastic
ACCTTTATCGTGGACC-1-MM-5.138P,MM,9,neoplastic
GCGGGTTCACATTTCT-1-MM-7.138P,MM,19,neoplastic
TTCGAAGAGCCGTCGT-1-MM-1.138P,MM,2,neoplastic
CTCATTAAGATATACG-1-MM-5.138P,MM,9,neoplastic
CGCTGGAAGAGTACAT-1-MM-2.138P,MM,0,neoplastic
TGTGGTAAGTCTCAAC-1-MM-1.138P,MM,2,neoplastic
GGGTCTGGTAGCGCTC-1-MM-2.138P,MM,0,neoplastic
TGCTACCTCGCCGTGA-1-MM-1.138P,MM,2,neoplastic
TTTACTGGTGTTTGGT-1-MM-2.138P,MM,0,neoplastic
GCAGTTACAAGTTAAG-1-MM-2.138P,MM,0,neoplastic
CATGCCTGTGCAGTAG-1-MM-2.138P,MM,0,neoplastic
TAAGAGAGTTACCGAT-1-MM-1.138P,MM,2,neoplastic
ACATCAGCACCAGGTC-1-MM-1.138P,MM,2,neoplastic
AAAGCAAAGGCTATCT-1-MM-2.138P,MM,0,neoplastic
GGAACTTTCCAGGGCT-1-MM-5.138P,MM,9,neoplastic
TCTGGAAAGAGACGAA-1-MM-1.138P,MM,2,neoplastic
TTTATGCAGAGGTTGC-1-MM-1.138P,MM,2,neoplastic
ACGGGTCTCATGGTCA-1-MM-2.138P,MM,0,neoplastic
AGAATAGAGTAGCCGA-1-MM-1.138P,MM,2,neoplastic
CACCAGGTCTTCATGT-1-MM-5.138P,MM,9,neoplastic
TCGCGTTGTACGCACC-1-MM-1.138P,MM,2,neoplastic
TGGCCAGAGCGTCTAT-1-MM-2.138P,MM,0,neoplastic
GGGAATGTCGCAGGCT-1-MM-2.138P,MM,0,neoplastic
CTCGTCAGTTCGCGAC-1-MM-1.138P,MM,2,neoplastic
TACAGTGAGTTTAGGA-1-MM-4.138P,MM,16,neoplastic
TCAGGTAAGGTACTCT-1-MM-5.138P,MM,9,neoplastic
CGATGTACAGTTTACG-1-MM-6.138P,MM,11,neoplastic
CTTAGGATCTCTGCTG-1-MM-1.138P,MM,2,neoplastic
CAGATCAAGCGTCTAT-1-MM-1.138P,MM,2,neoplastic
ATTATCCTCCCTCAGT-1-MM-2.138P,MM,9,neoplastic
CATCAAGCAAAGCAAT-1-MM-5.138P,MM,9,neoplastic
GCTCTGTGTCAACTGT-1-MM-1.138P,MM,2,neoplastic
ACACTGAGTACCAGTT-1-MM-3.138P,MM,13,neoplastic
TCACAAGGTAAACGCG-1-MM-1.138P,MM,2,neoplastic
GGATGTTTCACTCCTG-1-MM-1.138P,MM,2,neoplastic
CAGTAACCAACTTGAC-1-MM-1.138P,MM,2,neoplastic
CTGAAACAGGATGCGT-1-MM-1.138P,MM,2,neoplastic
GTTTCTAGTCCAAGTT-1-MM-6.138P,MM,11,neoplastic
TCTCATATCCAACCAA-1-MM-1.138P,MM,2,neoplastic
ATCGAGTTCTGATTCT-1-MM-1.138P,MM,2,neoplastic
TCTCTAATCTGATACG-1-MM-2.138P,MM,0,neoplastic
CCCTCCTTCTACTATC-1-MM-2.138P,MM,0,neoplastic
TCAGCTCTCCGCATCT-1-MM-2.138P,MM,0,neoplastic
CATTCGCTCCCGACTT-1-MM-6.138P,MM,11,neoplastic
ACGAGGAGTTAAGATG-1-MM-2.138P,MM,0,neoplastic
TTGGCAAAGCTGCAAG-1-MM-2.138P,MM,0,neoplastic
CCCTCCTCATCGGGTC-1-MM-6.138P,MM,11,neoplastic
GACGTGCGTTCCCTTG-1-MM-1.138P,MM,21,neoplastic
TGAGCATTCTCAACTT-1-MM-2.138P,MM,0,neoplastic
ATTGGTGAGGAGTAGA-1-MM-8.138P,MM,12,neoplastic
CTGATCCAGTGTTTGC-1-MM-6.138P,MM,11,neoplastic
TCATTACTCCAGGGCT-1-MM-3.138P,MM,13,neoplastic
ACGATACGTCTGCAAT-1-MM-6.138P,MM,11,neoplastic
CGGACACAGGCTCTTA-1-MM-5.138P,MM,9,neoplastic
GAATAAGTCGTCTGAA-1-MM-2.138P,MM,0,neoplastic
GATTCAGTCTGAGGGA-1-MM-5.138P,MM,9,neoplastic
AAAGTAGGTTCGTGAT-1-MM-1.138P,MM,2,neoplastic
CTAATGGCAGTACACT-1-MM-6.138P,MM,11,neoplastic
GGGTCTGTCTGGGCCA-1-MM-1.138P,MM,18,neoplastic
GGGAATGTCTGATTCT-1-MM-5.138P,MM,9,neoplastic
CTTCTCTAGAGTCTGG-1-MM-8.138P,MM,12,neoplastic
CTAATGGGTTACGGAG-1-MM-1.138P,MM,2,neoplastic
CTCAGAATCGAACGGA-1-MM-2.138P,MM,0,neoplastic
GAGTCCGGTCTAACGT-1-MM-6.138P,MM,11,neoplastic
CTCACACCAGGCTGAA-1-MM-2.138P,MM,0,neoplastic
ACTATCTAGTGCTGCC-1-MM-3.138P,MM,13,neoplastic
GAGTCCGAGCTGAACG-1-MM-2.138P,MM,0,neoplastic
CCGTACTTCCAGATCA-1-MM-8.138P,MM,12,neoplastic
TGTGGTAAGCGATTCT-1-MM-3.138P,MM,13,neoplastic
ATGTGTGGTAAGTAGT-1-MM-3.138P,MM,13,neoplastic
AGCTCTCAGGGTTTCT-1-MM-4.138P,MM,16,neoplastic
CTTTGCGCACGGTGTC-1-MM-2.138P,MM,0,neoplastic
TTCTTAGCAATCTACG-1-MM-1.138P,MM,2,neoplastic
CTTAACTTCGTAGGTT-1-MM-5.138P,MM,9,neoplastic
CTCTAATGTATAAACG-1-MM-1.138P,MM,2,neoplastic
AAGGAGCGTATCGCAT-1-MM-4.138P,MM,16,neoplastic
CTGCGGAAGTGAACAT-1-MM-2.138P,MM,0,neoplastic
TCAGGATGTATTCGTG-1-MM-1.138P,MM,2,neoplastic
CCAGCGAAGAGGTTGC-1-MM-2.138P,MM,0,neoplastic
CCATGTCTCTTAACCT-1-MM-7.138P,MM,19,neoplastic
GTCGGGTAGGATTCGG-1-MM-2.138P,MM,0,neoplastic
TCTCTAACAATAAGCA-1-MM-5.138P,MM,9,neoplastic
ATGCGATAGTATCTCG-1-MM-2.138P,MM,0,neoplastic
CGAATGTTCTATGTGG-1-MM-5.138P,MM,21,neoplastic
ACGCAGCTCTCTGAGA-1-MM-8.138P,MM,12,neoplastic
TAAGCGTCAGTCAGAG-1-MM-6.138P,MM,11,neoplastic
TACCTATTCGAATGCT-1-MM-8.138P,MM,12,neoplastic
TCTTCGGCACGAAACG-1-MM-2.138P,MM,0,neoplastic
CTAGAGTTCTCTGAGA-1-MM-2.138P,MM,0,neoplastic
AGCGGTCAGATCACGG-1-MM-2.138P,MM,0,neoplastic
TGCGCAGTCCTCAATT-1-MM-2.138P,MM,0,neoplastic
TTGGAACGTCCTCCAT-1-MM-2.138P,MM,0,neoplastic
ACCTTTATCCAAAGTC-1-MM-2.138P,MM,0,neoplastic
CCACCTAAGAAGGTTT-1-MM-1.138P,MM,2,neoplastic
GGGTTGCCACCCATGG-1-MM-3.138P,MM,13,neoplastic
ACGCAGCGTGCAACTT-1-MM-2.138P,MM,0,neoplastic
ATCCGAAGTCTAAACC-1-MM-6.138P,MM,11,neoplastic
ACTTGTTTCAGAGCTT-1-MM-1.138P,MM,2,neoplastic
AAATGCCAGCTTATCG-1-MM-2.138P,MM,0,neoplastic
GGAATAACATGGGACA-1-MM-1.138P,MM,2,neoplastic
GAACGGAAGCGATTCT-1-MM-1.138P,MM,2,neoplastic
AAAGTAGAGAGCTGCA-1-MM-3.138P,MM,13,neoplastic
CTTACCGGTTATGCGT-1-MM-2.138P,MM,9,neoplastic
CCTTACGAGGATTCGG-1-MM-3.138P,MM,13,neoplastic
ACACCAAGTGACGGTA-1-MM-3.138P,MM,13,neoplastic
GTGCATATCATTATCC-1-MM-3.138P,MM,13,neoplastic
GGCAATTAGCTGCAAG-1-MM-2.138P,MM,0,neoplastic
AACTCAGTCTAACTCT-1-MM-5.138P,MM,9,neoplastic
TGGGAAGGTACTCGCG-1-MM-1.138P,MM,2,neoplastic
GCTTCCATCTTGTTTG-1-MM-1.138P,MM,2,neoplastic
AAAGCAACAATCGGTT-1-MM-2.138P,MM,0,neoplastic
GCATACATCCACGCAG-1-MM-2.138P,MM,0,neoplastic
AATCGGTCATCTACGA-1-MM-1.138P,MM,2,neoplastic
GATGCTATCCATGCTC-1-MM-3.138P,MM,21,neoplastic
GTCGTAACACATCCAA-1-MM-8.138P,MM,12,neoplastic
CATCGAACACATTTCT-1-MM-2.138P,MM,0,neoplastic
TCCCGATGTTGCCTCT-1-MM-2.138P,MM,0,neoplastic
TGCGTGGTCAGCGACC-1-MM-4.138P,MM,16,neoplastic
CCTTCGAGTATAATGG-1-MM-2.138P,MM,0,neoplastic
CTCTAATGTACTCAAC-1-MM-7.138P,MM,19,neoplastic
CTCTACGGTTGATTGC-1-MM-5.138P,MM,9,neoplastic
AAATGCCGTACCAGTT-1-MM-1.138P,MM,2,neoplastic
ACCAGTATCTGTCAAG-1-MM-1.138P,MM,2,neoplastic
TCAGATGCATGCCCGA-1-MM-1.138P,MM,2,neoplastic
TCGAGGCAGCGTGTCC-1-MM-1.138P,MM,2,neoplastic
CATCGGGCATACTACG-1-MM-2.138P,MM,0,neoplastic
GCTGCGAAGAGAGCTC-1-MM-5.138P,MM,9,neoplastic
ATAGACCCAGTTCCCT-1-MM-2.138P,MM,0,neoplastic
AAGGAGCCAGATAATG-1-MM-1.138P,MM,18,neoplastic
ACCTTTAGTCTAAACC-1-MM-1.138P,MM,2,neoplastic
TAAGAGATCGTCTGCT-1-MM-1.138P,MM,2,neoplastic
GTAGTCAGTCGTTGTA-1-MM-2.138P,MM,0,neoplastic
TTAGGACCAGGTCCAC-1-MM-1.138P,MM,2,neoplastic
AGTGAGGCAAGCTGGA-1-MM-2.138P,MM,0,neoplastic
TGAGAGGTCCCTTGCA-1-MM-2.138P,MM,0,neoplastic
GTTCTCGGTCAGAATA-1-MM-2.138P,MM,0,neoplastic
CGTAGCGAGTTGTAGA-1-MM-8.138P,MM,12,neoplastic
TACAGTGTCAGCAACT-1-MM-4.138P,MM,16,neoplastic
GTGCATAAGCGATATA-1-MM-1.138P,MM,2,neoplastic
TTTACTGGTACATCCA-1-MM-2.138P,MM,0,neoplastic
ATTCTACAGATCTGAA-1-MM-2.138P,MM,0,neoplastic
CAACCTCGTCGATTGT-1-MM-1.138P,MM,2,neoplastic
CCTCTGAAGTACACCT-1-MM-3.138P,MM,13,neoplastic
GGGATGATCGAATGGG-1-MM-2.138P,MM,0,neoplastic
CTAACTTGTAGGGTAC-1-MM-1.138P,MM,2,neoplastic
TCACAAGAGGAGCGTT-1-MM-6.138P,MM,11,neoplastic
GTCTTCGGTTAAGTAG-1-MM-4.138P,MM,16,neoplastic
TTTACTGGTGGCGAAT-1-MM-2.138P,MM,0,neoplastic
CGGTTAACAAGCTGTT-1-MM-2.138P,MM,17,neoplastic
AGATCTGTCACTTCAT-1-MM-1.138P,MM,18,neoplastic
GTCGTAACAGTACACT-1-MM-3.138P,MM,13,neoplastic
AATCGGTGTTGTCGCG-1-MM-6.138P,MM,11,neoplastic
TTTCCTCTCTGAGTGT-1-MM-1.138P,MM,2,neoplastic
AAATGCCTCACGGTTA-1-MM-5.138P,MM,9,neoplastic
AAAGATGTCATCGATG-1-MM-2.138P,MM,0,neoplastic
CATGACACAAGTACCT-1-MM-2.138P,MM,0,neoplastic
TTTGGTTCAAGTCTAC-1-MM-2.138P,MM,0,neoplastic
GTGTGCGCATACTACG-1-MM-1.138P,MM,18,neoplastic
TAAGAGAGTGCACGAA-1-MM-8.138P,MM,12,neoplastic
CGATGTATCGGGAGTA-1-MM-5.138P,MM,9,neoplastic
CGAGAAGCAGTCACTA-1-MM-6.138P,MM,healthy,normal
TCGAGGCGTCTTGATG-1-MM-5.138P,MM,9,neoplastic
CAGTAACAGTGATCGG-1-MM-6.138P,MM,11,neoplastic
CGATCGGCAAAGAATC-1-MM-5.138P,MM,9,neoplastic
GGGAATGTCGCATGAT-1-MM-2.138P,MM,0,neoplastic
CGGAGTCCAGGATCGA-1-MM-5.138P,MM,9,neoplastic
TTGCCGTCACTTGGAT-1-MM-5.138P,MM,9,neoplastic
CACAGGCCAATTCCTT-1-MM-2.138P,MM,0,neoplastic
ACATGGTCATCGACGC-1-MM-3.138P,MM,17,neoplastic
CGATGTATCCCTGACT-1-MM-6.138P,MM,11,neoplastic
TAGGCATAGCTGCAAG-1-MM-2.138P,MM,0,neoplastic
GGACAGAGTAAGGGAA-1-MM-5.138P,MM,9,neoplastic
ATGAGGGCAATAGCGG-1-MM-1.138P,MM,2,neoplastic
ATCCGAAGTAACGCGA-1-MM-5.138P,MM,9,neoplastic
TAAACCGCATATGAGA-1-MM-1.138P,MM,2,neoplastic
GTTTCTATCCGCTGTT-1-MM-2.138P,MM,0,neoplastic
ACTGTCCGTAACGACG-1-MM-1.138P,MM,2,neoplastic
TCGCGTTGTAAACGCG-1-MM-3.138P,MM,13,neoplastic
TTGGAACAGCCACTAT-1-MM-2.138P,MM,0,neoplastic
CGACTTCGTGGTCCGT-1-MM-2.138P,MM,0,neoplastic
CGAACATGTAATCGTC-1-MM-8.138P,MM,12,neoplastic
GACACGCTCCGTAGGC-1-MM-2.138P,MM,0,neoplastic
AGTGTCAAGTACTTGC-1-MM-1.138P,MM,2,neoplastic
GGATGTTCACAGAGGT-1-MM-6.138P,MM,11,neoplastic
GAATGAAAGGTACTCT-1-MM-1.138P,MM,2,neoplastic
CACAGGCTCGTTGACA-1-MM-2.138P,MM,0,neoplastic
TGAAAGACAATGGAGC-1-MM-8.138P,MM,12,neoplastic
ACACCCTGTTCGCGAC-1-MM-8.138P,MM,12,neoplastic
AATCCAGAGGCTAGAC-1-MM-2.138P,MM,0,neoplastic
GACGTGCTCCACGACG-1-MM-6.138P,MM,11,neoplastic
CTCGGGATCTGTCCGT-1-MM-1.138P,MM,2,neoplastic
TACACGACACTTACGA-1-MM-8.138P,MM,12,neoplastic
AGTGTCAGTAACGTTC-1-MM-1.138P,MM,2,neoplastic
CGACCTTAGTTCGCGC-1-MM-2.138P,MM,0,neoplastic
GTACGTATCACCAGGC-1-MM-2.138P,MM,0,neoplastic
AGTAGTCCAGACGCAA-1-MM-3.138P,MM,13,neoplastic
CTGTTTATCCCATTTA-1-MM-1.138P,MM,2,neoplastic
ACTTGTTGTGGCGAAT-1-MM-7.138P,MM,19,neoplastic
CCTACACAGCGTGAGT-1-MM-5.138P,MM,9,neoplastic
TCACGAAAGTGAACGC-1-MM-2.138P,MM,0,neoplastic
GATCGATTCGCCCTTA-1-MM-2.138P,MM,0,neoplastic
GGATTACCAACCGCCA-1-MM-3.138P,MM,13,neoplastic
CTCCTAGCAGCGAACA-1-MM-2.138P,MM,0,neoplastic
TGGCCAGGTGCCTGTG-1-MM-2.138P,MM,0,neoplastic
AACCATGTCGTCCAGG-1-MM-2.138P,MM,0,neoplastic
TGCCCATTCAGCTTAG-1-MM-2.138P,MM,0,neoplastic
ATCGAGTGTTGCGCAC-1-MM-6.138P,MM,11,neoplastic
GAACGGAGTTAAGGGC-1-MM-2.138P,MM,0,neoplastic
CACAGTAAGGACATTA-1-MM-2.138P,MM,0,neoplastic
TCGAGGCAGTACATGA-1-MM-1.138P,MM,18,neoplastic
ACAGCTATCGGACAAG-1-MM-1.138P,MM,2,neoplastic
GCATGATGTCAGTGGA-1-MM-7.138P,MM,19,neoplastic
AAATGCCCAGCTATTG-1-MM-2.138P,MM,0,neoplastic
GCTGGGTTCTATCCTA-1-MM-4.138P,MM,16,neoplastic
TCGAGGCCACCAGATT-1-MM-1.138P,MM,2,neoplastic
GCCTCTACAACGATCT-1-MM-2.138P,MM,11,neoplastic
TGACTAGCAATGGAAT-1-MM-1.138P,MM,2,neoplastic
GTCCTCACATCTCGCT-1-MM-1.138P,MM,2,neoplastic
TTCCCAGTCGGCGCAT-1-MM-3.138P,MM,13,neoplastic
TTCTACACAATAGAGT-1-MM-5.138P,MM,9,neoplastic
CGGAGCTGTGAGTGAC-1-MM-2.138P,MM,0,neoplastic
ACGATGTAGTACGCCC-1-MM-2.138P,MM,0,neoplastic
AGCTCCTCAGCCTTGG-1-MM-2.138P,MM,0,neoplastic
GTTACAGCAATTGCTG-1-MM-1.138P,MM,2,neoplastic
CCTACACTCTTGACGA-1-MM-7.138P,MM,19,neoplastic
GTCACGGAGGTGTTAA-1-MM-2.138P,MM,0,neoplastic
AAAGTAGGTGTTGGGA-1-MM-2.138P,MM,0,neoplastic
ACACCAAGTAGGAGTC-1-MM-4.138P,MM,16,neoplastic
TGAGAGGTCTCCTATA-1-MM-2.138P,MM,0,neoplastic
GATGAGGTCCCTAATT-1-MM-5.138P,MM,9,neoplastic
GAGGTGATCCTACAGA-1-MM-1.138P,MM,2,neoplastic
GTTACAGTCTAACTTC-1-MM-2.138P,MM,0,neoplastic
GGGTCTGTCATCGATG-1-MM-5.138P,MM,9,neoplastic
GATCAGTAGCTTATCG-1-MM-3.138P,MM,13,neoplastic
GTCGTAAAGGATTCGG-1-MM-2.138P,MM,0,neoplastic
ACATACGGTCGAACAG-1-MM-2.138P,MM,0,neoplastic
TGACTAGAGCGTGTCC-1-MM-1.138P,MM,2,neoplastic
TGCCAAATCAGAAATG-1-MM-1.138P,MM,2,neoplastic
CACACCTAGGGTGTTG-1-MM-1.138P,MM,18,neoplastic
CCTTCCCCACTTAAGC-1-MM-3.138P,MM,13,neoplastic
AGCCTAAGTGTGAAAT-1-MM-2.138P,MM,0,neoplastic
ACCGTAAAGCTAAACA-1-MM-2.138P,MM,0,neoplastic
GCTTGAACAGCTGCAC-1-MM-1.138P,MM,2,neoplastic
CGATGGCTCGGATGGA-1-MM-2.138P,MM,0,neoplastic
GCTCTGTAGACCCACC-1-MM-6.138P,MM,11,neoplastic
TCGCGTTGTTAAGATG-1-MM-6.138P,MM,11,neoplastic
AAGTCTGCACGGTAGA-1-MM-1.138P,MM,2,neoplastic
TCGGTAAGTTCCACTC-1-MM-6.138P,MM,11,neoplastic
GAGGTGAGTTCAACCA-1-MM-3.138P,MM,13,neoplastic
GCCTCTATCAGTTGAC-1-MM-8.138P,MM,12,neoplastic
AGCCTAAAGGACAGAA-1-MM-6.138P,MM,11,neoplastic
ACTTTCAAGAGGGCTT-1-MM-6.138P,MM,11,neoplastic
CCTATTATCTAGAGTC-1-MM-1.138P,MM,2,neoplastic
CACAGTAGTCCGTGAC-1-MM-5.138P,MM,21,neoplastic
GCGCAACTCTCTAGGA-1-MM-5.138P,MM,9,neoplastic
CTAGAGTTCGTAGGAG-1-MM-5.138P,MM,9,neoplastic
CACATAGCATGGAATA-1-MM-4.138P,MM,16,neoplastic
TATCAGGCAAAGGCGT-1-MM-8.138P,MM,12,neoplastic
GTCTTCGAGTCGAGTG-1-MM-2.138P,MM,0,neoplastic
GACGTTAAGCGATAGC-1-MM-1.138P,MM,2,neoplastic
TGGACGCTCAGTCAGT-1-MM-1.138P,MM,18,neoplastic
CATATGGCACCATCCT-1-MM-5.138P,MM,9,neoplastic
ACCGTAACAAAGAATC-1-MM-1.138P,MM,2,neoplastic
AGCTTGAAGCCCAACC-1-MM-1.138P,MM,2,neoplastic
CTTAACTCAAAGGTGC-1-MM-1.138P,MM,2,neoplastic
TCAGCTCAGATAGGAG-1-MM-7.138P,MM,healthy,neoplastic
CACTCCAGTGCTCTTC-1-MM-5.138P,MM,21,neoplastic
CAAGGCCGTACACCGC-1-MM-5.138P,MM,9,neoplastic
TAAGCGTCAGTTCATG-1-MM-1.138P,MM,2,neoplastic
AACGTTGAGGGCTCTC-1-MM-1.138P,MM,18,neoplastic
GAGTCCGAGCGATAGC-1-MM-3.138P,MM,13,neoplastic
ACCTTTAAGTGCAAGC-1-MM-2.138P,MM,0,neoplastic
CATGGCGGTGTCTGAT-1-MM-5.138P,MM,9,neoplastic
TTCCCAGTCCCAGGTG-1-MM-2.138P,MM,0,neoplastic
GTCACGGCACGAAGCA-1-MM-2.138P,MM,0,neoplastic
TTAGTTCGTACAGTGG-1-MM-3.138P,MM,13,neoplastic
TAGCCGGGTACAGCAG-1-MM-2.138P,MM,0,neoplastic
GTGCGGTTCAACACAC-1-MM-7.138P,MM,19,neoplastic
AGCTCCTTCTAACGGT-1-MM-6.138P,MM,11,neoplastic
AGTGGGAGTAGGCTGA-1-MM-2.138P,MM,0,neoplastic
ATGTGTGAGAGGTTGC-1-MM-1.138P,MM,2,neoplastic
TGGCTGGCAGTAACGG-1-MM-2.138P,MM,0,neoplastic
CGTCAGGAGTTGAGAT-1-MM-7.138P,MM,19,neoplastic
AGCATACTCTCCGGTT-1-MM-2.138P,MM,0,neoplastic
GTCTTCGAGTTGAGAT-1-MM-5.138P,MM,9,neoplastic
TCTCTAATCAGAGACG-1-MM-2.138P,MM,0,neoplastic
GATCGATTCACATACG-1-MM-1.138P,MM,18,neoplastic
CGAGCCAGTGTGTGCC-1-MM-4.138P,MM,16,neoplastic
AAACCTGAGACCCACC-1-MM-2.138P,MM,0,neoplastic
CGGAGTCCAAACGTGG-1-MM-2.138P,MM,0,neoplastic
CCAGCGACATCGATTG-1-MM-2.138P,MM,0,neoplastic
ACGGAGAAGTCCCACG-1-MM-5.138P,MM,9,neoplastic
CTCCTAGAGTCACGCC-1-MM-2.138P,MM,0,neoplastic
ACGGGTCTCCAAATGC-1-MM-1.138P,MM,2,neoplastic
TGGGAAGAGGGTTCCC-1-MM-2.138P,MM,0,neoplastic
TGAGCCGAGACTGTAA-1-MM-1.138P,MM,2,neoplastic
CTCTAATAGACAGAGA-1-MM-5.138P,MM,9,neoplastic
TCTCTAAGTGTTGAGG-1-MM-2.138P,MM,0,neoplastic
GGATTACAGTTGCAGG-1-MM-2.138P,MM,0,neoplastic
TCGCGAGAGCCCAACC-1-MM-1.138P,MM,2,neoplastic
CTAATGGAGAGGTACC-1-MM-2.138P,MM,0,neoplastic
ACGGGCTTCAAGCCTA-1-MM-8.138P,MM,12,neoplastic
CGGAGCTCAAGCGAGT-1-MM-3.138P,MM,13,neoplastic
TGCCAAACAGCATGAG-1-MM-7.138P,MM,19,neoplastic
TTTGGTTAGAGGTTGC-1-MM-6.138P,MM,11,neoplastic
AGCAGCCGTCCATGAT-1-MM-1.138P,MM,2,neoplastic
TCAGGTAAGGACAGAA-1-MM-1.138P,MM,2,neoplastic
TGAGAGGCAGGCGATA-1-MM-1.138P,MM,2,neoplastic
CGTAGCGCAGACTCGC-1-MM-4.138P,MM,16,neoplastic
CCCTCCTAGCGTGAAC-1-MM-2.138P,MM,0,neoplastic
GAATGAAAGTATGACA-1-MM-2.138P,MM,0,neoplastic
AAGTCTGCAGGTGCCT-1-MM-1.138P,MM,2,neoplastic
CACATTTCACATCCAA-1-MM-2.138P,MM,0,neoplastic
CAGCTGGAGTTAACGA-1-MM-2.138P,MM,0,neoplastic
TAGCCGGAGATGTTAG-1-MM-1.138P,MM,21,neoplastic
CAGAATCTCTGCAAGT-1-MM-2.138P,MM,0,neoplastic
GCTTCCAAGGACAGAA-1-MM-2.138P,MM,0,neoplastic
CGTCACTAGGAATCGC-1-MM-1.138P,MM,18,neoplastic
CGCTATCTCCCTTGCA-1-MM-2.138P,MM,0,neoplastic
GCTGGGTCAAGTTAAG-1-MM-5.138P,MM,9,neoplastic
CAGATCAGTCTCAACA-1-MM-1.138P,MM,2,neoplastic
ACGGGCTTCGCATGAT-1-MM-2.138P,MM,0,neoplastic
ATAACGCCATAGGATA-1-MM-1.138P,MM,2,neoplastic
CCTTTCTAGTCGCCGT-1-MM-1.138P,MM,2,neoplastic
GTCAAGTTCTGGCGTG-1-MM-2.138P,MM,0,neoplastic
GAACGGATCAGAAATG-1-MM-2.138P,MM,0,neoplastic
AACCATGGTCTCAACA-1-MM-2.138P,MM,0,neoplastic
TCTCTAATCCGTCATC-1-MM-1.138P,MM,2,neoplastic
GGAGCAAAGCCATCGC-1-MM-1.138P,MM,2,neoplastic
AGTTGGTGTTAGAACA-1-MM-3.138P,MM,13,neoplastic
GATGAAAGTGCCTGCA-1-MM-1.138P,MM,2,neoplastic
GTACGTAGTTGTACAC-1-MM-3.138P,MM,13,neoplastic
CTACACCCACAAGTAA-1-MM-6.138P,MM,11,neoplastic
TTCTCCTAGTTTGCGT-1-MM-3.138P,MM,13,neoplastic
AATCGGTGTCGGATCC-1-MM-1.138P,MM,2,neoplastic
CCTACCATCTTACCGC-1-MM-2.138P,MM,0,neoplastic
AGTGAGGCAGGAATCG-1-MM-1.138P,MM,18,neoplastic
CCCATACAGGACCACA-1-MM-3.138P,MM,13,neoplastic
GTATTCTTCTAACTCT-1-MM-1.138P,MM,18,neoplastic
TTTACTGGTGGAAAGA-1-MM-5.138P,MM,9,neoplastic
ATTCTACGTCCTGCTT-1-MM-2.138P,MM,0,neoplastic
CGTGTAACAAGCCGCT-1-MM-2.138P,MM,0,neoplastic
CTTGGCTTCGGCTACG-1-MM-5.138P,MM,11,neoplastic
GGGTTGCAGCACCGCT-1-MM-1.138P,MM,2,neoplastic
TACCTTACAAGCCTAT-1-MM-5.138P,MM,9,neoplastic
CCTACCATCCTTAATC-1-MM-6.138P,MM,11,neoplastic
CTAACTTCATTGGGCC-1-MM-6.138P,MM,11,neoplastic
GACACGCAGTAGTGCG-1-MM-8.138P,MM,12,neoplastic
AGGCCGTCACTTAAGC-1-MM-2.138P,MM,0,neoplastic
ACACCCTGTCCTGCTT-1-MM-1.138P,MM,18,neoplastic
TACTTACCATGCGCAC-1-MM-2.138P,MM,0,neoplastic
AAACGGGAGCACACAG-1-MM-5.138P,MM,9,neoplastic
AAAGATGGTCTTCGTC-1-MM-6.138P,MM,healthy,normal
TTCTCAAAGCTGTTCA-1-MM-5.138P,MM,9,neoplastic
TCATTACGTAAATGAC-1-MM-2.138P,MM,0,neoplastic
GGGAGATCACATGGGA-1-MM-1.138P,MM,2,neoplastic
GTGCGGTTCGCCTGAG-1-MM-3.138P,MM,13,neoplastic
CCAATCCTCGCCATAA-1-MM-5.138P,MM,9,neoplastic
GTCAAGTCAATGGACG-1-MM-2.138P,MM,0,neoplastic
CCATTCGAGTGGAGTC-1-MM-2.138P,MM,0,neoplastic
CATATGGGTAATTGGA-1-MM-1.138P,MM,2,neoplastic
TAGACCAAGTAAGTAC-1-MM-1.138P,MM,2,neoplastic
ACTGATGCATAGAAAC-1-MM-2.138P,MM,0,neoplastic
AAATGCCAGAGCAATT-1-MM-1.138P,MM,18,neoplastic
AGATCTGTCATGCTCC-1-MM-3.138P,MM,13,neoplastic
ACAGCCGGTACCCAAT-1-MM-5.138P,MM,9,neoplastic
GACGTTACAGGGTACA-1-MM-3.138P,MM,13,neoplastic
GCTCCTAAGTCGAGTG-1-MM-2.138P,MM,0,neoplastic
GACGGCTTCGATAGAA-1-MM-1.138P,MM,2,neoplastic
TGCTGCTAGCATCATC-1-MM-2.138P,MM,0,neoplastic
CCACTACGTAAATGAC-1-MM-4.138P,MM,16,neoplastic
TGAGCATAGGACACCA-1-MM-1.138P,MM,2,neoplastic
GTGCGGTCACTTAACG-1-MM-1.138P,MM,2,neoplastic
CCGTTCATCTTATCTG-1-MM-2.138P,MM,0,neoplastic
TAGCCGGAGGCTAGGT-1-MM-5.138P,MM,21,neoplastic
AGCGTATGTGGACGAT-1-MM-1.138P,MM,2,neoplastic
TCAATCTCACGACTCG-1-MM-2.138P,MM,0,neoplastic
GACCTGGTCAGGATCT-1-MM-2.138P,MM,0,neoplastic
TGTATTCAGTGGGCTA-1-MM-1.138P,MM,2,neoplastic
ATCTGCCGTCGGGTCT-1-MM-2.138P,MM,0,neoplastic
GATGCTAAGCAGATCG-1-MM-2.138P,MM,0,neoplastic
AGCATACTCTATCGCC-1-MM-1.138P,MM,2,neoplastic
ACACTGAGTGGCTCCA-1-MM-1.138P,MM,2,neoplastic
TCGTAGAGTCACAAGG-1-MM-2.138P,MM,0,neoplastic
CGAGCCAGTCTCTTTA-1-MM-6.138P,MM,11,neoplastic
CTGTGCTCACCATCCT-1-MM-1.138P,MM,2,neoplastic
AACTCCCGTGTTAAGA-1-MM-1.138P,MM,2,neoplastic
CATCAAGAGGAACTGC-1-MM-5.138P,MM,9,neoplastic
TAGAGCTCAGATCGGA-1-MM-2.138P,MM,0,neoplastic
CCTTACGCACTAAGTC-1-MM-1.138P,MM,2,neoplastic
GGTGCGTCATCCTTGC-1-MM-6.138P,MM,11,neoplastic
CGTGTCTAGAAGATTC-1-MM-6.138P,MM,11,neoplastic
CGTTCTGGTTCTCATT-1-MM-2.138P,MM,0,neoplastic
TTATGCTAGTACGTTC-1-MM-2.138P,MM,0,neoplastic
TGCCCATTCAGAGCTT-1-MM-5.138P,MM,9,neoplastic
GATGAGGGTCTGGAGA-1-MM-2.138P,MM,0,neoplastic
CGAGCACCAGCCTGTG-1-MM-2.138P,MM,0,neoplastic
AATCCAGAGAATTCCC-1-MM-6.138P,MM,11,neoplastic
CACACCTTCCGAATGT-1-MM-2.138P,MM,0,neoplastic
TGACTAGTCACCTTAT-1-MM-1.138P,MM,2,neoplastic
TCAGCAAAGTTACGGG-1-MM-3.138P,MM,13,neoplastic
TCACGAAAGTAACCCT-1-MM-1.138P,MM,2,neoplastic
GTGTGCGCAGTACACT-1-MM-5.138P,MM,9,neoplastic
GACAGAGAGACTGGGT-1-MM-5.138P,MM,9,neoplastic
TTAGTTCAGGTCATCT-1-MM-2.138P,MM,0,neoplastic
TGAGCATCAGACGCTC-1-MM-7.138P,MM,19,neoplastic
AGGTCATTCCTAGGGC-1-MM-8.138P,MM,healthy,neoplastic
CAGCTAACAGTATCTG-1-MM-2.138P,MM,0,neoplastic
TGCCCTACATGTCGAT-1-MM-2.138P,MM,0,neoplastic
CAAGTTGAGGCACATG-1-MM-1.138P,MM,2,neoplastic
ATGCGATTCTGCGACG-1-MM-2.138P,MM,0,neoplastic
GACACGCCAGTAACGG-1-MM-1.138P,MM,2,neoplastic
GGACAAGAGAAACCGC-1-MM-1.138P,MM,2,neoplastic
CATCGGGAGGTGGGTT-1-MM-2.138P,MM,0,neoplastic
GTCGTAATCAGGCCCA-1-MM-5.138P,MM,9,neoplastic
TCCACACGTGCCTGCA-1-MM-1.138P,MM,2,neoplastic
CGAATGTCATCGACGC-1-MM-4.138P,MM,16,neoplastic
ACGCCAGTCACCACCT-1-MM-5.138P,MM,9,neoplastic
CTGATCCTCTGGTGTA-1-MM-8.138P,MM,12,neoplastic
GAAGCAGGTGACGCCT-1-MM-1.138P,MM,2,neoplastic
GCAGCCATCCGAATGT-1-MM-3.138P,MM,13,neoplastic
ACATCAGAGCTAACAA-1-MM-5.138P,MM,9,neoplastic
TGATTTCGTCAACATC-1-MM-1.138P,MM,2,neoplastic
CAAGAAAGTATCGCAT-1-MM-5.138P,MM,9,neoplastic
TCTGGAACAAAGGTGC-1-MM-2.138P,MM,0,neoplastic
CGACTTCTCTGGCGTG-1-MM-1.138P,MM,2,neoplastic
CCGGGATTCGTTACGA-1-MM-5.138P,MM,9,neoplastic
ACTGCTCTCAGCTCGG-1-MM-8.138P,MM,12,neoplastic
TAAGAGAAGCTCAACT-1-MM-1.138P,MM,2,neoplastic
TGAGAGGGTCCTAGCG-1-MM-1.138P,MM,2,neoplastic
ACGATACCACCCATTC-1-MM-5.138P,MM,21,neoplastic
GCCAAATAGGCCATAG-1-MM-1.138P,MM,2,neoplastic
CCTCTGAAGCTCAACT-1-MM-2.138P,MM,0,neoplastic
ATCGAGTGTAGCAAAT-1-MM-1.138P,MM,2,neoplastic
GATCAGTCAGCCTATA-1-MM-8.138P,MM,12,neoplastic
GATCAGTCATCGGGTC-1-MM-1.138P,MM,21,neoplastic
CATCGAAAGCGCCTCA-1-MM-6.138P,MM,11,neoplastic
CCCAATCGTACAGTTC-1-MM-8.138P,MM,12,neoplastic
CCTTACGTCACTCTTA-1-MM-1.138P,MM,18,neoplastic
GTCACGGTCTGGTTCC-1-MM-2.138P,MM,0,neoplastic
TTGCGTCCATGCTGGC-1-MM-1.138P,MM,2,neoplastic
ACTGAACCACAGGTTT-1-MM-1.138P,MM,2,neoplastic
GAACATCAGCCTCGTG-1-MM-1.138P,MM,2,neoplastic
GTTCATTCAAGAGTCG-1-MM-1.138P,MM,18,neoplastic
CGGACACAGGTGATAT-1-MM-5.138P,MM,9,neoplastic
GCCAAATTCAGGTTCA-1-MM-5.138P,MM,9,neoplastic
GCTCCTAGTTCGCGAC-1-MM-5.138P,MM,9,neoplastic
CAGCGACCAAGCGTAG-1-MM-3.138P,MM,13,neoplastic
TCTCTAATCCACTCCA-1-MM-5.138P,MM,9,neoplastic
TTAGGCAAGGCCCTTG-1-MM-2.138P,MM,0,neoplastic
CCCATACTCCTCAATT-1-MM-1.138P,MM,2,neoplastic
GTGCATAAGCCACTAT-1-MM-1.138P,MM,2,neoplastic
GAATAAGAGCCATCGC-1-MM-1.138P,MM,2,neoplastic
TACGGATCACGCCAGT-1-MM-1.138P,MM,2,neoplastic
CGTCAGGAGATCTGCT-1-MM-2.138P,MM,0,neoplastic
TTCTCCTGTTATTCTC-1-MM-5.138P,MM,9,neoplastic
AACTCTTTCAACGGCC-1-MM-1.138P,MM,2,neoplastic
GGGTTGCAGAGGTAGA-1-MM-3.138P,MM,13,neoplastic
TTTGTCACACGAAAGC-1-MM-6.138P,MM,11,neoplastic
TTAGGCATCTGTCCGT-1-MM-1.138P,MM,2,neoplastic
CACACCTGTCATATGC-1-MM-5.138P,MM,9,neoplastic
AGAGCGAAGGACACCA-1-MM-1.138P,MM,2,neoplastic
TCTATTGTCTCTGCTG-1-MM-2.138P,MM,0,neoplastic
CTCGTACGTTATCACG-1-MM-2.138P,MM,0,neoplastic
AGATTGCGTACATCCA-1-MM-2.138P,MM,0,neoplastic
CCATGTCGTGGGTATG-1-MM-5.138P,MM,9,neoplastic
CCTCAGTAGAGTACCG-1-MM-1.138P,MM,18,neoplastic
TTGTAGGAGTCACGCC-1-MM-6.138P,MM,11,neoplastic
GGACGTCTCGTATCAG-1-MM-1.138P,MM,2,neoplastic
ATTCTACAGCACCGTC-1-MM-5.138P,MM,9,neoplastic
CATTCGCGTAACGCGA-1-MM-2.138P,MM,0,neoplastic
GGTGCGTAGTCAAGCG-1-MM-6.138P,MM,11,neoplastic
ACTGAACGTACTTGAC-1-MM-1.138P,MM,2,neoplastic
TTTCCTCCAGGGATTG-1-MM-1.138P,MM,2,neoplastic
CAGCTGGAGCTACCTA-1-MM-3.138P,MM,13,neoplastic
AGCGTATGTATATGGA-1-MM-2.138P,MM,0,neoplastic
CTAACTTTCATAACCG-1-MM-4.138P,MM,21,neoplastic
TAGAGCTAGATGGCGT-1-MM-1.138P,MM,2,neoplastic
GAGCAGATCCGCGCAA-1-MM-2.138P,MM,0,neoplastic
CAGCTGGCATGCAATC-1-MM-1.138P,MM,2,neoplastic
CGTCAGGAGTAGCCGA-1-MM-1.138P,MM,2,neoplastic
CGGACGTCACTTACGA-1-MM-1.138P,MM,2,neoplastic
GTACGTAAGCTGTCTA-1-MM-1.138P,MM,2,neoplastic
TGTATTCAGCCCAACC-1-MM-5.138P,MM,9,neoplastic
AGGCCACTCAGTGCAT-1-MM-8.138P,MM,12,neoplastic
CTTAGGAAGTGACATA-1-MM-2.138P,MM,0,neoplastic
CGCGTTTGTCAACATC-1-MM-3.138P,MM,13,neoplastic
GACAGAGTCGCCCTTA-1-MM-2.138P,MM,0,neoplastic
GCATGCGAGAGGACGG-1-MM-5.138P,MM,9,neoplastic
CGTGAGCAGGTCGGAT-1-MM-8.138P,MM,12,neoplastic
CCCAGTTTCTGTCTCG-1-MM-3.138P,MM,13,neoplastic
ACTGAACGTGACCAAG-1-MM-1.138P,MM,2,neoplastic
CGGACTGGTAGCGTCC-1-MM-3.138P,MM,13,neoplastic
GTCAAGTTCTGGTGTA-1-MM-5.138P,MM,21,neoplastic
CACAAACTCTAACTGG-1-MM-8.138P,MM,12,neoplastic
AGTTGGTTCACCCTCA-1-MM-2.138P,MM,0,neoplastic
ACGCAGCCATTGGGCC-1-MM-8.138P,MM,12,neoplastic
GTGGGTCAGCTAGCCC-1-MM-2.138P,MM,0,neoplastic
CATATGGTCTCTGCTG-1-MM-2.138P,MM,0,neoplastic
CCTCTGACAATTCCTT-1-MM-5.138P,MM,9,neoplastic
ACTTTCAGTTGATTCG-1-MM-8.138P,MM,12,neoplastic
CTGGTCTGTGCCTTGG-1-MM-2.138P,MM,0,neoplastic
TCATTACTCTCCCTGA-1-MM-5.138P,MM,9,neoplastic
ACGTCAAGTAAGTGTA-1-MM-7.138P,MM,19,neoplastic
GGTGAAGGTGTGACCC-1-MM-1.138P,MM,2,neoplastic
CACCTTGAGACTTGAA-1-MM-2.138P,MM,0,neoplastic
CTAATGGAGCCACGTC-1-MM-2.138P,MM,0,neoplastic
ATCATCTGTCCTAGCG-1-MM-5.138P,MM,21,neoplastic
TCTGAGATCATGTCCC-1-MM-8.138P,MM,12,neoplastic
TGCACCTAGGTCGGAT-1-MM-2.138P,MM,0,neoplastic
TAGTTGGAGGCATGGT-1-MM-2.138P,MM,0,neoplastic
AGAATAGTCACTTCAT-1-MM-2.138P,MM,0,neoplastic
TCGTACCTCCGTCATC-1-MM-3.138P,MM,13,neoplastic
TGCGCAGTCTGCTTGC-1-MM-1.138P,MM,2,neoplastic
TGCCAAACACCTATCC-1-MM-3.138P,MM,13,neoplastic
CTAATGGGTAACGCGA-1-MM-2.138P,MM,0,neoplastic
TCGCGAGTCGCGTAGC-1-MM-3.138P,MM,13,neoplastic
GAGTCCGCAAGAGGCT-1-MM-1.138P,MM,2,neoplastic
GGATTACCAGACACTT-1-MM-1.138P,MM,2,neoplastic
CTCCTAGTCGTTACAG-1-MM-2.138P,MM,0,neoplastic
AGTTGGTCATACAGCT-1-MM-8.138P,MM,12,neoplastic
GGCAATTAGAACTGTA-1-MM-1.138P,MM,18,neoplastic
TAAGAGAAGACTGTAA-1-MM-5.138P,MM,21,neoplastic
CGGCTAGCATTGGCGC-1-MM-6.138P,MM,11,neoplastic
GCGAGAAGTCTTCTCG-1-MM-2.138P,MM,0,neoplastic
TTGAACGCACTAGTAC-1-MM-2.138P,MM,0,neoplastic
CAGCAGCTCTAACGGT-1-MM-1.138P,MM,2,neoplastic
TCTCTAATCAGCTCTC-1-MM-8.138P,MM,12,neoplastic
CTAAGACCAACTGCGC-1-MM-1.138P,MM,2,neoplastic
CATCCACAGAGTACAT-1-MM-1.138P,MM,2,neoplastic
GATCGCGAGCCATCGC-1-MM-1.138P,MM,2,neoplastic
TGACAACTCCAATGGT-1-MM-2.138P,MM,0,neoplastic
CCTAGCTTCAACGGGA-1-MM-1.138P,MM,21,neoplastic
CTCACACTCTACCTGC-1-MM-1.138P,MM,2,neoplastic
CAGAATCGTAAGTAGT-1-MM-2.138P,MM,0,neoplastic
GTAGGCCCATGCCACG-1-MM-1.138P,MM,2,neoplastic
GGAGCAACATTGAGCT-1-MM-3.138P,MM,13,neoplastic
CAGCTAAGTTCAGCGC-1-MM-3.138P,MM,13,neoplastic
TGCCAAATCAGCTTAG-1-MM-2.138P,MM,0,neoplastic
AGATTGCGTAGAAAGG-1-MM-2.138P,MM,0,neoplastic
GGCGACTAGAGCTTCT-1-MM-8.138P,MM,12,neoplastic
TACGGGCGTCTCATCC-1-MM-1.138P,MM,2,neoplastic
TGCTACCGTTAGTGGG-1-MM-1.138P,MM,2,neoplastic
TTAGGCAGTCATACTG-1-MM-3.138P,MM,13,neoplastic
ACACCCTAGCAATCTC-1-MM-2.138P,MM,0,neoplastic
ATCATCTGTTGTGGCC-1-MM-2.138P,MM,0,neoplastic
GTCATTTTCTCCGGTT-1-MM-5.138P,MM,9,neoplastic
CTAAGACTCATCTGTT-1-MM-2.138P,MM,0,neoplastic
GTTAAGCAGTTGCAGG-1-MM-1.138P,MM,2,neoplastic
GGCTGGTCATATGCTG-1-MM-1.138P,MM,2,neoplastic
AGTTGGTGTCATCCCT-1-MM-4.138P,MM,16,neoplastic
GGTGTTATCGAGCCCA-1-MM-6.138P,MM,11,neoplastic
CTACACCGTGGCTCCA-1-MM-2.138P,MM,0,neoplastic
GTGCGGTGTTCGAATC-1-MM-2.138P,MM,0,neoplastic
GATCGCGGTCACCTAA-1-MM-3.138P,MM,13,neoplastic
AGCGGTCTCCCAAGTA-1-MM-1.138P,MM,2,neoplastic
GCGACCAAGTTACGGG-1-MM-2.138P,MM,0,neoplastic
TGGCTGGCAATCGGTT-1-MM-3.138P,MM,13,neoplastic
CCGTTCACAAAGCAAT-1-MM-2.138P,MM,0,neoplastic
TACTCGCAGAAACGAG-1-MM-3.138P,MM,13,neoplastic
ATGGGAGAGTACGCCC-1-MM-2.138P,MM,0,neoplastic
GCTGGGTCAGGGTATG-1-MM-1.138P,MM,2,neoplastic
CTCGAAAAGTCTCAAC-1-MM-1.138P,MM,2,neoplastic
CGGACACTCAGTGTTG-1-MM-5.138P,MM,9,neoplastic
GTAGGCCGTTCAGACT-1-MM-2.138P,MM,0,neoplastic
ACAGCTAAGCGTGAGT-1-MM-6.138P,MM,11,neoplastic
CCGGTAGAGTGAAGTT-1-MM-2.138P,MM,0,neoplastic
TTGGAACGTCTAACGT-1-MM-8.138P,MM,12,neoplastic
CGTTAGACACTCAGGC-1-MM-4.138P,MM,16,neoplastic
GCAGCCAAGCGATGAC-1-MM-2.138P,MM,0,neoplastic
GCTCCTAGTCTCTTAT-1-MM-8.138P,MM,12,neoplastic
CCACTACCAGGCTGAA-1-MM-6.138P,MM,11,neoplastic
ATTACTCGTACAGTTC-1-MM-1.138P,MM,2,neoplastic
TGGCGCATCACATAGC-1-MM-2.138P,MM,0,neoplastic
GAAACTCGTAAGAGAG-1-MM-5.138P,MM,9,neoplastic
