Cell,MEF2D,E2F4,SATB1,IRF1,ATF6,JUN,JUND,POU2F2,KLF3,BCL11A
AGGGTGATCTGAGGGA-1-NBM-10.138P,0.3605573394021107,0.2698032421294474,0.2853800125695661,0.3684311074700376,0.3871647089381475,0.33495581060802637,0.2977692871247772,0.303117986472296,0.307138302342458,0.2898323382714316
CCTAGCTTCTCCAACC-1-NBM-1.138P,0.37373631837309046,0.2535162216833924,0.2669180841576026,0.3844387735545324,0.38314432689334954,0.36644967367019765,0.3341280308367215,0.30775538810345887,0.32250772474851597,0.30052418076896115
ATTACTCTCGTGGTCG-1-NBM-10.138P,0.3398594964070261,0.26348876245207997,0.3131705382020301,0.3715586204522927,0.3812942134652183,0.31728602013856266,0.3117156996860269,0.29734130030075995,0.2958615602109326,0.2888506032583326
TAAGAGAAGCCGCCTA-1-NBM-8.138P,0.3473095210403075,0.26342004026614635,0.2588612435551096,0.3517393845069282,0.37732298105417594,0.3375867434954024,0.3125113227148428,0.3196280623454605,0.31043070335989903,0.3114498021735029
GATCGATTCAGAGGTG-1-NBM-8.138P,0.3517205102457499,0.25814587224799884,0.24883667080102778,0.3529863600661634,0.3912998660648057,0.33089892525817427,0.3261084930137887,0.30400584491153837,0.3021626862227441,0.29453223593413835
ACATCAGGTCGCGGTT-1-NBM-10.138P,0.35329886088818047,0.2651365965004365,0.2863174617262181,0.3637710589979323,0.3893872789632538,0.31719111723849713,0.3064664667106499,0.31396945220809863,0.30014882086172673,0.2891609175418259
AGAGCGATCGGCGCTA-1-NBM-1.138P,0.3599508979386808,0.2605819796125066,0.3206463157659512,0.3874254033856659,0.374940081301497,0.37047163530579347,0.32383245291118684,0.29944437794275414,0.3230396472366999,0.2858902319825201
GACGTGCCACCTATCC-1-NBM-8.138P,0.3662852237737889,0.26398162066102115,0.23440517933954175,0.3513806308551585,0.4102502907974357,0.3175769714154719,0.31755772651403236,0.30316873399419575,0.2989731405997184,0.28594591463883096
CGCCAAGTCCGCAGTG-1-NBM-6.138P,0.35891935586190554,0.264558186422799,0.2948976194117018,0.35171864033229155,0.3839394951690279,0.3196169754305177,0.3205466030528692,0.2904570361094833,0.287555290795108,0.2962091133679768
GCGACCAGTTCGAATC-1-NBM-7.138P,0.35386920420227785,0.28174305613887657,0.2773980096003846,0.351278652760725,0.3915260258435905,0.3436028145899014,0.3119504372614534,0.31251352677774485,0.2946830857123315,0.3098566362602626
CTCCTAGTCCATGAAC-1-NBM-6.138P,0.3622926125337369,0.2760957260431154,0.3249829769213688,0.36040440839763577,0.38955932201400023,0.31427769704641106,0.3201963571917158,0.29605238810358725,0.2905598148314649,0.2919784347716304
ATCATCTAGTGTGGCA-1-NBM-8.138P,0.36188880265550716,0.2598689265876981,0.2180869353143612,0.3464859780530304,0.3960807830718461,0.32671756433431853,0.33091914116299337,0.32341985323901945,0.3017727495955794,0.30705377361319836
GTCATTTTCCCTCTTT-1-NBM-11.138P,0.3513514771234692,0.29004020572653505,0.3133783582222099,0.3619350872140196,0.39079770006559844,0.3243106570899271,0.3137991323999085,0.29448092277160126,0.2925897502827534,0.28233146537477716
GTCATTTAGCTATGCT-1-NBM-10.138P,0.34732795535704575,0.2630278676418165,0.33561088531626315,0.3636497931110975,0.37848525944379574,0.31899835228732665,0.3089118161923556,0.29768562974797863,0.28898819565992045,0.2828585703985532
TACTCGCCAATGTAAG-1-NBM-11.138P,0.36146363026887046,0.2699066175719175,0.28511176016704315,0.3584624395675665,0.38491265971489413,0.32746120885027163,0.30036438713929126,0.3078562506625503,0.2999063058926051,0.2849787031604015
AGACGTTGTATATCCG-1-NBM-7.138P,0.3534251252652227,0.25618931860894495,0.2482728105288921,0.3519423896103937,0.38222722262123765,0.3326840030366599,0.3214003922258089,0.30267422571099845,0.30033909731489966,0.2962397802626275
TGGTTAGAGTGTTTGC-1-NBM-6.138P,0.36015062920452984,0.2669567906012049,0.29486765583143626,0.3525753513580383,0.39228126565503435,0.32719207351956603,0.32046711235974584,0.29140965689070725,0.2907881950454069,0.29164882301223843
ACGATACTCAGAAATG-1-NBM-10.138P,0.3573885054578416,0.2630158290562676,0.30884787013507664,0.36281450167302204,0.38796133356982043,0.31813567426357625,0.3013062439428044,0.3056899070967763,0.30047880621221906,0.29838688475904557
CTCGGGACATTCCTGC-1-NBM-10.138P,0.35578473293209634,0.26034423213156627,0.31569668426325886,0.3618302760502312,0.3867219829139839,0.3238190196462476,0.3141505868818308,0.3136766645004953,0.30278001877517435,0.2846936491372981
TACTCATTCGAATCCA-1-NBM-11.138P,0.3589220224466059,0.28372753154956043,0.2928421743262376,0.35915461625389583,0.3845761065964167,0.321143924582311,0.31231947739027904,0.30505769260708054,0.3006294298373949,0.2884511228371469
CCCATACCATGTTCCC-1-NBM-3.138P,0.3537888937767886,0.26672961461059536,0.3228171862886945,0.3621637304462725,0.3817834764041096,0.3205931444852385,0.3052560942425294,0.30224130333915666,0.3031520273672197,0.2870570465308282
AGTGTCAAGAAACGAG-1-NBM-10.138P,0.3624506420035137,0.26993797385806967,0.26096913839830976,0.3762017400809474,0.4013059690839318,0.3348613243062509,0.3284902225922187,0.3191239646083339,0.3049923039090821,0.30145338808880834
GCTCCTACAAGACACG-1-NBM-10.138P,0.35065148128454465,0.2687723169380497,0.28849948992444074,0.36869574026767665,0.3895216430378101,0.3228047848019284,0.3046888354781676,0.3018466545928428,0.304562321463865,0.29492882655494423
GGGAATGCAAGCTGAG-1-NBM-10.138P,0.35462340535666986,0.2612146789323884,0.28225701417864835,0.3591848541026468,0.38726905374485365,0.3167115952506145,0.315535318562158,0.30357381797829736,0.2883079046853245,0.29688832028213646
GCATGTACACAGAGGT-1-NBM-8.138P,0.36298862630818407,0.31071304081708,0.2552882433825436,0.3688359048948158,0.40696183744962466,0.32579667900404274,0.3343093116481161,0.2969253181228057,0.3043355172246746,0.28255574865022026
GCTGCTTAGAGTACAT-1-NBM-1.138P,0.36692274215329485,0.2611808318576828,0.30166003105373496,0.3855383603096394,0.3811944908843514,0.365778494408481,0.33093924113943013,0.30095864238216286,0.32383745378017603,0.291245653341849
TGAGCCGCAACCGCCA-1-NBM-6.138P,0.3604723945796269,0.266632097413363,0.2926216974702746,0.35562850143879376,0.3839289796094481,0.3187884844517113,0.3126847677692149,0.3026466912825423,0.3012886646204472,0.2960563049386723
GACCAATGTTTAGCTG-1-NBM-2.138P,0.34706456143774295,0.27542019931054135,0.2356293008375444,0.3611947463658205,0.3807709209869752,0.3230962725407513,0.3256178074653064,0.29492696691186787,0.29656373174095096,0.27457735254700727
AGAGTGGTCAGAGACG-1-NBM-6.138P,0.34953324726182194,0.255411315838948,0.23909090293841315,0.35536946621302307,0.3838432649257838,0.3166759877403958,0.3124442176501621,0.2962028474011687,0.29054411539893343,0.2777963235885594
CGTTCTGAGGCGCTCT-1-NBM-6.138P,0.35311234900107785,0.2636230257853108,0.29925362296436125,0.3602601354823932,0.38639055590072097,0.31494578280055535,0.31258003550700253,0.3020774449242054,0.28494543915742293,0.2886266051274613
TGAGAGGTCTTGCATT-1-NBM-10.138P,0.3511606932356035,0.26490820804711984,0.3062673888387768,0.36424066501595537,0.3858229030278922,0.322495196549088,0.31012492600334257,0.3011654825696057,0.2880903787819651,0.2875548333425018
TCTCATAGTAGAGCTG-1-NBM-8.138P,0.370069284714212,0.26283917245881316,0.1819667933076301,0.3540264620323224,0.41170108201183975,0.3229782225162235,0.33920512572348865,0.3203163947998904,0.31511723622641713,0.29450649891937936
CGGAGCTTCTCTGTCG-1-NBM-8.138P,0.362484520662215,0.274255486139095,0.24129894190684312,0.35905185721567395,0.38943082536319434,0.32316015939240644,0.30126447571582454,0.2974843756973071,0.30061902896108794,0.28267138034009565
AGGTCCGCACATTAGC-1-NBM-7.138P,0.35318378957533403,0.2969177363218927,0.3024511967591216,0.3614763623858098,0.38257419450165353,0.3261665971335338,0.31329971396880435,0.2909437970487824,0.30229152035018114,0.28358651897335924
TACGGTAAGTGCGTGA-1-NBM-10.138P,0.344536576035588,0.2625053376072844,0.3561637950795651,0.369459032529081,0.38330451881994476,0.3188278588487718,0.3125417220775501,0.2983564620351764,0.2949312401722415,0.2840853086887657
CATCAGACACCCTATC-1-NBM-1.138P,0.3615564250946788,0.2640739947621722,0.3046038604073119,0.3891662386053666,0.3845287447370957,0.367843397057623,0.33379857236496696,0.30332008151686546,0.32739326603438346,0.30262469873515746
TACGGGCGTTCGGCAC-1-NBM-6.138P,0.34256201791945035,0.25215907446612207,0.29531663466337993,0.36700067227475036,0.3833276185398566,0.32590079125331334,0.3229975422108005,0.2971660698655431,0.2848857442762583,0.29397007831999583
CGGGTCATCAAACCGT-1-NBM-10.138P,0.3629174998489413,0.26348769313906895,0.3118598871888922,0.3656946164851866,0.38979519894009695,0.33269800874968136,0.3116100726456839,0.31380787179036407,0.301869409750032,0.2911151034047934
TCAGCAAGTTCCCTTG-1-NBM-11.138P,0.3482453426792644,0.26055712324046043,0.2926966777707868,0.3686736671081815,0.3942129537221707,0.32966267244639713,0.32313170714173584,0.3107084568329495,0.2883372142187405,0.3039502512751064
CTGCCTAAGTTAACGA-1-NBM-1.138P,0.36218205258499175,0.2622286033003389,0.26023961943713064,0.38144523023363086,0.38405672622814574,0.35863325335617613,0.3357396880166536,0.3033950102160035,0.31012892575305195,0.2813393712198745
GGCGTGTGTATTCGTG-1-NBM-11.138P,0.36982404053157863,0.27121870887022914,0.24329091963322216,0.3544426951733303,0.4138448888477181,0.33070078202655134,0.32292401614352123,0.31298449535032846,0.3048160212328983,0.30360684524633486
TCACAAGTCATCTGTT-1-NBM-7.138P,0.35872881024086034,0.26489604952551343,0.2936628271897382,0.3678877420421585,0.39269092034661224,0.32633420692349496,0.32079135635533085,0.3076251440979813,0.2993022834352194,0.2844066176528833
CTGCCTAGTCGGGTCT-1-NBM-6.138P,0.3600863117561978,0.26622199680266445,0.2575591902699317,0.3612516651825512,0.40082814951211204,0.3309476437887321,0.31361650544265196,0.2996765758706649,0.3030827056814742,0.29512925926496564
CCATTCGGTGACCAAG-1-NBM-2.138P,0.3553252230757199,0.26174024589152395,0.18331620932351325,0.36514907157435406,0.3987658872134579,0.32021653802215055,0.33480707162349727,0.29916896344294974,0.303265512393617,0.2916481520545726
CCTTCGAGTTCCACTC-1-NBM-10.138P,0.3585084848914705,0.2609629227472582,0.2980719941586608,0.3675160801884979,0.38963413231719857,0.31945618936080744,0.319543851844423,0.30720973378342564,0.3044844069242519,0.28227744540664645
CAGAGAGTCAGCTGGC-1-NBM-10.138P,0.34783822390644753,0.268126085796009,0.29881756270492327,0.3614676916452399,0.3816962430302193,0.3224197856477829,0.30518547647785405,0.29901752208103954,0.29236321444551655,0.2836424312618932
GAGTCCGAGCTGCGAA-1-NBM-8.138P,0.37722726760021685,0.2822910339566776,0.22045858313202332,0.36257247179765517,0.42251896167726505,0.3245506651493885,0.3328363249671506,0.30940274180496974,0.3007021412080994,0.29891891964321093
AGCTCCTAGATGGGTC-1-NBM-6.138P,0.3521742392633561,0.2633844452568314,0.29594805323166995,0.3604848273702216,0.38821834864625815,0.3241711588684222,0.3216331790813028,0.29734419672943746,0.2953605309365842,0.2953249946447292
GGGTTGCGTGCGGTAA-1-NBM-10.138P,0.36629193644901176,0.2672457204208235,0.2920783989548416,0.37055196525265643,0.3948157870508116,0.3376165043734617,0.30493300554897174,0.3169556887040207,0.3144980790340989,0.28990728226979984
CGGGTCAAGACACTAA-1-NBM-11.138P,0.34722275045864787,0.26397063027354484,0.2995927005096641,0.3644620422177435,0.38305411080859375,0.3183178810338739,0.3094002459201343,0.29748375264319354,0.28164372795389764,0.27781917963530584
ACTTACTCATTCACTT-1-NBM-10.138P,0.34986426550493116,0.26866881433141726,0.26138601645048887,0.3535163725472012,0.3819747498038919,0.32981113115602917,0.3072243729174575,0.31006657632731227,0.3007367030374957,0.30555038682370506
CAGCATACATGCCTAA-1-NBM-8.138P,0.37456288642736285,0.27378362769697606,0.21581705736470103,0.35808956997604724,0.4182188646966739,0.3220371981795432,0.33034752283013286,0.3104888776322955,0.3077272902279833,0.2986762879586645
ATCACGATCCGCGGTA-1-NBM-11.138P,0.35462477823423,0.26404776577312034,0.2646452700925817,0.36331516267534053,0.3775005684845906,0.3305996836370822,0.31943116727423015,0.30065057513037274,0.3071043472025044,0.2937807226741175
ACGGGTCCACGAAAGC-1-NBM-10.138P,0.3592828072208994,0.2667751022221294,0.28813204250497176,0.36367324923138705,0.3942112653078498,0.321831723357521,0.3135120438142231,0.3134314990369693,0.2987588720175053,0.2931454902524661
ACGTCAAGTCAAACTC-1-NBM-10.138P,0.3680426678577972,0.2786632123439572,0.263947809428651,0.36641055376771764,0.39587075903264946,0.3265245685638383,0.31891616353553526,0.3096677840982111,0.30201122052601576,0.2831504798351138
ACGATACTCGAATGGG-1-NBM-8.138P,0.38069846234147564,0.26559034471632686,0.2400010914676324,0.3579392842378481,0.42926289272054735,0.31643775845131256,0.33989592098565613,0.31395246606548316,0.30716121324731416,0.31413151457552585
GTCAAGTCAACACCCG-1-NBM-2.138P,0.3600779662372223,0.2720703268144741,0.2568420818603143,0.36562569575991666,0.39593627943670895,0.322365027978418,0.32536782227104616,0.30230470784126046,0.29767771731156095,0.28852436342692117
CTTTGCGTCCTACAGA-1-NBM-8.138P,0.3797992339557043,0.25523301207575494,0.3422464803429818,0.3535878346681084,0.39712030675036264,0.3213699431694277,0.3445086478581264,0.3191951474280522,0.3238016639681201,0.3311122738018618
GCTGCTTTCTGGTGTA-1-NBM-10.138P,0.3634012522101224,0.2682049729884489,0.3002341134930984,0.3646989462630377,0.386158269645057,0.3289641405483746,0.30109206676028055,0.3151798441881473,0.31020201870593705,0.28989600326989784
CCTTCGACAGACAAGC-1-NBM-10.138P,0.3513714992541097,0.26255072393677564,0.2724139174087215,0.3592366842559996,0.3880624799770618,0.3259469635003926,0.3100258197005538,0.30028921732820163,0.2889653646393279,0.28338610537674325
TCGCGTTTCGTCACGG-1-NBM-10.138P,0.3538960511151156,0.2640265160676739,0.28400653135222675,0.3613480958124199,0.37851195637503154,0.3253991762595938,0.3082721098543371,0.3084920890552548,0.30339872970426923,0.2875925369757429
TGGCCAGGTTCACGGC-1-NBM-8.138P,0.37206831497831216,0.2921859425156254,0.2942474357241374,0.3541051674026803,0.3905748393882509,0.3192414321393151,0.31022285257352783,0.30066633545959476,0.30033683037233366,0.27492394194551983
CACAGGCCATATGAGA-1-NBM-10.138P,0.359916330573586,0.25399895994014343,0.2805556660221807,0.3618587604369476,0.3936902833313289,0.32866619725394247,0.31640561829309477,0.30673096030488733,0.29503178775866645,0.2931226074668801
TACTTACCACTGTCGG-1-NBM-11.138P,0.35069387787735207,0.2639487048373155,0.28238969533101344,0.35820305358709215,0.38944062359969206,0.32167148158927594,0.32015415149854254,0.3002420654183957,0.29286971273246487,0.29064528429996367
TGCCAAATCCTTTACA-1-NBM-2.138P,0.34352625152350463,0.26475118530429226,0.24545420800122736,0.36371203083262477,0.3868248808321597,0.30433770302584495,0.3464179364717046,0.2984119152231987,0.29254548150793036,0.2916683580803551
CGGAGTCTCGTTTATC-1-NBM-1.138P,0.35111774020723086,0.2590733235612302,0.2805234495801078,0.37646795394169014,0.3766723350670487,0.3390803256458565,0.33599145254688106,0.2931841865509615,0.3035046274328218,0.2861583940947909
AACTCCCGTATCACCA-1-NBM-10.138P,0.34338028311454905,0.2654013961469802,0.28654846554879776,0.3673242970277227,0.38403206922598965,0.31762038462140857,0.3167664759459596,0.29800948897430507,0.2945868071957892,0.29032949143351405
CCTTCGAAGACCACGA-1-NBM-8.138P,0.3646782668116167,0.2877737427505849,0.26841142417838176,0.3596062822253973,0.4103189733253768,0.3180324984074153,0.32283343466851944,0.2990810866172681,0.2946132316746906,0.28959805977153663
ATCGAGTAGAATAGGG-1-NBM-7.138P,0.3632122597386354,0.2665422843428969,0.26790217377284453,0.3605771268779179,0.3903193096714179,0.32180861651526016,0.32180376668649896,0.31038504941445955,0.29430704048361944,0.2985700630168501
TATTACCCACGAAAGC-1-NBM-10.138P,0.3545835292077093,0.26217623402253915,0.29346513143078906,0.36068960329089766,0.3913894580405701,0.32771803904795405,0.3148444218544515,0.3006138137111219,0.2952367276692454,0.28578698231134175
ATCTACTGTGCACTTA-1-NBM-7.138P,0.35920459659278403,0.26627735763970345,0.25982027578328937,0.36011557210981504,0.3975481362192997,0.3299730206698759,0.3092421684417496,0.297435903933103,0.3045257919513271,0.29549538177567214
GCGAGAATCCAGAGGA-1-NBM-8.138P,0.3592783643821721,0.288250747835946,0.2757283061469051,0.3560457845798314,0.3853531797142852,0.3233668136069889,0.30027102979855036,0.2913399613331411,0.29048097202472095,0.2714184182055361
TCAATCTCATGCATGT-1-NBM-7.138P,0.35534005270893587,0.26968122141124823,0.3315412577247163,0.36125983405794004,0.381580134138454,0.3198259550331303,0.3018289716089679,0.29998508492134834,0.30055658231302396,0.28785425230869516
TCTCATACAGCTCGAC-1-NBM-11.138P,0.35545009139472833,0.2751520208110608,0.30149418827364416,0.3528153493637778,0.37936401842747736,0.3116959632656627,0.3066776211443104,0.2947478081531192,0.2816674021854341,0.27494979350505905
GCATGATCATCGACGC-1-NBM-2.138P,0.3426017235058164,0.2654298980866281,0.2609907974481863,0.3660134457941437,0.38463079915512716,0.3072071331044808,0.3493058973951791,0.30027829428048747,0.2958936142153876,0.2983745146280922
ATCATGGAGAATTGTG-1-NBM-8.138P,0.3656190357711795,0.26627346999490537,0.2490565923245128,0.35785151578052954,0.40980589820311397,0.32509390389924536,0.3269832968128214,0.3072750530153311,0.30640827192964,0.29026515249728574
CAGGTGCAGAGCTATA-1-NBM-11.138P,0.3472673493564537,0.25755825378327535,0.2719599881150878,0.35497339865164973,0.3784745197498469,0.32367802526041717,0.31967355847945544,0.29431134169503653,0.29044205334864653,0.2889657100426192
GCTGCTTAGTGGGTTG-1-NBM-7.138P,0.3537367700018274,0.27416744276162175,0.3295031930934047,0.3640486475550235,0.38218046690690144,0.32228718834404846,0.30665961417248006,0.2977276026393857,0.2895397933405886,0.2889295927238722
CTACGTCAGACAGGCT-1-NBM-10.138P,0.3762103535743362,0.2644929230307872,0.1858288911317699,0.3598651135579308,0.40731116286298114,0.31926581683697497,0.3235136718813897,0.3060020971284142,0.3041343639450862,0.3026240180862054
AGACGTTGTTCTCATT-1-NBM-1.138P,0.3635735619203661,0.24760088413871673,0.2498806792073398,0.3717081253296438,0.37353954528065925,0.35770063669318086,0.3226047151609842,0.30408758708239664,0.3169272031861262,0.2882402095427132
AGGGATGTCAGCTTAG-1-NBM-10.138P,0.35900920019760035,0.2692995305473787,0.32589822319600625,0.36216279872311147,0.38356863391898327,0.3321881293528309,0.29674348100448855,0.30861587835566984,0.30157851882799824,0.28714929432187736
CGTTAGAAGCACGCCT-1-NBM-1.138P,0.35587842695264865,0.2522532151340201,0.2628677422465108,0.37700206413962367,0.36709628126285915,0.36466681510350074,0.32453362446960493,0.2910598123307311,0.3187567678560041,0.2944019378656147
AGGGAGTAGTAGATGT-1-NBM-10.138P,0.3436773435721614,0.2667472235013047,0.3231880784441923,0.3613584726619227,0.3768834712718322,0.3218284495242972,0.30155073753392175,0.2977102489028987,0.29286211786342625,0.27870224040467256
AACTTTCCATTCACTT-1-NBM-8.138P,0.3634320415383717,0.27025213836938056,0.2557441979149157,0.35349525087490585,0.40909607505387635,0.32275322497679854,0.3263752629485007,0.3072665049834807,0.30774246324495946,0.29187158906456934
TCATTTGCATCGACGC-1-NBM-7.138P,0.35137964051653053,0.2642699430183957,0.2781723200734862,0.3600672873805827,0.38685069167977265,0.3187924567580085,0.31148163519896177,0.30419799566753475,0.29153659496628714,0.2880210996782561
CCTCAGTAGAGGTACC-1-NBM-6.138P,0.36019231891010767,0.2619890466728464,0.31207745426737765,0.36401319417288547,0.3967647236536023,0.3249220282615215,0.32666030703705884,0.29845603417132677,0.2962967005362552,0.2927864108865433
GCTGCGACAGTTCATG-1-NBM-10.138P,0.35850287792157043,0.2687742450477593,0.3209030616067644,0.3603360868514206,0.3873102358954104,0.3169448560569779,0.2990838846358216,0.30320860657168186,0.2980194424384951,0.29670080167367935
TTATGCTGTTCGTCTC-1-NBM-7.138P,0.35776999919024915,0.25992655205305537,0.2946737171403375,0.37066147622035217,0.38475380274856275,0.34596200255035364,0.32004340140573856,0.2990685205903774,0.3109976299097008,0.29327566492067014
CTCGTACTCGGAAATA-1-NBM-10.138P,0.36003184947818895,0.2624311729899218,0.27289658343899026,0.36477418416404545,0.4019826250909872,0.3334090717206869,0.31429878683080803,0.3030888026291053,0.30631130486690583,0.30026547061920045
CGATGTAAGTAGCGGT-1-NBM-8.138P,0.37571665078478794,0.279947281084481,0.2600576919726227,0.36463033735622685,0.39942697069409844,0.32577227258897645,0.31368561125730143,0.30960567380796483,0.30681368501728495,0.28131020404604307
CCTTTCTGTTACCAGT-1-NBM-1.138P,0.3517032273508639,0.25875385774509546,0.26375566425108443,0.37011506331435273,0.37680260695696693,0.3531994710790647,0.33123130601653666,0.3133005515161369,0.3143985827095324,0.3061518550203953
TCTGAGATCCTTTCGG-1-NBM-10.138P,0.3536541162253773,0.2655500119131517,0.24824524466050543,0.3520667944337116,0.38007977330865605,0.3347755867317692,0.30975741704163035,0.311605865720308,0.3066529456793869,0.29799516702026924
GTCACAACACATCTTT-1-NBM-10.138P,0.3508302924078131,0.26631069106535493,0.2994725653822835,0.3652410658247653,0.3975945610596082,0.3215983825008112,0.3135875145949889,0.3011553003750113,0.29862985237395834,0.2875025218336309
TAGAGCTCACCCATTC-1-NBM-11.138P,0.355429499251435,0.25909342253249024,0.2688096045656022,0.36348953001505346,0.3884784838788154,0.33235893454964066,0.31182521314448947,0.31531422671711185,0.30975938460414987,0.2804347563908347
CCAATCCTCACTATTC-1-NBM-11.138P,0.3532591366752789,0.26513714707849784,0.2799513424453657,0.3629586913759511,0.3909214509995421,0.32472682650194895,0.3104985490038725,0.314564699107797,0.308290887676073,0.2811863987630636
TATCAGGAGTTAAGTG-1-NBM-2.138P,0.3447611799895863,0.26597821157651386,0.2445693134686516,0.3749706884089747,0.3947928892127299,0.3197999980833562,0.3589335844882046,0.30381625685469316,0.3241284592626759,0.3074512128721799
AGTGAGGCATCAGTCA-1-NBM-7.138P,0.3491083028566066,0.26516238219989763,0.3382187613492164,0.36825070088514766,0.38023214283014817,0.31964017501017566,0.3074864432455852,0.30079420330034634,0.29210932172755516,0.28571137359518056
AACTCCCAGGCAGGTT-1-NBM-10.138P,0.33940997439820914,0.26698450013789904,0.3093682674413615,0.3697987062515844,0.38565751355781597,0.32372150064629807,0.30510869525725115,0.2983597337587605,0.2931685011780037,0.2919849299068869
CGTCTACTCCCACTTG-1-NBM-1.138P,0.3621633754531232,0.25189767524020656,0.25308282866607185,0.380108362663336,0.3789372573308411,0.3537988521322682,0.3306744977123784,0.29994921899132465,0.31218652717783896,0.28482693846967905
ATTCTACGTCTCGTTC-1-NBM-10.138P,0.34917276120855334,0.26656732726797006,0.36369341413540307,0.3681047293660511,0.38188495811572537,0.3185509130400525,0.31213730680630775,0.30311558184771403,0.2925221317696162,0.2901476977994991
CACACCTCATTTGCTT-1-NBM-2.138P,0.35312878910222256,0.25910450723342143,0.32798602523316595,0.3686944308339329,0.3796221274848333,0.3135331417379102,0.32183437102496193,0.2964992068921556,0.2940747391488538,0.29685370814042455
TCAACGACAGGGCATA-1-NBM-8.138P,0.35754704532500153,0.2803702969114999,0.2696332316739509,0.35910646125429013,0.4097704703065611,0.31812909104137505,0.3220146679402095,0.2970633849595637,0.2954879228745226,0.28806237730844786
TGACTTTAGGACGAAA-1-NBM-7.138P,0.3501357681949468,0.25938090890560445,0.24516179799710067,0.3571306127387914,0.38697055354674675,0.31915738167778973,0.3101387871188405,0.2948811166421167,0.2904579807172889,0.28052086123685344
GTGGGTCAGCTCTCGG-1-NBM-10.138P,0.3442666126846582,0.2677243759567625,0.3113763311911756,0.37059913193380184,0.3868224175729764,0.3229734207311102,0.3135943031277319,0.3046330734313081,0.2906844970566591,0.2862332746628437
CAACCTCGTGTCCTCT-1-NBM-10.138P,0.34445752917963296,0.26162075357418985,0.3180293381318085,0.36477484996854975,0.3775240249475614,0.33033869375681296,0.30865298791028867,0.30075201742951047,0.3008393373979603,0.2984735387847175
CTACACCCAGATGGCA-1-NBM-8.138P,0.3610420369429308,0.2585039915730728,0.20930288736095323,0.3517854929683097,0.4020573497560223,0.3250348904762556,0.3349706033836801,0.32144359792118454,0.3004109450792189,0.30152613822844077
AAATGCCGTTCAGGCC-1-NBM-11.138P,0.3654054192892095,0.2659364475205543,0.26740467639587423,0.3630802686795167,0.4043337715047909,0.33020454418433465,0.32716890158810863,0.31119036311882103,0.311156357231859,0.29214822376554284
CACACTCTCCACGACG-1-NBM-10.138P,0.3605856427058324,0.2699713972226807,0.29635592834027125,0.3618601093436765,0.38633586242404744,0.3277424812302073,0.3017724519201455,0.30733784075579057,0.29888228187536225,0.28649655785238287
TAGACCACAGTATCTG-1-NBM-11.138P,0.3681687691788478,0.2779737775076783,0.33019029877130235,0.3572155230685997,0.39134834527548856,0.3243847138881918,0.3064780748637604,0.3050661992279286,0.28821586712367914,0.29436535163993227
AACCGCGAGTACGCGA-1-NBM-6.138P,0.3731102406189707,0.2660515249150913,0.32780781250596336,0.3664269954505503,0.4052815641982023,0.33783125650152174,0.3356426721819727,0.3107669744057435,0.30711573632413725,0.31142927037428886
GTTACAGTCGGGAGTA-1-NBM-10.138P,0.34672448374988546,0.2651909715297726,0.2825109443882324,0.3631107885715169,0.3827109578104575,0.3238370249611666,0.30505575254116274,0.29696689435250856,0.2911921088231767,0.27813310084418463
CGTCAGGGTCATCCCT-1-NBM-8.138P,0.38212610461328494,0.2723090235657858,0.1808295095352662,0.361134866060786,0.4176642503809749,0.31933554232541134,0.3365896355773009,0.30866159412258987,0.3130185849307044,0.3108702420554639
AACTGGTTCACATGCA-1-NBM-1.138P,0.3626589584503446,0.25050821047737604,0.24258697605071158,0.3855080925272141,0.3888745345567413,0.3453147382244452,0.3457192992212348,0.3130836170252493,0.32895775798310023,0.2941602289086308
CAGAGAGTCTAAGCCA-1-NBM-2.138P,0.34545277036885125,0.2595434782914767,0.24761939100117056,0.35873263987170717,0.3853459098262947,0.3250256011579764,0.3291169498340402,0.30036007723534747,0.2968385687002763,0.2829245496069343
CTCCTAGAGGCCGAAT-1-NBM-7.138P,0.35620135508171247,0.2649665386656303,0.27993370245688876,0.3554808708301429,0.3893840934673219,0.32577556185736023,0.30806639327989216,0.29401454575982305,0.2999080128077709,0.28166288237794196
CATCGGGAGTCTCCTC-1-NBM-8.138P,0.3677957780288973,0.2669599257795084,0.233143343977781,0.35389399602249366,0.41279671123322986,0.31990161658572985,0.3210549894461801,0.30401181600517685,0.30027882586231974,0.2904230730730901
GATGAAATCACATACG-1-NBM-8.138P,0.3677224749038737,0.2869283747008808,0.2682241850519355,0.35895582011678456,0.40757452025801016,0.32028106471513734,0.32393867387710595,0.29968228081113335,0.2951343977929493,0.2862727656934221
AGAGCGATCTTGACGA-1-NBM-7.138P,0.35724589932257084,0.2795311471256789,0.26430517543025867,0.3590156794152056,0.38350581877590484,0.31856558303367427,0.3106958454852766,0.29374865134802536,0.2866518822907956,0.27172220139705394
TGGTTAGTCAACACAC-1-NBM-7.138P,0.35714283849832706,0.26008139067261754,0.2683834791081528,0.3607212321903511,0.3854510319225002,0.32003896044583147,0.31630624040543687,0.30379956324856633,0.29818646326231074,0.2855353285587188
CATATTCAGAATGTGT-1-NBM-8.138P,0.3524850984744146,0.26059120804477454,0.2723163598602521,0.35272191740301073,0.3799703908318305,0.3231988056628779,0.31257916902700456,0.2976143986139125,0.2886389279451252,0.2782441559211442
ATGTGTGCATGAACCT-1-NBM-6.138P,0.3624380413821113,0.25683272784676964,0.24631735658739892,0.35458400410631147,0.39340303516513897,0.32822539762458536,0.3232255932037033,0.30988337646557,0.30076286990351697,0.3022411664213689
AACTGGTCACCAACCG-1-NBM-8.138P,0.3723072647176269,0.2686975924088143,0.22966932148486047,0.3729956225145214,0.4121904234201689,0.32610287052428855,0.33927793954247487,0.315467928978333,0.29047091097402206,0.29314543368043483
CACATTTTCCGGCACA-1-NBM-10.138P,0.34934934988998295,0.2840921684535775,0.31443562186204305,0.37185457475279265,0.38606431850544215,0.3263341090028992,0.3112440507800385,0.30022257798199153,0.29395559830459783,0.28285891703898197
GTCCTCACACTGTTAG-1-NBM-6.138P,0.3680252803195252,0.2591313997599977,0.30591309478515233,0.36462576473122843,0.4022137528596281,0.3305221560997627,0.33036702287357644,0.3097413581453345,0.30172426415266,0.30636821667670633
CCTACACCATCCGTGG-1-NBM-8.138P,0.34713069459694845,0.2654644574832579,0.2761932023385734,0.3629575471757228,0.38758935173857695,0.3162111781842991,0.3105363700314902,0.30173596899671146,0.2914410213234064,0.2807064964834736
GCTGCAGAGCTGGAAC-1-NBM-8.138P,0.3517991943872258,0.2681471428383096,0.2897417749745378,0.3619824336331399,0.38725061273815703,0.3214549360353514,0.3162520227865089,0.3079437259551786,0.2867054593652741,0.28903521184632797
AATCCAGCAAGCGCTC-1-NBM-10.138P,0.34489434059165763,0.2905987022001893,0.3380254721289682,0.3683135201577255,0.38501450523681335,0.32154585703187044,0.3083203146148267,0.29646177342494734,0.2881752252744557,0.27870853818641056
ATGGGAGAGGATATAC-1-NBM-10.138P,0.3642399079007812,0.2748431557625303,0.27769986573026695,0.37766502096740623,0.40151707643548057,0.33452244838165124,0.32804898839097135,0.32615775206665837,0.3080476376701359,0.3015403103925643
AACCGCGGTCATACTG-1-NBM-7.138P,0.3478753632418167,0.3107639792233695,0.30750634222090634,0.3652685478976057,0.3849045440189695,0.3232876654905487,0.3033514229647028,0.29624624164971153,0.29306629109343596,0.28025278886026367
ACGAGGAAGAACTGTA-1-NBM-10.138P,0.35027103348061317,0.2586203367218357,0.2777777167837569,0.35841802706470627,0.38392814756625104,0.32717212336985524,0.3108066313409025,0.29849225727889767,0.29743104388031255,0.2833908188689642
CATGGCGGTCCTCTTG-1-NBM-8.138P,0.3786368831960664,0.27109503716623956,0.23060550655842757,0.35550421756789036,0.42816297077068577,0.32601738506810535,0.3334928565916172,0.31691707336346797,0.3144224031435994,0.3336888807130309
GCAGTTAGTCGAATCT-1-NBM-6.138P,0.37171254451251245,0.2651514410918267,0.3211640990736917,0.3626157673967906,0.4002366544892779,0.33271084270623646,0.3322417288882177,0.3089241692021904,0.30567896906195074,0.30625453916829826
TCCCGATTCAGATAAG-1-NBM-1.138P,0.3507130175540754,0.26867702407565763,0.2176371199780936,0.37223937319006856,0.375194341361721,0.3371567634841702,0.32434619005162907,0.2930466920342962,0.30938005168084415,0.2685926714988498
TCAGCAAGTCGCCATG-1-NBM-2.138P,0.3397943069698408,0.2606972140420215,0.2525028459549991,0.3656837147991383,0.382857270768502,0.31741401860867535,0.3539694856558728,0.29289470977962184,0.2980776510007538,0.29377494187556263
AAGTCTGGTACCATCA-1-NBM-10.138P,0.3591181491797731,0.26864788342031753,0.2840103021888811,0.36038127974496503,0.3841997427455343,0.3216961619588388,0.3121345099665051,0.30767926959056435,0.3019309536488373,0.29114394604738136
CATATGGGTTCTCATT-1-NBM-11.138P,0.35952949397043305,0.2614343696980102,0.2814329218160077,0.35076878250806454,0.39120533084405995,0.32119690147281016,0.31508985840257386,0.3133754237989334,0.29508955286278915,0.2951820554094339
ATAACGCAGCCTATGT-1-NBM-7.138P,0.34181180307396547,0.28148187841547095,0.3158690792478139,0.36430799775564005,0.37513047582164194,0.3199235516243852,0.30716374786753353,0.288857049807802,0.28887238750971517,0.27012762837831317
GTACTTTTCTCGCATC-1-NBM-7.138P,0.36493915156243945,0.27269346595219285,0.27653946649532873,0.3568338555483052,0.3900057284158844,0.3259804341534036,0.305573200148342,0.3027881052042052,0.3114579632667036,0.29540024818866334
AGTGAGGAGGCTCTTA-1-NBM-4.138P,0.35498590819497516,0.273290452458586,0.31601586137149545,0.36154021761500904,0.3940247548080632,0.3179079765937727,0.32099730341414445,0.2983119506278375,0.28741204417815275,0.28787904512516094
GACGTTATCCTATTCA-1-NBM-2.138P,0.3529640896245532,0.26652671088672447,0.2363831724692423,0.36419707145287383,0.3902285591874789,0.32448868846029405,0.3376973821866823,0.2999035824519461,0.31199081283027813,0.3092703978121523
CTAATGGGTTGAGTTC-1-NBM-1.138P,0.3623166221108741,0.2625911565346717,0.30085536369525784,0.3845572165366961,0.38081890584578304,0.36567112522650136,0.3278884611823943,0.29950598441867804,0.32644339615084106,0.29599499502714655
CGCTGGACAAGCTGGA-1-NBM-10.138P,0.3612977950382828,0.2645291180128072,0.2399253583359876,0.3559061380378103,0.37958839514439074,0.3255566657439647,0.3149821588468981,0.30827903066039986,0.2951014282558445,0.2891311648638532
AGCATACTCTAACTGG-1-NBM-8.138P,0.37657618554589306,0.2925687618029592,0.28983510005902596,0.3549654995152664,0.3911834588474231,0.3215594606412213,0.3114754946416759,0.3031417316540033,0.30323983416693007,0.27878669286975405
TAAGCGTAGGGAGTAA-1-NBM-10.138P,0.3481125138533249,0.2633737194675798,0.28998789579253653,0.3644963652278971,0.39876533317804697,0.3258596799034391,0.31921674030230673,0.30322997789344674,0.288624772854195,0.2958466690704869
ACTGAACTCTTATCTG-1-NBM-7.138P,0.3549115055532644,0.268601903072261,0.2587144669320802,0.3559027600392609,0.3807638792350999,0.3187433688808901,0.30893837471121505,0.2988571263017128,0.29330858675112603,0.27807477708925255
GCGCCAAAGCGTGTCC-1-NBM-6.138P,0.3511831424987499,0.2582362377089251,0.27546271161799984,0.35495764880367736,0.39242636175773987,0.31920915646315895,0.3246100118331448,0.29240270923752343,0.29222005833205916,0.28799573026355396
TGACTTTTCCGCGCAA-1-NBM-10.138P,0.35052209262699074,0.2655721386631568,0.3377642462726352,0.3726527635517592,0.38648372273799003,0.33200509591785443,0.3098815721069171,0.3040524166818918,0.2909366937797494,0.28488972376512134
GATTCAGAGTCCTCCT-1-NBM-10.138P,0.3562603035351324,0.2751073020361128,0.344690345118717,0.36106339169748414,0.37884595774219354,0.33118941540633184,0.29602091978364126,0.3025098490490336,0.2991775701037738,0.2867306080868663
ACGAGCCAGAGCTTCT-1-NBM-8.138P,0.36354798604658034,0.31139653365871195,0.25342829730105193,0.368583715658527,0.4078144057619479,0.3256964700788162,0.3349499815551737,0.2970325014333213,0.3052087936174219,0.28439357673221255
TACTCATCACCTGGTG-1-NBM-7.138P,0.367689302386659,0.2658571569073938,0.2844128817505066,0.3530702513839578,0.3834890769601683,0.3120999291747876,0.31020404213738556,0.30472013566100203,0.29791126794169814,0.28455018207576155
GACGCGTAGACCGGAT-1-NBM-1.138P,0.3371874479709038,0.24755822259949462,0.16526048448642963,0.34654012106305654,0.3756537821155748,0.32525029205210104,0.29043776405375454,0.3099399125739529,0.31240471101849415,0.2827034273901218
CTGATCCCAGACGCTC-1-NBM-10.138P,0.3452480515561158,0.2702765899966781,0.3144155856838755,0.3609373064894631,0.3773267147117256,0.3304645253239537,0.30105895136475985,0.2976060052418037,0.2987322425206549,0.2908265942494768
CTCGGAGAGTCCTCCT-1-NBM-11.138P,0.367764346894346,0.27602048933311035,0.33931813558393775,0.35657412165701047,0.38874157272325377,0.3266780683945838,0.3049028305041235,0.30324537472966384,0.28556579133892535,0.29109530245608467
GACCTGGTCAGTTCGA-1-NBM-6.138P,0.35962690259933316,0.2617776324452214,0.29888916135054855,0.35231351005815736,0.38798071881404106,0.3220663269994332,0.3224019668724113,0.29082390122370155,0.2906258497369807,0.29215758135119185
GGGAGATTCTGCCAGG-1-NBM-10.138P,0.35582264180474427,0.26710279455136937,0.2767224613662635,0.3636922539954697,0.38900595445367764,0.32834444301547167,0.29977252303180846,0.3047767870460215,0.300320987488173,0.2897338641793128
GTTTCTACACTGTGTA-1-NBM-10.138P,0.3641419159015015,0.2672090040681185,0.29169575997296276,0.36885051801597485,0.39043925731522944,0.32898964768170685,0.31209848282138786,0.3219455955629236,0.30501465646919146,0.29048974987835285
TCTTTCCGTGCTTCTC-1-NBM-10.138P,0.3658271998452965,0.2636642321305166,0.2782502987748757,0.3623741319680213,0.3855494429193666,0.3303411435197376,0.3129004132550116,0.31710098083899546,0.3032737618756908,0.28978678537832225
ACAGCCGAGTACGATA-1-NBM-8.138P,0.3574974959710649,0.27215058336233,0.20219921187160927,0.35691559750125246,0.3989710444204676,0.3219269789134899,0.33838798673336534,0.30127355203594797,0.3066630612652794,0.2900058257702378
AGGGATGGTGTCCTCT-1-NBM-4.138P,0.36855061925054255,0.2644238562570419,0.3185501655861968,0.36508714165137374,0.3978698126420452,0.314671250047067,0.32743768270798146,0.309357175451529,0.30003915277514837,0.29103020827034404
ACCGTAAGTTGGTAAA-1-NBM-2.138P,0.35551807894101733,0.2682216426169107,0.2281212086492399,0.3591708398695152,0.38690617015976875,0.31768710004951906,0.32759067066461683,0.29621851824284356,0.31231694381207387,0.30415712377267395
ATAAGAGTCTGGTATG-1-NBM-10.138P,0.357703768525557,0.27103612722761583,0.34080942482064586,0.36083987350676594,0.3809075077912309,0.33610820112780254,0.2943668836717597,0.30782419640036596,0.30107023924794535,0.2918603237280017
AAACGGGCAACTGCTA-1-NBM-8.138P,0.35345419544913975,0.267145409214231,0.28698017484213423,0.362866745160424,0.40219923740873686,0.3248158552180974,0.32189344162012495,0.30149281135279915,0.2943082534204366,0.29532374778138953
ACGGGTCAGCCACGTC-1-NBM-11.138P,0.3511357164692958,0.2943682868259994,0.314946338241283,0.36346504303391247,0.3894160669200184,0.32428524098874495,0.31404356154983576,0.2966981957210305,0.2893947919437294,0.2825191673346805
CCGGTAGGTCGCGAAA-1-NBM-11.138P,0.3574673251229523,0.2652767803532373,0.27340042939015147,0.35779797595843277,0.3845453559970265,0.3152884538604086,0.3161693147032642,0.3053879019006417,0.2976771330588527,0.2846773368581746
GGATGTTAGCGATAGC-1-NBM-8.138P,0.3588902504916267,0.2683667804588427,0.30195693881482505,0.3619584527490371,0.40488582303900694,0.31880901025531466,0.32071522197442487,0.2972938669347358,0.3012067087286737,0.29456926405433226
ATCGAGTAGATAGCAT-1-NBM-8.138P,0.3668365422669174,0.2720257360683103,0.24595597836198071,0.3551695388636963,0.4136028874528932,0.32507346440087076,0.33082975901096795,0.3121106769797278,0.30955279514191986,0.2978428782066271
CGCTGGAGTTAAGACA-1-NBM-6.138P,0.37208977528546133,0.2619833429255565,0.1904412036407492,0.35961413472121956,0.4017214347185775,0.3190178445148396,0.32110761706773217,0.30559021410049436,0.3033162482117893,0.2977348573946765
GTTTCTAAGCTGATAA-1-NBM-10.138P,0.3544967058564762,0.2743518708866456,0.3106225457921208,0.3633522865635867,0.39848440073818936,0.32718663281652033,0.3077408852548017,0.29802416281344385,0.3025841811191896,0.2982929116492706
ACGATACTCGTTTGCC-1-NBM-10.138P,0.34552000644940895,0.2889364504312337,0.27074752513223427,0.36857726951517605,0.382083126220111,0.31856965673711185,0.3081884617795902,0.2959588546127454,0.28655166822682965,0.2833583794660394
ATCGAGTCACATGTGT-1-NBM-7.138P,0.3676996049192748,0.25230931805238976,0.2785622789785707,0.35449483023001177,0.3939829603329005,0.32802559030171574,0.32163689322095673,0.3089286976290035,0.2985888833216042,0.30162284457085753
GATGAAATCTAACTGG-1-NBM-8.138P,0.362172197577564,0.25432097025164335,0.2836143441495821,0.3597799978883134,0.385750567170454,0.33278149038167165,0.3224345656514729,0.313513135931823,0.3103793505154316,0.3132595940514462
CGCTATCTCACAATGC-1-NBM-7.138P,0.35337297541368046,0.2645837196297162,0.26281241050952286,0.36180155474942843,0.37888542366106337,0.3282626278553415,0.32036528577261836,0.3006897338907045,0.30462866084119333,0.2871269257173064
GCTGCTTGTCGAGATG-1-NBM-10.138P,0.35188641620810807,0.26531439923237915,0.29065142894427376,0.3634550515748801,0.38916851902557265,0.32535228955755546,0.31460546935382655,0.30055251938390903,0.30425523497087137,0.29583577096124
CGGAGCTAGGCTAGCA-1-NBM-10.138P,0.3560299134193946,0.25950516168919086,0.31603944479921714,0.3693951881766186,0.3876946581609255,0.32431006685274893,0.3183250009201642,0.3157404456285011,0.2998396261506135,0.2902526885985853
AGCTCTCGTTTGACTG-1-NBM-11.138P,0.3622756873832478,0.2692230777028492,0.29037576292356604,0.35738888144556036,0.3828759061045892,0.33202389737711735,0.3119320179953507,0.3078073612207024,0.3059286694008803,0.28376213550549145
GGAGCAAAGAATAGGG-1-NBM-8.138P,0.35930986445388907,0.26688063885212626,0.21515125007101132,0.35474906087609687,0.40873334061591765,0.3248951042370948,0.3254984803471277,0.2970929044935784,0.2940510904273145,0.29945693395743755
TTCTCAAGTAGCCTCG-1-NBM-2.138P,0.3618194338519075,0.2905956676685939,0.30596383491852125,0.3612941893782781,0.38916573629620305,0.32440224736672146,0.3161879577544675,0.297210350064886,0.3080622659438727,0.2871160842748901
GGACGTCGTTGGACCC-1-NBM-10.138P,0.3522087460289317,0.2691665341639689,0.2956929059190355,0.363784826790068,0.38587660866097,0.3174738318693221,0.29849670172635745,0.29822824965451455,0.2969183274046782,0.29799608592832066
GAAGCAGCAGTAACGG-1-NBM-10.138P,0.34544425012380486,0.29405803671350494,0.27956887587960705,0.3670346969857192,0.3851018512236706,0.32157578794178066,0.3050323632678012,0.294803998043661,0.28944970243026125,0.28433330662013334
GCGCGATCATGCATGT-1-NBM-2.138P,0.34656645368008454,0.26793992637942626,0.2453328826750873,0.3513112290933648,0.3719071112806119,0.31104417665289297,0.30849095659066145,0.3015491637802496,0.29687271843224167,0.2907693272724701
TTTATGCTCTTCATGT-1-NBM-11.138P,0.3502803109241768,0.2730044809242912,0.3321227607805482,0.3636669923075903,0.3932352542978523,0.3263229073910026,0.30734291195970387,0.29830238822595107,0.30562525015788145,0.29767966407134816
CGATCGGCAATGAAAC-1-NBM-10.138P,0.3509895321851934,0.26260883990673917,0.3122440564643655,0.3673152287985369,0.3853009326964357,0.32392039740274375,0.31488374938556724,0.31219369169101413,0.29868962630180207,0.28972448313214094
GCTCCTATCTTATCTG-1-NBM-8.138P,0.3759865223917223,0.2657588399318676,0.20914535208282714,0.3530744733465283,0.41136157912272187,0.32127613391566023,0.34041568594741656,0.3197188318842599,0.31573941317210924,0.30322556609831075
AAGGCAGAGCACAGGT-1-NBM-7.138P,0.3567897807722499,0.2670733879367462,0.2817555796742005,0.36203226547174283,0.39490409715360647,0.33005849045725477,0.30693494852452974,0.29719316671967394,0.3030664664224636,0.29211922527917417
AAATGCCTCCGCATCT-1-NBM-7.138P,0.3507662831299342,0.27181904911932986,0.3039354820272978,0.3677531681041042,0.3816475507402139,0.327661146513516,0.30673577372057753,0.31255193706476353,0.29012448751203024,0.2925161068059358
AGCTCCTGTCCAACTA-1-NBM-8.138P,0.36918490723982117,0.26636691352934877,0.232398144259295,0.35773169877475913,0.41323005337357915,0.32645601413404973,0.3321780061668137,0.31220447907417653,0.30326387468310484,0.29336535710608824
TCTGGAAAGGAGCGTT-1-NBM-11.138P,0.3641683975819144,0.27226514499113746,0.35089635703613276,0.35452972041447456,0.39210200358829794,0.3185516527627591,0.30780963379886594,0.31012249175640355,0.2896416090584891,0.3050083335934427
GTACTCCTCTAGAGTC-1-NBM-7.138P,0.354506599625721,0.27146637367236076,0.3333985799321221,0.36453477342638946,0.383141840168994,0.3227974148572491,0.3092982078754986,0.29852538093855574,0.28842787661643515,0.28930173916451835
CTTAACTGTTAGGGTG-1-NBM-7.138P,0.3419763353636279,0.27750906117657526,0.2800215724176042,0.3572565388505592,0.38097180223838667,0.323944813752897,0.2965283966844759,0.28984916540250727,0.28776566749418214,0.2782142953154607
ATCATCTGTGCTCTTC-1-NBM-7.138P,0.3583755473451692,0.281140997735843,0.2639337825134628,0.3577658885454233,0.38250379550502744,0.3159438422930539,0.31032006881817326,0.29266369302963163,0.28611164254963045,0.272786428392141
ACCAGTACAACCGCCA-1-NBM-1.138P,0.3735705993411484,0.26753640368048703,0.3001452271548777,0.38916507236910775,0.389977411096013,0.36831237373431097,0.3411133051269984,0.3080110335245415,0.32562438976079994,0.30430429280446786
GTCACGGTCACTTATC-1-NBM-7.138P,0.3570162735665382,0.26677295245582094,0.27990001952165133,0.3550985055040614,0.3829049393324764,0.3262573036958721,0.30273553050570756,0.2933250459655931,0.29980129191577076,0.2804164100798553
CAACCTCCATCTACGA-1-NBM-7.138P,0.38006695294292564,0.2608967947857649,0.28719495459327465,0.35619346316915745,0.40209696754881497,0.3233293102599365,0.3417109675789008,0.30961026380365614,0.31627645870683374,0.31376363869952223
TAGACCAAGTACGTAA-1-NBM-8.138P,0.35437096143107844,0.2645014122835024,0.23962774460176406,0.3530432209863845,0.39875198464115064,0.32376897806454574,0.3164668267702685,0.29791022904558223,0.2934221765124351,0.28535702943618
CTGCCTAAGTTGAGTA-1-NBM-8.138P,0.349074085994449,0.25401280963630374,0.3045489713238814,0.36232133545920914,0.382587864949898,0.3274793642595518,0.31538386477333014,0.29935630688159826,0.30611838360267013,0.30609822876038534
GTCACAAGTTTGTTTC-1-NBM-8.138P,0.3574365551480923,0.271695867572045,0.29360032302398187,0.3619078318983502,0.4008953938594548,0.3209685810198049,0.32364506884061695,0.30327127817587035,0.2928240800222336,0.29316589620046835
AGCCTAAAGTGCGTGA-1-NBM-10.138P,0.3431242548698802,0.29820898459403283,0.3253180953410625,0.3685726571950367,0.3871074251558234,0.3237646642178547,0.31083846422471934,0.29410681123702664,0.287162196680054,0.27781315017105784
GTATTCTGTTCCACAA-1-NBM-10.138P,0.34919789780717725,0.2708850207529296,0.3057336686727487,0.3635754611276358,0.37933847036661356,0.3225599301935425,0.30004905892267564,0.2982707374060733,0.2890635500376911,0.2885931352333987
TTAACTCAGTGGGCTA-1-NBM-7.138P,0.36244325921060433,0.2690007461608072,0.2653819467123232,0.36267388474084084,0.3934166061019388,0.3167896400071297,0.3161477146560134,0.3139408009129628,0.29221721614921936,0.2946761848391904
CCTCAGTAGAGCTATA-1-NBM-11.138P,0.34926961499832604,0.2676360761544312,0.3017690834613276,0.3608882856961143,0.38229953856644333,0.3144660311670892,0.32639948219595577,0.29501472978979376,0.2869490259582892,0.27991082208437923
TTGCGTCCAATCCAAC-1-NBM-10.138P,0.34953784559083523,0.2701964190148345,0.32131399966191304,0.36417941050594355,0.3829091798940232,0.3256817873363498,0.3065094528053221,0.300424985967783,0.2888254897614362,0.28741111458616087
ACCAGTAGTCACTTCC-1-NBM-8.138P,0.36714104040795076,0.26553897623850264,0.21499863205551986,0.3598957859355407,0.4187482353408157,0.3277233299456874,0.3324472679166871,0.31118470111867097,0.2989244957194251,0.2987198057253031
CCCATACGTATCTGCA-1-NBM-11.138P,0.36222599259059135,0.2695210568531135,0.28452556088275255,0.3545354207144755,0.38235150594710254,0.3114199623768015,0.3064217606478729,0.3063252037640142,0.29185520110338187,0.28202441295341696
TACAGTGTCCGCTGTT-1-NBM-8.138P,0.3650976648013032,0.27409670875950093,0.2548285680977234,0.3547145112740582,0.407774113018138,0.3220619824544007,0.3188947772932787,0.30615570430774497,0.30137100099427006,0.28617612796022623
AGTAGTCGTCTAACGT-1-NBM-1.138P,0.3587465996966394,0.25666265438090907,0.28932583483923735,0.3777169290195005,0.3721825788093621,0.3606409385256582,0.32875842882182327,0.2915008876973336,0.3150649898249343,0.29984874906737724
CGACCTTCAAACAACA-1-NBM-10.138P,0.3636587708196985,0.2631700985988307,0.28308188166796344,0.3665577922385947,0.3835531686207865,0.33974229807164225,0.3217891069556516,0.3074303198875423,0.32358268560080805,0.3081344046292812
GTCAAGTGTCCATCCT-1-NBM-1.138P,0.36640814640539054,0.2561619941058864,0.2687892798139822,0.35725840489645866,0.383495208141186,0.34051228688450685,0.3325268628272043,0.3149729805516126,0.3035998755528447,0.30284490198553693
TAGAGCTAGTGCGATG-1-NBM-8.138P,0.3576715155138047,0.24972596109785192,0.2501664111129838,0.3557838809428738,0.3838205127012213,0.3309881937445877,0.3407970455712964,0.30125252216244786,0.3044221261463172,0.31009976812304757
TAAGCGTTCTACTCAT-1-NBM-2.138P,0.3454320231174313,0.2701439144957947,0.2596350415300541,0.3708204887759582,0.39138569917989086,0.31870233630436734,0.35232382077960844,0.2995984790883785,0.31717355953933496,0.3035331131540888
TTCCCAGCACACCGCA-1-NBM-10.138P,0.35861010386568765,0.27801485291083666,0.2897898192295378,0.36795389574763204,0.38214922009043056,0.3300435462826473,0.3100327979534299,0.3190036336995877,0.2954566548495742,0.30226578507950463
AACTCTTCAGGGATTG-1-NBM-11.138P,0.3619742720802966,0.27642488316907254,0.27937198444971156,0.35441907916847776,0.40511973678090896,0.32078826866381316,0.3111558012646898,0.3134751502093975,0.2978157327438218,0.29711035985890033
CTCGAAAAGTGCCAGA-1-NBM-10.138P,0.339531338452648,0.25128300052505953,0.33549238437129436,0.36955247300893507,0.3843884465766411,0.334551429643095,0.3158805781991397,0.29931237570611446,0.2900350330642297,0.29767918973198815
TCGGGACTCTTGTCAT-1-NBM-2.138P,0.3414159503676885,0.2586499125491871,0.25397292160620955,0.3687728686838453,0.38512469767204627,0.3185824086512332,0.3543817462236718,0.29159690278007017,0.3009286327432072,0.2920228787135125
GTAACTGGTGTAATGA-1-NBM-1.138P,0.345477247527804,0.2535192131319893,0.2879546404827258,0.3641961714769739,0.3661908370045147,0.34322235470369017,0.31245422809139706,0.2906333160626466,0.30637424561032534,0.2868047713070712
TACGGTATCTCTGTCG-1-NBM-7.138P,0.36345543611945613,0.25376180087980665,0.28477774548792956,0.361281501108411,0.39022673803420665,0.3169100817441236,0.3129800946001067,0.31253882845198877,0.302708861896995,0.28420215742951604
CATCCACTCATAGCAC-1-NBM-11.138P,0.3506464277837607,0.27178846336197776,0.2937737895008658,0.35286477435129976,0.378732191735374,0.3135009783245764,0.3072129466611786,0.29449554518692916,0.28486469859849994,0.27576938356207004
GACGCGTGTCTCTCGT-1-NBM-10.138P,0.35389252574289476,0.25906009496770394,0.3278090652246949,0.3713799540092942,0.38642386835747133,0.31803813054624547,0.3129566497070614,0.3126477997196498,0.30168349509866826,0.28729652396520006
AGTCTTTTCAGTTTGG-1-NBM-6.138P,0.355398646196534,0.26753354575952976,0.2951109371411593,0.35453515992368806,0.3862541015139656,0.31964383979412336,0.3118482651125289,0.2948440538202038,0.2895529137682079,0.2873211212481402
CCCTCCTCATAAAGGT-1-NBM-1.138P,0.3649034391955954,0.2533953502235841,0.2669521715327045,0.3652599615335311,0.3883161575585221,0.3458487128878636,0.3251344810459343,0.30778081248019606,0.31386139270678987,0.2924866889061573
ACACCCTCAAAGCGGT-1-NBM-8.138P,0.3565629136250785,0.25875626949187985,0.21464414737993384,0.3571877416941928,0.4007515560990788,0.31372160628717,0.32583792937789535,0.30094664735825916,0.28986159289087876,0.28500239977170627
CATATTCTCCTTTCTC-1-NBM-7.138P,0.3680304152363213,0.2706133865568471,0.2747160755177124,0.36008341035739333,0.39902489734956803,0.31937925496854047,0.327771825715288,0.3068718784453186,0.29150320949364256,0.2985437265148749
ACACCAAAGCTGAACG-1-NBM-8.138P,0.3666584486816632,0.27484216046889964,0.22409906750911376,0.356634854393487,0.4135512896748525,0.3202141977217045,0.31887935535594625,0.3015239049662947,0.3001969038301554,0.2942022467009133
CAGCATAAGCTCCCAG-1-NBM-10.138P,0.3455602608123463,0.25223997539371035,0.30978359276362544,0.36693803787395857,0.38299228766094073,0.32061210376786015,0.30510897708288015,0.3009285894126341,0.28909970223500003,0.28886743738232473
TCACAAGCATCAGTAC-1-NBM-6.138P,0.35882725879277716,0.2698315824334291,0.3180011128978563,0.3631697660530578,0.3891592397521381,0.3244478603248976,0.31606011678681006,0.29830505821142056,0.2885244561240955,0.2914772773648879
AGGCCGTCAAGAGGCT-1-NBM-10.138P,0.3661314656590635,0.26313432969277545,0.30547938974342664,0.3652348475183036,0.3998304639200336,0.3286045904055121,0.3216621370492171,0.3219012072210254,0.29880508480961165,0.3109262785916163
GACACGCAGCTGAAAT-1-NBM-2.138P,0.35406735613233115,0.25300596859650015,0.19647847048348252,0.3577604491755208,0.3849890006478483,0.3274899532613142,0.33663746575503334,0.30296384204651144,0.30462655555646445,0.3013914567845984
GGACAAGGTGCAACGA-1-NBM-7.138P,0.3622377493593962,0.2739208964256364,0.3177504192253929,0.3583626456602879,0.38921313969935084,0.3222206652784817,0.30816191956090894,0.29988289032090076,0.3025371921362732,0.29261015698020065
GCGGGTTGTGGGTCAA-1-NBM-6.138P,0.36960021220772205,0.26076958693798447,0.23271955255411397,0.3543760224389791,0.3982007523409437,0.3299602868418126,0.32821934065849634,0.30382389678867683,0.3030445346645516,0.30461719497382767
GCGAGAAAGCCTTGAT-1-NBM-8.138P,0.3637708547699434,0.2734301127985639,0.24836202006442915,0.35995805022958177,0.4178886420978181,0.33151162626024255,0.32740757846614055,0.30601331895982453,0.30226306330411484,0.31169641612852456
AAATGCCTCAAGAAGT-1-NBM-10.138P,0.3467488452013863,0.2637060847082973,0.3080815755217942,0.36564811280979015,0.38053071593467314,0.31574816623346375,0.3022769983096685,0.29958947567260735,0.2927015016158571,0.29276385146511
ATCACGATCACAACGT-1-NBM-8.138P,0.3524961331570469,0.26683470452942576,0.29135962194241655,0.3655664854310644,0.39821402468353007,0.3226468576796278,0.31466759757408497,0.29895530959350675,0.29919076710258596,0.28840471929877565
AAACCTGAGCAGACTG-1-NBM-10.138P,0.35800512428769954,0.26344325517685896,0.34698340174044,0.3735761815869395,0.3887919952394659,0.3257157120337169,0.32243154921392253,0.3127677929188288,0.3014451956763415,0.29517198571339665
GGTGAAGTCAACGAAA-1-NBM-10.138P,0.35628054559357686,0.26322175899790573,0.25316533169642896,0.359507052568318,0.3961848006471676,0.3273472585489252,0.31741223597283824,0.2971894991197658,0.29220895614324266,0.2948173874248346
ATTACTCGTTTAGCTG-1-NBM-8.138P,0.3676012645764692,0.2650494569051195,0.23568989035494262,0.3521236440937916,0.4111021342576584,0.3204178117568725,0.32703072707998454,0.30178756117170386,0.3029792359620441,0.29552006165068057
CAGATCAGTAAGGATT-1-NBM-8.138P,0.3604170637036251,0.268256544646795,0.21617978343647712,0.3546103535106745,0.3976904796625644,0.32348993533238585,0.30864690539829176,0.29998523118556186,0.3003445392816226,0.2881037965562274
CAACCAAGTTACAGAA-1-NBM-3.138P,0.3601823014624421,0.27262124835803286,0.26966481597177766,0.3504715364293623,0.37749530332482206,0.32467428362260714,0.3093159607534115,0.301028382483675,0.2946385570078675,0.29760515596098885
TTCGAAGTCATGGTCA-1-NBM-10.138P,0.34546964278964043,0.263379277533939,0.3572605524311119,0.36490636691643075,0.3811162434610477,0.32339410037702754,0.3131323258381932,0.29776763730020867,0.2910111451075298,0.2992514006095577
GGGCATCGTCTCTTTA-1-NBM-10.138P,0.3687143325932394,0.27287121184214547,0.2822315168044338,0.3711741096128084,0.391476643145005,0.3366323772083778,0.30324833800126927,0.31345691496959216,0.3102405801106851,0.2878451249957665
GGAACTTTCATACGGT-1-NBM-10.138P,0.35610932799703665,0.26153570829174255,0.24834358646157792,0.351165321208783,0.3950376357133454,0.31983127639739445,0.32688392688870127,0.3170715016746345,0.305690008166457,0.30032909625628557
TGCGTGGTCCTTTCGG-1-NBM-10.138P,0.34648088862128457,0.2559989471012712,0.329958688670756,0.3602991063311359,0.37366482310345234,0.32437139273323534,0.3063982858611511,0.30405987250472627,0.30658223428522674,0.29175489778638664
TAAACCGTCAAGCCTA-1-NBM-11.138P,0.35234144451857313,0.2694054460034843,0.3110717142982149,0.3653291925780723,0.38430189635220274,0.3197791403510028,0.31094543313486367,0.2984548890687048,0.28753348496095676,0.28655862734382936
GGGACCTAGGGTTCCC-1-NBM-11.138P,0.3624966169036262,0.2694549437118156,0.2852063656902197,0.36470203644259475,0.3904002043052272,0.32005102774257504,0.31190519485163853,0.3191691329923121,0.2987240642579197,0.2936586396329474
GCGCAGTAGCAATCTC-1-NBM-7.138P,0.34902603352322786,0.3107924327131012,0.30633306040538405,0.3651473493570309,0.38379659972872576,0.3217808489856551,0.302903693264789,0.2956322275767159,0.29290927840982073,0.28071052209117453
GACGGCTAGTGGAGAA-1-NBM-8.138P,0.35441881074099146,0.25222276532826654,0.2607735387920786,0.37389693527414003,0.38668327083469517,0.34098445437739805,0.3326007703682576,0.2940711340635662,0.2944656920546276,0.2914764356026458
CGGAGCTAGATGCGAC-1-NBM-10.138P,0.36508223077721197,0.26838078212973693,0.2574575145276462,0.365903997075625,0.39829260658437654,0.334424008198584,0.3086160202902759,0.3102369344452616,0.30305015883804826,0.29062178557220164
CGGTTAAGTCGCTTTC-1-NBM-10.138P,0.346394948349694,0.2654485699335353,0.32093059168378735,0.36765315303668195,0.3838033364668334,0.32150460585258145,0.3095387100589745,0.30095275404500665,0.2865665057705974,0.29514248159408135
CCCATACCACTAAGTC-1-NBM-8.138P,0.36056136374434766,0.2731258303392289,0.26423142482792034,0.36253629461028014,0.4084404113977341,0.32826078152635896,0.3128897928424198,0.29986042209348357,0.30705830225894837,0.29804993324746226
ACTGCTCCAGACAAAT-1-NBM-7.138P,0.3468648135627654,0.2588866723790736,0.2905277524125729,0.3555566725001557,0.38374599030040335,0.3205882869312521,0.3109534150318908,0.295953109926076,0.2945115372772626,0.2820935992551508
TGCTACCCAGAAGCAC-1-NBM-10.138P,0.3442883155841956,0.26875798290431235,0.3270729907948423,0.3662861071390732,0.3808469605169831,0.3233058877518777,0.30273988756988013,0.2935240241451565,0.2896891947350396,0.28579665097530954
GTGTGCGTCGTTGCCT-1-NBM-2.138P,0.34314532408760406,0.25761524623631754,0.2797539893274288,0.36331524541754934,0.3821221290266468,0.31848486668679127,0.33808149045376845,0.2936432475398339,0.295814077359996,0.2879428156064558
CCGGGATAGCTTATCG-1-NBM-10.138P,0.3507389536390951,0.28626375665141995,0.2870391488913381,0.36218813261582644,0.38003583367544974,0.3239156383107033,0.2996844030566283,0.2943770083440257,0.2918508402811639,0.2850739750049521
TACTCATGTCAACATC-1-NBM-8.138P,0.36253195587341236,0.2618544453352456,0.24140208894413018,0.35751866905784346,0.4028117661490162,0.31914894028926627,0.32086837424905224,0.30657284305671,0.2900298698720926,0.2937818445687224
TACGGATTCAAGATCC-1-NBM-1.138P,0.3566867629231653,0.260857496026237,0.2853530854992512,0.3769656873780054,0.3707013798660772,0.3676063032369782,0.3296684826079802,0.3118819374024879,0.3261063271250424,0.3124092040524143
TGCTACCAGGGCTCTC-1-NBM-6.138P,0.34764335556111897,0.27352712447380895,0.31426359094366757,0.3559279996674616,0.39492065853592456,0.30814638822922075,0.32443100777848893,0.2961047954673906,0.28905799300587987,0.2943535077307363
GGAGCAAGTACACCGC-1-NBM-1.138P,0.36262421371393105,0.25160182410176307,0.275242147186693,0.37377933185014306,0.38397623867183456,0.3507812322984485,0.3284973352862754,0.2998593158201114,0.31863181452078476,0.2963880020666367
CCTTCGAAGTGTCCAT-1-NBM-2.138P,0.35132806244403614,0.2775554253212535,0.2381566245724234,0.3580307860641971,0.3800058400985111,0.312647082446927,0.31697830169601504,0.2916711732586849,0.2883764967636919,0.2764541504580603
GTGCAGCAGCGTCAAG-1-NBM-8.138P,0.3577674849985633,0.2703032610180526,0.32082023468134657,0.3616788196578304,0.38164130971658766,0.31680758116370666,0.3051165792242227,0.30168723190896507,0.29982653226745976,0.2900554954681333
TGCGCAGTCAGCTGGC-1-NBM-10.138P,0.36523733279973625,0.2705717421767915,0.27489101455464793,0.36681071275935895,0.3896030495567232,0.33116895913430056,0.2992781808315362,0.3079155024668625,0.30798678545335084,0.28545964423270387
TTGGAACCAGCATACT-1-NBM-8.138P,0.3710445165593969,0.262183252707412,0.21337552916816838,0.35299658713569,0.40769148462909616,0.3212137831954951,0.33297993677151666,0.31046616420814405,0.3088097833427667,0.29680937470953195
CTTACCGTCGCCTGAG-1-NBM-2.138P,0.3434155624910797,0.2585529405528081,0.25260690883557835,0.3666750609135494,0.3798944019597339,0.32030588644228974,0.3482852241137357,0.28956762714767215,0.3020020672664532,0.2912469231568606
TACAGTGAGCTGCCCA-1-NBM-4.138P,0.36739229745120094,0.2642624945895291,0.29643912661224614,0.3546547925453517,0.38480619124170584,0.3307483379531837,0.3323311492413589,0.30480576938921555,0.3086079151858237,0.30226135643329655
ACATACGCAGCAGTTT-1-NBM-8.138P,0.3522732954831227,0.2929868412038733,0.31195195449581625,0.36200875145997047,0.39011224226147306,0.3139140619564613,0.30696920129883215,0.29724531974779683,0.29518851508284866,0.28215318747157425
GTGCAGCCAAGAAGAG-1-NBM-7.138P,0.35860834118660995,0.2648402320589876,0.2728416059118023,0.3614994753563027,0.4039662032224305,0.3304472406500969,0.3141704230539364,0.2995321996063573,0.30373017300099014,0.29914086555676617
ATCTGCCGTTGGTAAA-1-NBM-4.138P,0.36081582847910304,0.2689142661947914,0.2601679029897962,0.3712251681209709,0.3932840244525423,0.3251890087815211,0.3362934181443445,0.2929959741534723,0.31010808428508063,0.2983155563793296
GAGCAGACATTACCTT-1-NBM-8.138P,0.3726464546611816,0.26702380862695696,0.23566370352943505,0.35339192278240084,0.4054994390203056,0.31499886961670104,0.3264728735286239,0.30754974148908454,0.29569849737359083,0.30696866807262907
AAATGCCTCCCAAGAT-1-NBM-7.138P,0.3533710132104226,0.2844904600850533,0.26974120470879376,0.35813034609507916,0.3870916522622109,0.3153268071709645,0.3081092084447835,0.29711243157729783,0.2882616550639608,0.28647587128177915
GGTGTTAAGTCCAGGA-1-NBM-11.138P,0.36339411667863675,0.257921263672422,0.33915197804939096,0.3603617258801332,0.3867740859863756,0.316466387537488,0.31483207549345493,0.3098052394922334,0.30275663627142696,0.2845303652357517
GGTGCGTAGCGTAATA-1-NBM-7.138P,0.35044580086475396,0.2919895158795878,0.30958111601129484,0.3625179454668682,0.3879808759737691,0.3147949683971079,0.30537736533757576,0.29541077265155186,0.29243869392228994,0.2828242568231357
CGCCAAGGTGACTACT-1-NBM-10.138P,0.34674868592665536,0.25663283703771855,0.3010248514783756,0.3591659347285288,0.3751264658388566,0.32809898162507445,0.3083499528534817,0.30323104738345613,0.3054024590477229,0.2918095333161154
TGGCTGGGTCCTCCAT-1-NBM-10.138P,0.3614347676157682,0.2720237004405475,0.29850439318474153,0.36500905596963046,0.38392616401025126,0.32281837621006915,0.30605829531157064,0.30090096764067015,0.2984419828231875,0.28873199132485755
AAATGCCAGGGAAACA-1-NBM-7.138P,0.34854562972075886,0.2605907445087853,0.2569365518277661,0.3577007142877762,0.39075190843192326,0.3249336019402897,0.31814228547223417,0.3012845271501541,0.30007467982701463,0.2930902969382223
GCCAAATCATTACCTT-1-NBM-8.138P,0.3451553079606365,0.261919057562578,0.22539995277101826,0.36160412530751795,0.3895811415897423,0.305869069699425,0.34444891134350464,0.2969725595762364,0.29316952552992004,0.2891314572269926
TAGAGCTGTCACTGGC-1-NBM-10.138P,0.36026835143952624,0.26341906187969993,0.2736633328259743,0.3728559357649559,0.4001948089919829,0.33165072280062347,0.32660937700210274,0.3128500467331516,0.30086488684618473,0.29728365580928856
AGTGTCATCACCGTAA-1-NBM-10.138P,0.34452922269515285,0.2660484054276981,0.30232687758481813,0.37017858218095595,0.38950137579242294,0.3241675672495555,0.3108383758086328,0.30167980781510334,0.29864592277636987,0.29346845728724286
CTGCGGATCTTGCCGT-1-NBM-7.138P,0.34929334485873886,0.2594419556345091,0.30422342370459504,0.3559401118351789,0.37310891532859863,0.3182693050514528,0.30703885678008,0.3024430694465174,0.2993309379591683,0.2868666714794422
TGGTTAGAGCGTTGCC-1-NBM-10.138P,0.3596059259835227,0.2696920644600989,0.30143809932954585,0.3662075843408144,0.39344648071836597,0.3213350123544833,0.316287625933313,0.3156177781691327,0.29564846873367306,0.2970721807205281
ATCATCTAGCTAAACA-1-NBM-10.138P,0.3521874642234584,0.27891654999954396,0.30550994115022084,0.3652880104886194,0.38144874241827953,0.32494939982346444,0.29751430999857137,0.30464209312519,0.28730736482779373,0.28637532886513667
CACATTTAGTGAACGC-1-NBM-8.138P,0.3682679654187687,0.2680053066473953,0.24620441845869592,0.3598679506023418,0.41137155023278943,0.32563270153647755,0.32949009652650507,0.30919950582381556,0.30640229708804717,0.2908282038255962
TAAGAGAAGAGCCCAA-1-NBM-10.138P,0.34866195286605406,0.2667893394308988,0.29347810533505575,0.3589859715660377,0.379274195318031,0.3163921686484704,0.30324636252138,0.29766270134471295,0.29334462753494556,0.284745065635287
TCAGCTCAGGGCATGT-1-NBM-7.138P,0.38322534211297493,0.25815573333743175,0.3019710412829955,0.3564320928991679,0.39996199716545255,0.3242778532603934,0.3334749396711404,0.314664903214411,0.304102405870415,0.3163337464984094
GCTGCGAAGTGGAGAA-1-NBM-1.138P,0.36376666868935753,0.2580718415177156,0.300213639665609,0.3688973515461062,0.38537955823595926,0.3368373657444721,0.31857645760380265,0.30191265241789944,0.29793750846010636,0.2862057285852779
CACAGTAGTGTTTGTG-1-NBM-7.138P,0.38113693874882776,0.26137156760784336,0.37338186144422647,0.35238611613090176,0.4034314506699959,0.309492672317163,0.3538357132579252,0.32716020283122865,0.32492510824472437,0.33361911729591454
TACGGTACAATAAGCA-1-NBM-8.138P,0.3699396372766719,0.2815145010486539,0.19128633144139676,0.35989464121294307,0.4126014530561795,0.32641103019859635,0.32962464471793457,0.3094632615567216,0.30880939121243095,0.2880367229441096
ACACCCTAGAGCTGCA-1-NBM-2.138P,0.344092937752178,0.26800572483630586,0.25353851566371866,0.3734321347982397,0.3930516071221785,0.31873989202571157,0.3517356359231998,0.29970461019577044,0.31752966933168547,0.30631109895488196
CTGGTCTAGACTAGAT-1-NBM-7.138P,0.3611548037999687,0.26330196531116656,0.26732760226876456,0.36454879927948847,0.40032058219703,0.3341861193970257,0.3147916596000319,0.3042321860161209,0.30568979444848143,0.29707910961658196
TGCCAAACAAGTCATC-1-NBM-8.138P,0.3836150252103833,0.27013333738417045,0.25488844659428883,0.35670317480299746,0.4314483229789889,0.31549788358481173,0.3427723168206754,0.31854847471131575,0.31240985608962285,0.3099596134747213
GCGAGAAAGACAATAC-1-NBM-1.138P,0.3652241158109643,0.2592141271984264,0.25258280033941316,0.37892174465088035,0.3806330220827689,0.3652014756956562,0.3217909057847319,0.3079551175426854,0.3079779604940656,0.28900815570564464
CTGAAACGTTCGAATC-1-NBM-10.138P,0.36195930364712314,0.272065553183347,0.28248617942144216,0.36276036147628177,0.3950960014047232,0.3174832868166924,0.3164726935698569,0.31698989534467403,0.30102857751618217,0.29869000696686077
CTCGAGGCACATCTTT-1-NBM-7.138P,0.3508870843132553,0.2666934203127052,0.2736389806020738,0.3541275646976889,0.37633687673006483,0.33596018620033413,0.30248126676713905,0.3110224382494094,0.3008366981912687,0.2952905056470351
GCGCAGTTCAGCACAT-1-NBM-7.138P,0.35427167165131274,0.25997014067799074,0.2784275658396991,0.35944268184893324,0.38541361648274963,0.3154189057368634,0.3141504290912868,0.30561111368496735,0.28854909820331515,0.292929487260063
GTAACTGAGTTAGCGG-1-NBM-1.138P,0.3621694498941777,0.2671108767350058,0.26515705983352816,0.3731252556926113,0.39868610412001915,0.3466563013542034,0.32972082124317986,0.301066829596148,0.30391668814053935,0.29516839407096845
TTAGGCAGTCGGCACT-1-NBM-10.138P,0.35725214075504597,0.2621630891958903,0.3031819556089422,0.3682473478964949,0.3884985970308056,0.3236452616576893,0.31496976677941485,0.3150932977018641,0.29851060968038295,0.2870466127838228
TACTTGTTCCTCAATT-1-NBM-6.138P,0.3589688049891477,0.2567234427622905,0.20777514788951607,0.3553514410788965,0.38674407282112505,0.3274577876043803,0.33680271114190435,0.3109257563997668,0.3057143055671385,0.31047871696825285
TCTGAGACACTACAGT-1-NBM-10.138P,0.34711807358307534,0.2614343111618823,0.27306612665709984,0.3579568269691162,0.38499215048580143,0.3290122440963703,0.31248761299050337,0.3023340143380092,0.2918770350150998,0.28123809398457444
TAAGCGTTCTAGAGTC-1-NBM-10.138P,0.34944381692062215,0.2658715097352714,0.3009536337867839,0.3676761604330243,0.3866288902682874,0.32091325586414826,0.3136316317482186,0.2972421161163096,0.28700632381695385,0.2869881033458708
GTTACAGCACTTAACG-1-NBM-10.138P,0.3538653116123121,0.2680215106873404,0.36882326448852476,0.3728105204232016,0.38573343156982753,0.3135628915982789,0.31083672731979256,0.31548655024001626,0.30947635024379194,0.288661457361018
GACTGCGAGCGTGAGT-1-NBM-7.138P,0.3561531088098585,0.26384873417505306,0.23835355239217315,0.34837180889766634,0.38594612319761723,0.3284448904535371,0.3176838741087921,0.31377981112309056,0.30345192849019426,0.3008454526663148
CGTAGGCGTGCCTTGG-1-NBM-2.138P,0.3575317912045994,0.2550252177034186,0.2517292921445981,0.3645840386044871,0.38822572464974625,0.31817466226087976,0.32823066639458964,0.3007288031227336,0.30306176872110047,0.28907157474931094
TGGCGCAAGCTGCGAA-1-NBM-8.138P,0.3710569339105181,0.27294831880820913,0.2024519313027099,0.353328367089518,0.4213505926872943,0.3264460731486755,0.3293442186206841,0.3089943629150752,0.30849739291255196,0.30696104996495865
ACCAGTATCAAGATCC-1-NBM-8.138P,0.37520327616610166,0.2784548260849499,0.2557980214179506,0.36311048677856,0.3985048012836175,0.32358387737666905,0.31114891366332725,0.305505674887135,0.3060337020629347,0.2837589324364014
TTAGGCATCACGCGGT-1-NBM-8.138P,0.3537932626971515,0.26634141572055114,0.29218220771795556,0.3614779668404685,0.38928133275150695,0.317587226285251,0.3178891046959799,0.29943910239561855,0.287021340369935,0.28677740183737765
CAGGTGCGTTAAGTAG-1-NBM-6.138P,0.3562928666954304,0.25926848743664055,0.2531160344065775,0.355086294293608,0.3936994863655245,0.3148172279277088,0.3241968638466154,0.3057365197912448,0.3006161834249645,0.30294559224504664
AGGGATGAGATAGCAT-1-NBM-11.138P,0.36654686451264384,0.27684382455082707,0.3437989770869272,0.3558440194890772,0.3927122205014141,0.32117194808883004,0.30614281830337897,0.3052309479456494,0.28963321632108047,0.29339514886836493
CGTGTCTCATAAAGGT-1-NBM-8.138P,0.3615956327908635,0.26800365748258437,0.23783836502761052,0.35290936467858663,0.4097497537914837,0.319530554997847,0.3194255083340387,0.3015429869197267,0.29718448158477906,0.28284962627030774
CAAGTTGTCACTTACT-1-NBM-11.138P,0.36595801088127217,0.27332214740313765,0.35345420757335516,0.35502932427813966,0.3928055365884627,0.31654313787907606,0.3088737905328461,0.3116733340347705,0.29270976131163123,0.30677611595785753
CATTATCAGCACGCCT-1-NBM-7.138P,0.35410688140171076,0.27352901884226133,0.3155816985089026,0.3556436315078829,0.38088719529474035,0.31734043356634056,0.3060477029964488,0.29766121032537535,0.2888679929861507,0.2789470083783958
TATCAGGCACATTAGC-1-NBM-10.138P,0.3698196203093278,0.26874083071245025,0.3103487567443864,0.3654026893414508,0.39700739088514797,0.33119409679658035,0.3219911213475075,0.317951388847157,0.3127036098816915,0.29082019212645
CGCGTTTAGGAGTTGC-1-NBM-7.138P,0.36130184883217226,0.260137122068314,0.25071029762646085,0.3559005029364224,0.3936342036489416,0.32880688185850887,0.32029456870967565,0.2975495760142548,0.29670075183630307,0.2954928922901879
CTGTGCTGTATGAAAC-1-NBM-2.138P,0.34990827526612184,0.26717044918185795,0.319937918651211,0.35977815356119014,0.3800923343478984,0.32001443285368325,0.3244337356587053,0.29097282429724314,0.2847667259760149,0.2819977546951066
TTTCCTCAGGCTCTTA-1-NBM-8.138P,0.3698973165253789,0.2568979740586325,0.25300831022769865,0.35303718660874933,0.4100160884774575,0.3190988421999568,0.32914512915427885,0.30980231650526835,0.29668897713610903,0.2967741940935054
CACACTCCATTCGACA-1-NBM-1.138P,0.36192209989991486,0.26298357587383475,0.30369497568161435,0.38021300679458836,0.3797091383967471,0.3617576161109517,0.3261815797605135,0.2990831364450411,0.3239974259068331,0.29362349180403735
TACCTATCAAACCTAC-1-NBM-10.138P,0.3429058953562476,0.2650268119603035,0.3273739098445322,0.36707890390566394,0.38124354627203344,0.3173278208790557,0.3065170013749221,0.2979641737462632,0.28563558787066334,0.2804239581535642
CACACCTGTGGCGAAT-1-NBM-10.138P,0.35003849783530505,0.2619576719801791,0.31903265650894796,0.3659852870814297,0.38244047293538586,0.31829561341665547,0.308335398468985,0.30710140359534294,0.2927656121219834,0.29101040310638465
GCTCCTATCACATAGC-1-NBM-6.138P,0.34992976701057965,0.26515426808113385,0.28965936268195785,0.3604718312391305,0.39270727653375037,0.3247612764289907,0.32093417799825397,0.302665825625655,0.29472272743847233,0.2938128041050696
GTGCGGTGTAAAGTCA-1-NBM-1.138P,0.3432507372466677,0.2551882703425316,0.34521588682199916,0.37340918585038746,0.38222925528539936,0.33576000884473756,0.3245842341003336,0.29373474927279725,0.29216375598329886,0.2988883452291773
GATGAAACACTGAAGG-1-NBM-7.138P,0.3610095949080865,0.2718313717376151,0.3136679724816543,0.3654889209525874,0.38727710274701743,0.32113626844913185,0.310823549166368,0.31402753784665766,0.2902914219588407,0.283561339423243
AACGTTGTCGGCGCTA-1-NBM-8.138P,0.35805865278773286,0.2750246850965544,0.28699770328748214,0.3628707327945963,0.4041698937820208,0.32251328370206317,0.32567473111594636,0.3059213550922922,0.29654453341191456,0.29498968094607053
CATGACATCGCCTGAG-1-NBM-10.138P,0.360685434999623,0.266847222311312,0.25229577971890826,0.36235723844727286,0.37998327777023094,0.32663053182874374,0.301220251382143,0.30301960200190664,0.3099646693754969,0.299591702513942
CGGGTCACACGACGAA-1-NBM-10.138P,0.35844397363160213,0.267324000440354,0.2805539075055353,0.3644850050824018,0.3864611654080897,0.3301583793172496,0.29677545705209246,0.30338503849479737,0.3023603792686773,0.2868878304163722
AGGGATGGTCGCGAAA-1-NBM-8.138P,0.3708031057921371,0.2723466396394009,0.22899228979985198,0.3563425318276054,0.4242826544994209,0.31508822848302753,0.33348714302617233,0.31412909512759757,0.3046166249899418,0.30533014683555054
TGAGCATAGGAGTTTA-1-NBM-8.138P,0.3661847247985546,0.25704369463827653,0.27457773794267476,0.36083410959756024,0.39907226594413137,0.3399970739311805,0.3263505144784904,0.3061371121444044,0.31127699603361725,0.28841819311086864
CTGATAGGTATCTGCA-1-NBM-11.138P,0.3507103646155173,0.26012211382556727,0.29043905424747724,0.3540600455827314,0.38803218765605174,0.31868267690628255,0.31618559959655074,0.29472393668590124,0.29023183887419657,0.2819449774531946
TGAGGGACAGACTCGC-1-NBM-8.138P,0.3709888944909107,0.2675337856774483,0.23854125641478105,0.3596616057956231,0.4136151293645616,0.3254603180796934,0.33463498883011117,0.3125937702197407,0.3048662955009882,0.2913877605533659
GTGAAGGCATACTACG-1-NBM-8.138P,0.3739018392222536,0.2692435936113846,0.21795177743897323,0.35349602714970674,0.4156282307255789,0.3184048209445663,0.3292029442873885,0.3111194482000372,0.3036867957647317,0.29430637954984007
TAAGAGATCGGACAAG-1-NBM-11.138P,0.3410786932744637,0.2519504171568308,0.34872026621102803,0.36881261987440106,0.38078337420827013,0.3322633165566335,0.31285836480975554,0.2998260212073926,0.2940722891878745,0.302945426530912
GGTGAAGGTCTTCGTC-1-NBM-1.138P,0.37216199495153945,0.2699027894624745,0.29005759435843204,0.39157172724404266,0.38147785953381486,0.37623917315040706,0.33749654489536024,0.30373462701164655,0.33039808429211354,0.2954744505635871
AGCGGTCTCACAATGC-1-NBM-1.138P,0.35635482035824295,0.24934813047225465,0.27110469597902703,0.37408473181286617,0.3833936086734594,0.3324575634776091,0.33569882001065493,0.29724179284049473,0.2956273047389587,0.2843819907180839
TAGTGGTCAGCCTATA-1-NBM-6.138P,0.3629665672842414,0.2663668615640008,0.30253417272150657,0.3637747671840094,0.3963416736612439,0.31773154452687863,0.3229982088465091,0.3017557629629688,0.29374269597301395,0.2878291405644511
GGAACTTAGTGAATTG-1-NBM-8.138P,0.35880162935940696,0.262177984913053,0.26651945809870403,0.3615335726027879,0.40089520099241993,0.3215935919219484,0.316971365027702,0.3088370289909019,0.2906847183977556,0.2868267191909591
GGAACTTGTTTGGCGC-1-NBM-10.138P,0.34013538007053934,0.2585649821500144,0.2876038507432454,0.3601369401924633,0.3783032736428447,0.32853616316611867,0.30721811123295256,0.2983361177110992,0.2922490251681007,0.27804855831495157
CTCGGGACAAATTGCC-1-NBM-11.138P,0.35281115986442274,0.2550928295039574,0.19118462897548133,0.34708795836108847,0.3736914528555944,0.322107109948726,0.2954383892498468,0.3111182216837079,0.3084668480613094,0.3054884364476098
TCGTACCGTGTAAGTA-1-NBM-2.138P,0.34636214239306057,0.26188601127905553,0.22992936587888585,0.37023265535324595,0.391097753014709,0.31857539708702737,0.3537285557815856,0.3046495442686786,0.32419353959086944,0.30254215099112935
ACGGGCTCACTGCCAG-1-NBM-10.138P,0.3578468354048246,0.2573676377978063,0.28485417040723354,0.3627119261156175,0.3905323648890919,0.33176409422497577,0.3137701198388808,0.30518538705079845,0.29413830604463487,0.2904968755647004
AACTCCCCACGGTGTC-1-NBM-6.138P,0.3571590087342926,0.2701873482972102,0.33321089006226057,0.36277905899626,0.38853092291600855,0.32186932432323767,0.31885043407313013,0.299265402044079,0.28714274584061616,0.29549880880127694
TTCGGTCGTCTCATCC-1-NBM-10.138P,0.35336780169196613,0.2679223538002845,0.29092939608372853,0.3689239773213599,0.39254763157642186,0.3178653341161843,0.3192109147609675,0.30484317107832853,0.2990420677741306,0.28681679549008604
ACTGATGTCATGTCTT-1-NBM-2.138P,0.34413756809224333,0.2691851273060973,0.2737227338010181,0.3576986762707904,0.3878079638891823,0.31139140045995667,0.3210480306523764,0.3025333027972036,0.28883171279782843,0.28051562827208626
TTGTAGGAGCTGAAAT-1-NBM-11.138P,0.3585932781233538,0.27241985885638986,0.30332771190355695,0.3656045918876603,0.39015970507190645,0.32256817897739337,0.310535527041669,0.310806116762369,0.2869667386023478,0.29010323432485574
GTACTCCTCGATAGAA-1-NBM-2.138P,0.3530304735165438,0.2707355052450521,0.28055985846837916,0.36274140028143914,0.3893515308260292,0.30684881226212735,0.3670240919175323,0.30630207202041293,0.3146392689250604,0.3114012107958411
CGTCTACTCCCAGGTG-1-NBM-1.138P,0.3685585135113548,0.2729874628442266,0.31744372239923574,0.3926728806199933,0.3866203813758061,0.37342109936535345,0.3368828471898678,0.3029522855570453,0.32198290081762265,0.2975696249784652
CCTTCCCTCTTGTATC-1-NBM-11.138P,0.36407530250920334,0.2757900244127926,0.3273775902452425,0.354999230277537,0.38661636172100045,0.3287817791140774,0.30259476981501854,0.30023039765627585,0.2868448925435573,0.2889355577995332
CTACATTTCGCCGTGA-1-NBM-4.138P,0.36497254125280115,0.2677334609621396,0.3142339944767525,0.36382717599679887,0.39612125259439945,0.31787873519607296,0.3264493938530422,0.3049102985328625,0.296012152306649,0.29287877286373387
CTAGTGAGTTGAACTC-1-NBM-11.138P,0.34152133071154805,0.25721365116147277,0.30091428276517934,0.36796035154767154,0.39082797588989965,0.3273479122251534,0.31341233886657177,0.30456475742101496,0.2826497753741643,0.28826328027951054
GCGCAGTGTAGGAGTC-1-NBM-10.138P,0.34367271034149305,0.2678319587236135,0.3152502687279684,0.36647146236614003,0.3798950748454771,0.32054574924996715,0.3016079700629463,0.29271456145956526,0.2879426316048332,0.2852909165597158
TGGCTGGTCCTTCAAT-1-NBM-7.138P,0.36114694093747796,0.26807372391321616,0.2734345992307107,0.3606928156306823,0.38944863176734373,0.3194259741601616,0.31476187020023894,0.3076211734100091,0.2867969279767924,0.28398044877611806
CGTTCTGTCGCATGGC-1-NBM-7.138P,0.3488001659782853,0.30285082102281663,0.3017117239887526,0.36312094406245315,0.3857230723035953,0.31831795469076757,0.3040200587345665,0.2964324299812097,0.29162815937621106,0.28062222559693223
ATTACTCAGCGGCTTC-1-NBM-6.138P,0.3756743783556811,0.2689565783475459,0.27179381349778614,0.3604350387473259,0.3984050584617993,0.3389792148643373,0.3253371460891207,0.30347476456583233,0.3217284955128667,0.307862078646728
GACCAATGTCTCAACA-1-NBM-6.138P,0.37137597140391726,0.26469441431545565,0.26865411833820013,0.35847455198025285,0.39769557336015215,0.3344745925586964,0.32256466243214393,0.2960633184767226,0.31273515492752485,0.30796443289949277
CTTACCGTCAGCCTAA-1-NBM-1.138P,0.37500836027160467,0.26074787795578197,0.26048850311681987,0.38574401395571384,0.38137426483799325,0.3700414652020102,0.3314947838382032,0.3049069501311857,0.32804040766288284,0.2963231489884728
TCGTACCAGCGTCTAT-1-NBM-8.138P,0.3568763228742764,0.2741732326185778,0.2562699512947046,0.3611914418419599,0.3962970971759692,0.3230769399840289,0.3040298316463066,0.29946822986175425,0.29082395954872436,0.2864942992783848
TGACTTTTCGGCCGAT-1-NBM-1.138P,0.34203591751656337,0.26910381931505356,0.23503685702561275,0.37862935300623934,0.3751375111408774,0.3378542935954293,0.3383708430072119,0.2986274642046564,0.2976195657298856,0.2838500014283889
AGCCTAAGTGGCAAAC-1-NBM-8.138P,0.3655962509008973,0.25556145410165837,0.2423212050466113,0.35912749691100154,0.4106910295884669,0.3258653692145939,0.3389378488373488,0.3196033566740909,0.3085327402587484,0.3220793626722195
TCTATTGTCTGTACGA-1-NBM-6.138P,0.3654917843490026,0.26462672590634756,0.3098505632684361,0.3619985757612153,0.39299603925592624,0.3225352953082399,0.3245469467651129,0.2987557418570517,0.2948318406315143,0.29893375058891775
TCAGATGAGAGGACGG-1-NBM-8.138P,0.3551497644742336,0.27710268657999926,0.22578230445879102,0.35958495295730114,0.39821938679097696,0.32497232237572266,0.303790031264041,0.2934880525023892,0.29094136776905327,0.2819330555781042
TGCACCTAGCGCTTAT-1-NBM-11.138P,0.3496568103744433,0.30959959591639485,0.276998721918428,0.3629709362711467,0.3833469213119613,0.318889356627872,0.30488677563906963,0.30079059956735094,0.2885684219249462,0.2761487948826376
TCGGGACAGGATATAC-1-NBM-1.138P,0.3592391674141924,0.26636849861348394,0.20088840503709332,0.36406584767726163,0.40361098292678355,0.32299928271751954,0.3356018587755496,0.3007861865412685,0.30725415690736646,0.29175538960915787
GCATGTACAGTATAAG-1-NBM-10.138P,0.35312664661012316,0.2637411139413863,0.26374574374925513,0.36231127834761423,0.37887811834844926,0.3279487006517315,0.3186676306258125,0.30039949826705503,0.30425989401712367,0.28857480864115187
TGACGGCCACAGCGTC-1-NBM-11.138P,0.3575631208810083,0.2791706459948835,0.3167724784403112,0.3596923573497908,0.38920064882224514,0.32918854147932436,0.3171996078858402,0.2999788157194422,0.30527682947052176,0.2896011169256529
TTCTCAACAAAGTCAA-1-NBM-8.138P,0.3546490762848468,0.2571030159529057,0.2433885201048181,0.3501849481440992,0.3883109872626203,0.33279234555537324,0.32415142301310707,0.30308996171121855,0.30081731015249713,0.2987628384637896
CCCTCCTAGTGTTGAA-1-NBM-8.138P,0.3719321249562021,0.26749510794925724,0.24059679921634874,0.35313448604233666,0.40442519987420644,0.3135052140279197,0.32660151964745937,0.3107863045701455,0.2942141048365618,0.3042638859468459
GCTGGGTCAGTCTTCC-1-NBM-6.138P,0.3538919257765285,0.2696259252287912,0.2814354582435914,0.35957238615933246,0.3952782161643787,0.3198669852782524,0.31568249820662236,0.3017281137886778,0.2936075045131812,0.29392601749827
AACGTTGAGACAATAC-1-NBM-10.138P,0.36163494408284336,0.27251034569474186,0.30360360120553737,0.36416971474975374,0.3868121847400335,0.31928666085261226,0.3096661678204963,0.31569347692925515,0.29263374414088344,0.2939625610901892
AAACGGGCAATTCCTT-1-NBM-11.138P,0.3471236105047471,0.273082476160152,0.34282944813566346,0.36091011634518166,0.3750363857950716,0.31732003145843546,0.3071393366473378,0.29372196144659024,0.288307521545209,0.2711038720452856
ACATACGCATGCCTTC-1-NBM-8.138P,0.3767673281124644,0.2753145853841246,0.2421814591425968,0.3531886042453319,0.4133386588441108,0.31336473293262046,0.33285706934523307,0.31339010747581525,0.3028908369695753,0.29759151037246007
GTAGGCCGTATATCCG-1-NBM-8.138P,0.36922088682532717,0.2719957595867122,0.2250166078731053,0.3564995513907573,0.41320137755316644,0.3162841266548315,0.33662813927755875,0.3130784624431555,0.30019351128906074,0.29968935967483523
TAGCCGGGTTAGGGTG-1-NBM-7.138P,0.3446730725609684,0.2579418391675627,0.266233032866112,0.35772037614997165,0.38622260517774515,0.32263278062000306,0.31085869770490393,0.29559223391832873,0.29340467721371916,0.2763925120296573
TACTCATGTCGCATCG-1-NBM-8.138P,0.3734367906617153,0.26847923715917205,0.23568095919110266,0.3559332514526675,0.4252244112106442,0.32915756498708804,0.3303342170108644,0.31492045466361657,0.31051075859786087,0.32566057894558303
AAGGTTCGTTGGACCC-1-NBM-10.138P,0.3603891223392488,0.27981908010742373,0.2830611820038551,0.36864834046696876,0.3899290958146718,0.3045041058367559,0.3216177212257949,0.3055951437826231,0.31410012453313524,0.2939282033404768
GAATAAGGTGCGGTAA-1-NBM-10.138P,0.34394442285162574,0.2579644020896851,0.3101351676735839,0.36675680729146076,0.38089037717173657,0.3178913628752669,0.3046768478972198,0.29980099715279923,0.29329000901205626,0.2904304068606423
GTGGGTCAGGGAGTAA-1-NBM-10.138P,0.34066716371428574,0.26421795587433844,0.30885202012867485,0.3719606969829795,0.3811383867870169,0.31786349953880483,0.31247889042108,0.29700021288875345,0.29626373673516887,0.28880610064001205
TAGCCGGGTATGGTTC-1-NBM-10.138P,0.37482168232461227,0.2622044957519796,0.28427265179832717,0.3556656915647058,0.4013367133947923,0.316443786196994,0.3367471222527951,0.3151041112908613,0.31234560537055045,0.30981953651112437
GTGCTTCTCTATGTGG-1-NBM-10.138P,0.34813780856902843,0.2626235636274146,0.24716566006535878,0.35649192485051406,0.38605533812757414,0.31934271091292343,0.31559687911077744,0.3091740947529166,0.2987591655921741,0.29959946707299095
TTTGGTTCAGCCAATT-1-NBM-10.138P,0.34620801466757856,0.26489027006317883,0.3164202716919713,0.37058431515992013,0.3856722799443772,0.3223731107322674,0.31109672576808267,0.29944344339889895,0.3018842777603457,0.2926434788100108
GTCACAAAGGAGTTTA-1-NBM-8.138P,0.35343209084179833,0.25897064776906686,0.21764308951279351,0.3569135646924621,0.39322408652442803,0.3096619579454024,0.32297132309473425,0.2957021595968993,0.29029399879597545,0.283225350068633
CTCGAGGAGAACTCGG-1-NBM-8.138P,0.35573657907850914,0.2753692478632608,0.2900998662957212,0.3611413943963338,0.4000706641375516,0.3214763904533264,0.3154196740499755,0.30786406882155015,0.3003798729270655,0.29265688944140283
CGGCTAGTCAGCTCTC-1-NBM-11.138P,0.35597002975005154,0.2739029401127908,0.31976020494896734,0.361200305423631,0.3859920743563536,0.313468690154745,0.32473170519115074,0.2990723218356518,0.28912582556586064,0.28269144906801014
ACGTCAAGTGCAACTT-1-NBM-10.138P,0.3614187365782785,0.2722576419370389,0.3135353568489974,0.36618049756090604,0.3881094096151795,0.3213019730977243,0.3107461940366533,0.31563800612421355,0.2924350793071642,0.28578010173881585
TTAGTTCGTCTCCACT-1-NBM-10.138P,0.3514026600906905,0.2669407407674551,0.2990897610851296,0.36770423361211546,0.39494522521358855,0.3235178884181631,0.3129850194086811,0.3199581745260933,0.3052237472666267,0.2850809331005562
TGACAACGTCTGCCAG-1-NBM-11.138P,0.3546197405628231,0.2940287251614083,0.30506228549243564,0.3645707235980734,0.39593659785405116,0.3208597929135166,0.31754520201117903,0.29694824360643857,0.2862023436801443,0.28491622749308027
CTACACCAGAATTGTG-1-NBM-2.138P,0.35846084961630664,0.26361233065855855,0.2919815273380076,0.3584245161130623,0.38150548588780664,0.3225187102829639,0.31748032220267813,0.29989024476954096,0.2985872172692571,0.2914335189246165
GACGGCTGTCGCTTCT-1-NBM-8.138P,0.3655260584395135,0.26740503882975014,0.23326150768465384,0.3520470362320096,0.4110348329599783,0.31713807875177963,0.32440812156663823,0.3054799370514691,0.2976644426509833,0.2834767242092598
GACGTTAAGATTACCC-1-NBM-11.138P,0.35891774656034425,0.27542792878903655,0.2966873490935808,0.35481316468119056,0.38405586687768756,0.3270267153772962,0.2967038084677111,0.30212396799500474,0.29446127310404613,0.28005994900479847
CGTCACTGTGATGTGG-1-NBM-7.138P,0.3590624177311688,0.2753005692805797,0.2796521137297827,0.35831080626348466,0.3857423179196394,0.3130769923577071,0.3099241750737485,0.3047295165132414,0.2875355676824209,0.290208131454918
CAAGTTGTCAAGGTAA-1-NBM-10.138P,0.35973958738884804,0.26483111540080834,0.29550634455326885,0.36930820086353566,0.39415562268552135,0.32710123713180167,0.3216613144387729,0.3141596748116321,0.29983143836363463,0.28643022981418703
CTTCTCTCAAGACGTG-1-NBM-10.138P,0.355345992247066,0.2580394644608411,0.33938622196082335,0.37005379802128124,0.384394793580748,0.31387075791712915,0.3122105829672941,0.3137182205401157,0.30384359329934885,0.2846092542661454
GTGCAGCAGGGCTTCC-1-NBM-2.138P,0.34429517462355774,0.26052559695572536,0.22132637508185923,0.3696831317110647,0.3855971503800003,0.31512496809507884,0.34051654546003046,0.2950209916853981,0.29905287254218826,0.28652700218824745
GGAACTTCACATAACC-1-NBM-8.138P,0.3617893239142522,0.27999792986174277,0.22157543439714159,0.35862748060331534,0.4133959458997289,0.323059645198015,0.31879906931572527,0.3024805959141917,0.2977850441147199,0.29046770623197743
CGTGAGCGTCTCCATC-1-NBM-11.138P,0.3511930244330691,0.26482822600415046,0.28532133764935885,0.3638281330820817,0.39175872696224256,0.32445837317615067,0.30977194854886814,0.31685344869764964,0.30831307515149053,0.2849237149188
GTGTGCGGTTGTGGAG-1-NBM-10.138P,0.3634874825415082,0.27548627987545854,0.28788019015968763,0.36905926239613723,0.3935154136956862,0.33423073569405876,0.3025572495866323,0.3141283182865465,0.30270337895263305,0.2871403752522117
CGTGAGCTCGGACAAG-1-NBM-2.138P,0.33799882375855356,0.26307585852455906,0.2515354772043019,0.36678070633183946,0.37942017893365243,0.3122957193475746,0.3330182563327794,0.29335036583004154,0.2846674126854975,0.2880591537628573
CACATTTGTTTGTTGG-1-NBM-7.138P,0.3839905243064412,0.26817649735935284,0.24110186555954627,0.35824144256698,0.4171531406402423,0.3281526142816987,0.33075401761316686,0.3158949475834755,0.31644396967679356,0.3088444935398046
ATCCACCTCCTTTCGG-1-NBM-10.138P,0.3533660091544045,0.2678031394774332,0.26812306167950767,0.36340120410552246,0.3895502316135746,0.3249296534311318,0.31514008933958665,0.3078398753330843,0.29656113212313623,0.2861226934318371
AGGGATGTCTGCGTAA-1-NBM-2.138P,0.3365539758987528,0.25729102371585894,0.26457912015542767,0.3649697900710528,0.38104915623361235,0.3157587286597064,0.35335133288242665,0.29149510556588065,0.30079364332136255,0.29780600033531773
AACTCTTCAATGGTCT-1-NBM-10.138P,0.3519598039229385,0.2661015630251429,0.2817077919204674,0.36319233672012413,0.38075773821792636,0.3273498411336026,0.3098188959711754,0.3058156848755393,0.3044898333518713,0.2812209851755088
CGGACACCAGACAAAT-1-NBM-2.138P,0.346985961084068,0.26874938887172206,0.24654323100490086,0.3720538411539406,0.39418077182094235,0.3249593801402224,0.3530882763022365,0.3047785465896409,0.3156663986539353,0.30998626814764085
TTTCCTCCAGTTTACG-1-NBM-10.138P,0.34410092426933037,0.25865888087572597,0.32935145674188454,0.3666862241055075,0.3870734088826364,0.3186686705347384,0.31576588378916653,0.30831339035497984,0.30101613115842024,0.29781776183072733
AGTGAGGCAAACCTAC-1-NBM-6.138P,0.3603922980331654,0.27524623204446236,0.26608242284410993,0.3572133546763305,0.39396051460131576,0.32594889373142244,0.30339490072026254,0.29559784259470634,0.30616828555424064,0.2934803928666209
CGCTATCGTCCCGACA-1-NBM-7.138P,0.35937900660255256,0.2742893212426527,0.27945585079501684,0.3584935787285979,0.39098281487753433,0.3258503164426222,0.30815127052675617,0.3045363507031238,0.29504695575544976,0.2846275339957128
CACATTTCATCCCATC-1-NBM-6.138P,0.3530744085506102,0.26002182611470936,0.24741232589601622,0.35498815268418626,0.388392431306559,0.3188485713438046,0.3139216833760523,0.29346548815679074,0.2875285395117982,0.2886742299149608
TACTCATCAGGGAGAG-1-NBM-1.138P,0.36490684069981316,0.24888205087746013,0.23763505597676893,0.37203152163145553,0.38213306547773623,0.34417953132590423,0.33221716347673563,0.3030977769213718,0.3135087091049033,0.29168259598312457
AGTGAGGTCCTATTCA-1-NBM-7.138P,0.35643215522648103,0.28373269388100764,0.26220168382023357,0.3595920980406032,0.3836409317606296,0.3203777191911276,0.31064327379007006,0.2934565471498222,0.2867341742976697,0.27358523421469805
CAACCTCAGTCAAGGC-1-NBM-8.138P,0.37493013095201433,0.26622194680019257,0.1898943541756933,0.3572580559560517,0.41692571348007057,0.31426936827638857,0.33725552737480813,0.310508627814446,0.31533460882888403,0.3050585891187972
GCAAACTAGTGTTTGC-1-NBM-8.138P,0.356767341102075,0.26935252731623327,0.22405801287730465,0.3532924424124504,0.4083071909140193,0.3239684921486652,0.3243435405482334,0.299501664494784,0.2964336145710856,0.2957143227279233
CCCAATCAGTTAACGA-1-NBM-2.138P,0.3636483317422738,0.25355190579072495,0.2529080856158847,0.3565436178822217,0.3825072766180102,0.3266551622967564,0.3318064191411989,0.31664721572520466,0.30734934231487576,0.3016813429585883
TGTGGTATCAAACGGG-1-NBM-11.138P,0.34728719551037107,0.2755601962464123,0.2556015838210606,0.3549810497873835,0.3822276738239486,0.31066566997626366,0.31067341898809336,0.2998240122709249,0.2827649048474387,0.27810945219454664
CACCACTGTCCAACTA-1-NBM-10.138P,0.35745057489145626,0.26699636010210287,0.285684515142477,0.36632858049808426,0.3849707937028866,0.3214442866491287,0.31285644631210174,0.31489641844951355,0.29498040290547545,0.29421427433636843
CGTTAGAGTCATGCCG-1-NBM-2.138P,0.35432681950837785,0.25307855716525557,0.19677533306030726,0.3703999211337723,0.38318315780007234,0.32366279260111286,0.34442881613832294,0.3037466902943473,0.31718786973499147,0.28685682528200673
CATCGGGTCTGTTGAG-1-NBM-7.138P,0.34410667564613434,0.2633671224195074,0.30457032406247503,0.3701140531204518,0.3867757927484627,0.3255060800786807,0.3086014564619094,0.3006725056693591,0.29791646437043073,0.2928827987193942
TCTGGAATCTTCTGGC-1-NBM-8.138P,0.35766389747739347,0.26858213576278195,0.3194748809096577,0.36632591216078403,0.3863734002062473,0.32259670157484605,0.31229205388193354,0.2989849134746286,0.28788770607784947,0.2909609744799071
TTCTACAGTGATGTCT-1-NBM-8.138P,0.3816800999872825,0.27459234976327035,0.20946279091896253,0.355186984747316,0.42211493612348905,0.32302717264930053,0.3324946072629161,0.3143031696556356,0.31555484466524814,0.3017906207236625
ACGTCAAGTAATCGTC-1-NBM-6.138P,0.36534586397193597,0.26204464009916195,0.26442686745816185,0.3527495692381651,0.389458012446092,0.3190783690579758,0.31909743159049203,0.30731830611333577,0.3011226738062482,0.2925154896105467
ATTACTCAGCCCAATT-1-NBM-10.138P,0.3497249305217481,0.2638569502166292,0.3501900433751941,0.37129226841981655,0.38433997937686065,0.3185198938510548,0.31380473143250254,0.29942174603051797,0.28859377302117595,0.28885107624981066
TAAGAGACAATAACGA-1-NBM-10.138P,0.3571180887437364,0.26017003177293774,0.3321405387377595,0.3696708102702501,0.3886070710825176,0.32406785405585836,0.3164274778282104,0.3134583247327222,0.3019245004690669,0.2941914365418053
CACATAGCACGGCGTT-1-NBM-10.138P,0.357528178707759,0.27970782904482955,0.339187310257595,0.3686331849979447,0.38914978988082505,0.33014450268391404,0.30158775952969824,0.3081512639718064,0.2966130563467275,0.29173345403743317
CCCATACGTAGCTAAA-1-NBM-1.138P,0.35633546491712076,0.26136957493628127,0.3106157429490007,0.38198404272268055,0.3762912528407851,0.34803024663433674,0.32904799659269524,0.2964042300588442,0.30646489432306767,0.29399897510527767
TCTGAGATCAACACAC-1-NBM-7.138P,0.357443031835392,0.2742367055331063,0.25977530649121205,0.3592284137345383,0.38478169131737644,0.3157726186578116,0.31221675374396335,0.29501755231848004,0.28680590312126825,0.2709460287826411
AGACGTTTCGTCCGTT-1-NBM-10.138P,0.3512499854217039,0.2681953950841704,0.33012837730632943,0.36851905654614103,0.3844262943869099,0.3302445305027753,0.31031567395814214,0.3041007427941778,0.29297325595781787,0.28846630117829136
GGTGTTACACCTCGGA-1-NBM-10.138P,0.3541501524794857,0.2703736478550283,0.3222108171076413,0.3663043956572508,0.3866683531945406,0.3250050989873233,0.3096536826560766,0.31198861145612444,0.29399389051725416,0.29412017122635786
AAGTCTGGTACATCCA-1-NBM-11.138P,0.36777603464057274,0.2611566673770675,0.2540019318613106,0.365318669767098,0.4055237002362649,0.33261042211245423,0.3321306911102308,0.31489456090418566,0.3140059645893236,0.2965758993022332
CTGCGGATCATGGTCA-1-NBM-10.138P,0.34553791347592666,0.25847304681319644,0.3141061503850292,0.36094312935018213,0.3793746651061823,0.3277775688091485,0.31018856349508633,0.3021369042477681,0.2977604393129628,0.2866740198677015
AGTGTCAAGCCGCCTA-1-NBM-7.138P,0.3486192113900149,0.26132652203263906,0.2613500271823942,0.35628327306263025,0.38781587564302106,0.32264820919527426,0.3092799657475965,0.29317220421684576,0.28840182111279455,0.28033162917592963
CCTTCGATCTTGAGGT-1-NBM-8.138P,0.36552449389416497,0.27434385784629506,0.23970993660795617,0.36333378378770687,0.41335394884711163,0.3290305975855212,0.3177439487275581,0.30297243334063884,0.3106453375770566,0.2977541701884231
ACCAGTACAATCGGTT-1-NBM-1.138P,0.3527253305240442,0.26424176898439455,0.2465867627383533,0.3651173287912974,0.38892176866175826,0.33212121443877707,0.32048028257619,0.2969065720288372,0.29772818290710124,0.2807640223741864
CGGAGTCGTTTCGCTC-1-NBM-10.138P,0.36325202549226165,0.27133464308299043,0.27008502021891306,0.3641590473226894,0.3847047948325772,0.33450931995397276,0.2974891288866264,0.3029719008120209,0.3087438486368032,0.289532794031663
ACTGTCCGTGATGCCC-1-NBM-11.138P,0.3624149077348983,0.27265330297264817,0.2590237645611042,0.3546082124838442,0.4060796861689854,0.3288367978469225,0.31466687758702316,0.30852047983209846,0.3002038303529507,0.2938063005096781
ACGAGCCTCATGCTCC-1-NBM-10.138P,0.3504379692398424,0.2732224900784449,0.2906948195400555,0.36209790771995704,0.37940998835400114,0.32245781711097204,0.30659598073232963,0.30150947843731213,0.29200293339299715,0.2947536673376219
TGTGTTTTCTAACCGA-1-NBM-1.138P,0.35173321377678796,0.2676527138046786,0.28659634469434453,0.36974408609524784,0.3921143269813478,0.3292426243658289,0.33348892565673005,0.30653352082995583,0.29540192046104524,0.2904221777711789
CTGCGGATCCAGAAGG-1-NBM-8.138P,0.36658937666189945,0.26784241834803474,0.20370947316209287,0.3616014048097052,0.4200895462743679,0.32829294176537127,0.3345878715245366,0.31090600161133797,0.29930458971150287,0.30321621661626247
TTCGGTCTCGGATGGA-1-NBM-7.138P,0.35837934000018784,0.271437301982216,0.2835309514433015,0.35391443172699016,0.382250354922936,0.3207394180289003,0.30829330232868174,0.2999238532654269,0.29185661139126384,0.28700540436053185
GTAACGTCATCGATGT-1-NBM-8.138P,0.37054272917848147,0.26034015542881406,0.1876364463491783,0.3529765995323006,0.40933120986673177,0.3218612690932962,0.3371957762404771,0.31715909035571577,0.3121690742805904,0.29277715953404587
ATTGGACGTAGGGACT-1-NBM-8.138P,0.3631021643082185,0.27218753026424325,0.22794703181148343,0.3626485946984554,0.4146608491427329,0.32795789788915036,0.3205035059452717,0.30272535931609196,0.30979693900949257,0.301451545154236
GTCACGGCAGAGCCAA-1-NBM-1.138P,0.352700953677688,0.2631527745466762,0.30558566042398766,0.36188289460331974,0.3808128916132547,0.33208139446830454,0.32584786427284984,0.29533067038448785,0.2892742558455185,0.28027667109153415
TCGTACCGTCCAGTGC-1-NBM-10.138P,0.3479231954224832,0.2681653553508954,0.3056141881603313,0.37195654522138466,0.38922060718106855,0.32475743375863125,0.3160615181186861,0.30223961196536403,0.28949532136153217,0.29348084928097523
TTAGGACGTCTGCAAT-1-NBM-10.138P,0.34996893864296574,0.2657561603812666,0.331987100366324,0.3680691796439759,0.3839744193800815,0.32519888852736734,0.30933124688942387,0.2988003790666425,0.2851483796060994,0.2828771239425508
CACACAACAGATAATG-1-NBM-11.138P,0.3665147517930142,0.2767089036616935,0.3324272312962903,0.356148484685815,0.3923251193008929,0.32212555194413334,0.3058830071062357,0.3048809010810287,0.28919440230938537,0.29209595474410144
ACGCAGCCACGGATAG-1-NBM-6.138P,0.3727577327912406,0.2602040798693136,0.28386193654342834,0.3588651637308216,0.38821015807212367,0.3314801712315957,0.3386152386286221,0.3187109904614368,0.3054478820571608,0.30475579902073485
ACTATCTCAAACGCGA-1-NBM-8.138P,0.3577714967634813,0.2726414731442628,0.28184948020559236,0.3565197643906762,0.3835346553429041,0.31261338469552,0.308673683838932,0.29697824349037816,0.28789421651928354,0.28704169212320485
GTTTCTACAGAAGCAC-1-NBM-4.138P,0.35684236378462575,0.27122047393441423,0.3194078401214007,0.36157179854562227,0.39381591083498996,0.3169025378084857,0.32106584349773687,0.29947403091499275,0.28784963558303295,0.28980381539632205
CGGGTCATCATTGCGA-1-NBM-10.138P,0.36422703611713825,0.2602957183398572,0.2928714718051119,0.3659860722790082,0.39231412298571616,0.3346002805693604,0.3214429331826793,0.31798310336896224,0.29846333156723587,0.29750434986548063
TCCACACGTAGCACGA-1-NBM-6.138P,0.3482708979195099,0.27332963302619867,0.382051818642643,0.3636805685911996,0.38655593956293777,0.32031432175948077,0.31342282731646876,0.3083334782941156,0.296455176535873,0.2967960111609982
AGAGCGATCCGTCAAA-1-NBM-8.138P,0.3651037809435579,0.273346034856824,0.2299490001979565,0.3563889024618383,0.4209187487132777,0.3253553124785342,0.3256651491502004,0.3042205724786659,0.30173460451491485,0.30578946463279466
CTAACTTAGAACAATC-1-NBM-1.138P,0.34659617917936353,0.25444399958180114,0.2934966036140021,0.36735004088950857,0.36664584403244005,0.3494133338795271,0.31481794147681785,0.2891572199669797,0.30935867032263775,0.28953756195927993
CTAATGGGTAGCTCCG-1-NBM-10.138P,0.3427688881790935,0.25976406777263533,0.30012053336791045,0.35754366580505126,0.37669662106293555,0.33172652012351717,0.3066211972723044,0.3008495567336631,0.2979688260434119,0.2843337048162753
CCGTTCAAGGTCGGAT-1-NBM-8.138P,0.3534049100729581,0.27014350954193306,0.22204095100958976,0.3547619752275497,0.4032351958342665,0.3245353420511407,0.31920068932684353,0.3006199077196229,0.2960354344158084,0.2842271529371309
CGCTATCGTGAGGCTA-1-NBM-10.138P,0.34938396244488984,0.26890147728003394,0.308956514485193,0.36468153978242646,0.3813369206678549,0.3247775461620247,0.3046326815941096,0.29994430317963927,0.2897803169679083,0.282623133746328
GTAGGCCAGCGGCTTC-1-NBM-1.138P,0.3618022069376059,0.2613073634008172,0.32678972504246245,0.38494224984049163,0.3765466419672552,0.36043825292613735,0.3323847507352779,0.2960769429165503,0.3141785455898584,0.29899738692479305
CAGCAGCAGTCAATAG-1-NBM-2.138P,0.3589738305159471,0.2773114049034181,0.255260348705361,0.3810637620236898,0.3858537258148471,0.321155483205162,0.35232204866187017,0.2916356802134631,0.30817161946043187,0.296157920611138
AATCGGTGTTACGTCA-1-NBM-10.138P,0.34851511031165966,0.26975329417665156,0.2942232253109743,0.3674704788289376,0.39073037439650377,0.31737359703050816,0.31687643199023474,0.29809680574869835,0.29040454952600414,0.2931085269154185
CGTCAGGTCCTATGTT-1-NBM-8.138P,0.367732964662868,0.2859825969852754,0.243870787626199,0.3583240303048138,0.4077331350678265,0.3224133455127854,0.32831146133232075,0.3085914012553333,0.3010706536598034,0.28527892691946555
TAGAGCTAGCGTCTAT-1-NBM-7.138P,0.35850382989198626,0.2715142592694856,0.30835125088351034,0.35813029796762325,0.39141991281660293,0.32303740890930954,0.3147213499991858,0.3030647024311732,0.3030480741264019,0.2929868251727332
GTCGTAAGTCTAGTCA-1-NBM-8.138P,0.3568011789509355,0.27241054777344076,0.2059419944527236,0.3571394296006799,0.3976196248161672,0.32245867718950294,0.33870763204857923,0.3002951103579357,0.30688200697368595,0.28874221667463046
CGGACACCACATAACC-1-NBM-6.138P,0.3602272365130181,0.2658969294834829,0.28353174533865,0.36314710026119323,0.39390244263609914,0.31797376548957385,0.3181107928951793,0.31382059316420774,0.29305411983218427,0.29126408243083884
AGACGTTGTCGAAAGC-1-NBM-10.138P,0.360024730936204,0.279100990041918,0.28282713257047093,0.36750315233625763,0.3902946744406615,0.30512808039850203,0.3206593533447962,0.30502527950131214,0.313104550323579,0.29202327979260173
GTCACAAGTACCATCA-1-NBM-8.138P,0.37035171553419427,0.26484330441094217,0.2224684106347276,0.35390227155477216,0.4116361200065618,0.321519209498524,0.3236479242435565,0.30612038146014,0.30169595202295174,0.2912123845239052
TGCCCATGTCATCGGC-1-NBM-2.138P,0.3517719895689144,0.25395653313359773,0.21834224311344871,0.36874749644366245,0.38698679581341466,0.3166321468228915,0.33917275099667893,0.29228735742813966,0.29570793992577177,0.27879240065567984
TGCGGGTTCCAAAGTC-1-NBM-7.138P,0.36506348929398535,0.27654831936833996,0.2826273987011179,0.36653154833846485,0.38454053705184066,0.32455317976915504,0.30824603252827687,0.30531966363141955,0.2990387258461657,0.2860149838928917
CGCTTCAAGTCGCCGT-1-NBM-11.138P,0.3443773115632831,0.2629871259122436,0.29191202508277064,0.36430256353286566,0.373289514517099,0.33030924211889967,0.31379758374654465,0.2884019119879951,0.2902363099262647,0.2779637729224331
CGACCTTAGTGCGTGA-1-NBM-8.138P,0.3586562178009702,0.2713836746623557,0.21882263911391292,0.3528066887365553,0.4107131086695726,0.3235685536100745,0.32636464133462834,0.30022348280888517,0.2968777641366746,0.29863539430823116
CGGCTAGCAGGGATTG-1-NBM-10.138P,0.3591973527510187,0.2638303589695364,0.33941318116089136,0.36612877454402254,0.39523427964939106,0.32388101743135933,0.313308059685109,0.3049263661417824,0.3035864147240756,0.29642447434581964
CCGGGATGTGCACTTA-1-NBM-7.138P,0.358130449007817,0.27005975979322083,0.30376055531735546,0.36090023086662953,0.38529419810325094,0.3193431503598777,0.30974866264942214,0.31220689428955256,0.2892726297179233,0.2893780025382769
CGCGTTTCACATCCAA-1-NBM-11.138P,0.36889128594498244,0.2805012279226923,0.30410078280495884,0.35496664624988156,0.3967022006030792,0.32412993550332586,0.30328634737825905,0.3053239855795575,0.3006075046332278,0.28821122712219444
TAAGAGAAGGTGCAAC-1-NBM-10.138P,0.34487125336005947,0.2562752228361378,0.27901380401503934,0.35562827215728005,0.3826405770206856,0.3237036842690744,0.3175151738582995,0.30113228766073263,0.3064968184539474,0.2911980011358218
GAACGGAGTAGGGACT-1-NBM-8.138P,0.3663851035635119,0.2729808662508613,0.2620798423883123,0.35390305985897125,0.4065845802487446,0.31770903420750407,0.32020314911437175,0.3086160745632173,0.3026319198602495,0.28505534984028186
CCTCAGTGTAGCTTGT-1-NBM-10.138P,0.35564794232112584,0.262574339153182,0.3272231685900526,0.373643417939164,0.3862015153859466,0.31638473549013946,0.31699253703739644,0.3188452926965835,0.3051684884630843,0.28660618533457594
ACATACGTCTCGCATC-1-NBM-10.138P,0.3759437598930546,0.2762864638656506,0.30222979332803734,0.37014132313969145,0.3963063325971252,0.33121508873525385,0.3109541614543161,0.3190647958480973,0.3176841840193636,0.29930749843656884
CTCGAAAGTATATGAG-1-NBM-10.138P,0.3505874353105129,0.2702280950912345,0.3432029408017808,0.3661860694713249,0.383534470770988,0.3223820596688728,0.308288415636623,0.3028756158974497,0.29009304377164574,0.2894509098715319
GCCTCTATCTAACTTC-1-NBM-7.138P,0.3596154775630123,0.2733478255608985,0.27302177146846063,0.3618007602231146,0.39276899812682614,0.3198111073265177,0.31609270404202877,0.3059995246951721,0.28462029517436027,0.28885304727794253
TGTATTCCATATACGC-1-NBM-8.138P,0.3548776585931677,0.2671152751582412,0.223544020098815,0.3545204233075253,0.40247684063887534,0.3244091863891524,0.31928001068750633,0.2994352185271961,0.2960456626362692,0.28690908257105174
ATTATCCAGTTGAGTA-1-NBM-10.138P,0.361504382289868,0.26515228154072557,0.28197380880255274,0.36647939890834336,0.39964571676438865,0.33413165093813046,0.3085783487113078,0.3068000240076506,0.30365775382584387,0.2999957372082574
CACCACTAGCTGTCTA-1-NBM-1.138P,0.36955688331046843,0.26162669429327384,0.28869757913986405,0.387963815408541,0.38035616385884785,0.37338421640042996,0.34045660886000606,0.30910903535394924,0.3372564978150036,0.29481478999261607
ACTTGTTAGGACCACA-1-NBM-10.138P,0.35228361888822834,0.268765794482441,0.29122970109419954,0.3644493665004448,0.38515673056497374,0.320174919609236,0.3106846706369277,0.3109447188856661,0.29042907199107915,0.2894241544236384
TCAGATGCATGGTCTA-1-NBM-6.138P,0.35798227710264685,0.25791287473064584,0.2835035269505264,0.3626580032047303,0.3854879369661308,0.33967572641427857,0.31145072976275656,0.30524356393907526,0.2979192358551111,0.28490032536675214
ACATACGAGTCGTACT-1-NBM-8.138P,0.3814266838641485,0.275422518817415,0.2135074581589723,0.36756045568172435,0.4259063255245572,0.3293682140171318,0.3439110331760791,0.31880128965131105,0.31395021305778825,0.31242160973454713
CTCATTAGTACAGTTC-1-NBM-11.138P,0.35669362019636636,0.2757501143343256,0.3045770418763538,0.3537741695981388,0.3799712959904386,0.31443872445679477,0.3069223894160284,0.2955843517875653,0.2828387568155659,0.27576588425298537
AGAGTGGCACCGGAAA-1-NBM-11.138P,0.35486471499914946,0.27445515193609715,0.33193784628866335,0.3657705811210202,0.3849618416268174,0.32247201000657927,0.3130858600894241,0.2987079470227701,0.2864275121836085,0.2892858860358969
CTGATAGAGGACAGAA-1-NBM-8.138P,0.36492736649344304,0.2713535991205338,0.2197009424144354,0.35524672730918727,0.41245809742392414,0.32272947564930876,0.31692730352585535,0.3011899028258575,0.30008467161589597,0.2934890170779072
ATCCGAACAATGGAAT-1-NBM-8.138P,0.35727096626940114,0.26071753252082863,0.2130003687908462,0.35120571205511875,0.399019438030266,0.329232417511337,0.3305783702806791,0.3186936866026253,0.2975075596416877,0.3027612212090442
TCCCGATGTCCGAATT-1-NBM-11.138P,0.35999014782347727,0.2758051709735093,0.306657367576003,0.3549189819303447,0.3843151392384477,0.32950348748209335,0.29610524013303385,0.2993097215854312,0.29803488687853263,0.27895869792373307
CCGTACTTCTCGAGTA-1-NBM-8.138P,0.37634738749233754,0.274148836582519,0.2329250460769491,0.35447641702792615,0.42367215968655525,0.32374741200935425,0.33034154456616927,0.31245851126255386,0.31842502792415023,0.31999362266107995
CCTCAGTGTAAACCTC-1-NBM-1.138P,0.35502813046206366,0.25944714630233484,0.26694376349566395,0.36801170754880086,0.3694823971040457,0.35871800820926153,0.32154569753978085,0.31016288381046453,0.3205215624797082,0.3038495048165041
ACTGATGCACTCTGTC-1-NBM-7.138P,0.3442782961979158,0.26997921663283425,0.3652001153075595,0.3587751149169639,0.3795538029794936,0.3202529839973876,0.3106061022767998,0.2941936397680702,0.2916261386177185,0.29660435559095594
TTATGCTCAGTAAGAT-1-NBM-8.138P,0.3653350524444662,0.2735756494118535,0.2242587545075741,0.3574665696021212,0.41619943222900857,0.32283251247776024,0.32273389910224887,0.30386837949392403,0.29989546954215196,0.3008273678992552
ACAGCTATCACAATGC-1-NBM-2.138P,0.34465424275387196,0.2648436934375779,0.22218166413379128,0.37141410771341327,0.3952174817232629,0.3139822819830808,0.3624687105050015,0.3082280332476976,0.3240822285587394,0.30564398529644193
AGCATACGTAGCTTGT-1-NBM-10.138P,0.3477692767612056,0.2661973982880613,0.32495530623148333,0.3650815840622564,0.380058792485166,0.32894264450006816,0.302208291067497,0.2969152180140105,0.29426213206788226,0.2900870769749571
GTTCTCGAGCGCCTTG-1-NBM-2.138P,0.3359715348927377,0.2663094994446652,0.25984535069385445,0.3686911087275316,0.37966443220930934,0.30818704987405976,0.3362819519194657,0.29586815260573646,0.285228738202513,0.2913971555457012
CCTAGCTTCAACACCA-1-NBM-1.138P,0.3638939141549134,0.2620827453868302,0.22584499478893907,0.3637696997485962,0.40130839283363307,0.3174837095420672,0.3269371166514771,0.29968204890542505,0.2951514944152024,0.2886348302919728
TGAGAGGCACTAAGTC-1-NBM-6.138P,0.3500038465642616,0.2621973391048419,0.29691295964436165,0.35350724306263903,0.37556615677376853,0.3214558797326518,0.3104488238467996,0.29502080900075034,0.2914408947602928,0.2850781566228717
CAAGATCAGGACCACA-1-NBM-11.138P,0.3667666663045009,0.27673119876058355,0.33710659268677795,0.357644788389906,0.39191676873569964,0.3237367007093257,0.3066256584728146,0.3054721551805399,0.28816232474536296,0.2924499800470695
GATCGATTCACGGTTA-1-NBM-11.138P,0.3679547677880931,0.27770513734918073,0.3232395031006745,0.3570230824826073,0.3910072643189335,0.32536233526806274,0.3065966981007801,0.3057735757033365,0.28747084509829046,0.29482329895814535
AACCGCGCATAACCTG-1-NBM-1.138P,0.3573063642065799,0.2689893866851953,0.22728371226565255,0.3629039513766285,0.40648970512473337,0.32610377951866004,0.32681368800518773,0.29946192227777646,0.30686316229675703,0.29776992966779015
AGCTCTCCACTGTCGG-1-NBM-8.138P,0.35010975010168105,0.26501516554965476,0.24795457139575547,0.3577631605485249,0.3921471939067561,0.3268623806944044,0.31446474945101915,0.3026306111225332,0.298796923159612,0.2852259269602021
GACACGCCAATCGAAA-1-NBM-10.138P,0.35486622331897866,0.26660006064735337,0.23610638657443236,0.3509463981997341,0.3798790604483053,0.3349486076641457,0.3113125095707255,0.3165635471560318,0.3091773949585826,0.30029556799605645
GGCCGATGTCATCGGC-1-NBM-8.138P,0.37207693844773876,0.2756362577999045,0.21966698277321023,0.362538396595168,0.4098900249451063,0.3230976744826399,0.3227357108950051,0.30626980883524263,0.3069780772708721,0.29392429248261986
AGTGAGGAGCGAAGGG-1-NBM-2.138P,0.3554891168495075,0.25594752499783735,0.24325551944350093,0.36699800856136805,0.38573853572054023,0.3279280859546891,0.3270563866095452,0.3062106690661117,0.3022789741920528,0.29001192050644437
AGAGCTTTCCCTAATT-1-NBM-10.138P,0.36201376920653594,0.2576266768536342,0.2560837134579947,0.36455403895781685,0.3955360626994395,0.3276430278964057,0.3225687725737157,0.31178504624483216,0.3017506647422134,0.2991427257695763
CTGCGGACAGGTTTCA-1-NBM-10.138P,0.35778116823842876,0.2598246530383045,0.2638599019378366,0.3623979322114468,0.3931258813766695,0.31981246314823625,0.31738577035741483,0.3101894601913294,0.29157172708496165,0.28592133713090445
GGATTACCAATGACCT-1-NBM-2.138P,0.3582443838883346,0.25634023379083903,0.24074069803273604,0.3588907678395868,0.39071941040283453,0.3060804450721746,0.328488125666126,0.3022242274701428,0.28731617461068293,0.28463401803060034
TGACGGCCAAGCCGTC-1-NBM-7.138P,0.35402953271531434,0.2730915559165359,0.31969161192667994,0.36647397770258483,0.3896595450381983,0.31834038890030714,0.3150708135531938,0.3085152492744845,0.3008491308806087,0.281951806615106
CCACTACAGTAAGTAC-1-NBM-2.138P,0.350421733029236,0.26514970914825775,0.2230392641792904,0.3645891523010386,0.38846214702607185,0.31785315382516866,0.3462791474800825,0.3061599975341475,0.311935909685829,0.3134973286801626
TAAGTGCAGCTAGTCT-1-NBM-10.138P,0.3581142547598624,0.26281064632748763,0.2673830329087117,0.3570816950415516,0.39689442563298355,0.3152823960648911,0.31320704933200966,0.3033781613703065,0.2978249591494629,0.2874882197868661
CGTCTACGTGTTCGAT-1-NBM-7.138P,0.35753437376900166,0.2723159921939685,0.28246914463692663,0.3511637437452834,0.37913822774388145,0.3250947131711492,0.29648469917758147,0.29456823408920996,0.290122617941638,0.27857897155368344
CCTACCATCCAGATCA-1-NBM-6.138P,0.3549657161744827,0.27815628209075977,0.31708288930114936,0.3567925425216121,0.3948658569640193,0.31461347911374316,0.33175547820642826,0.3021292217872743,0.29263879576851837,0.3013355901360837
CCTTCGACAGGAATCG-1-NBM-8.138P,0.3717114193447468,0.27780191188587455,0.24720692154159207,0.3615526696236059,0.4196927839686729,0.32504976087068965,0.33496467264140445,0.3069098503163798,0.3106675449419113,0.31078244804943794
CAGCTGGTCATGCAAC-1-NBM-11.138P,0.3621569681080902,0.27404146018702297,0.2436352742095757,0.3543061594004445,0.38930378157375856,0.3191872498446377,0.3163819281805757,0.31290369673126767,0.29560748891048516,0.2913176833487804
CGCGTTTCAGACAGGT-1-NBM-10.138P,0.3470016382744606,0.2635635288986882,0.3341418497825074,0.37014615475455775,0.38375468456368794,0.3170815115232858,0.31485691294108964,0.30143243291736843,0.2979135657188429,0.28342938939967727
TACCTATCAGATGAGC-1-NBM-1.138P,0.3686521528030464,0.25867169786764377,0.24866685696997884,0.387393914918542,0.37741934709046454,0.370662854749473,0.32929178046987423,0.30647566175273944,0.33336179950992856,0.2916421222487359
GGGATGACACACTGCG-1-NBM-10.138P,0.34211646621572356,0.27653951887175765,0.3062128701579776,0.36802447005099803,0.38070745938475914,0.31518221559745774,0.3030247791323892,0.29522162440588895,0.2886691367092451,0.2844971476806498
CGGAGTCAGCCCGAAA-1-NBM-6.138P,0.3552664129231775,0.266787156527173,0.29044930287828125,0.36172615106735256,0.3859226481283878,0.31508602721322926,0.31297717838059125,0.29538131179540805,0.28237304446021155,0.2923410762020847
GACCTGGCAGCTCCGA-1-NBM-7.138P,0.3609859479149926,0.2661853773639665,0.25681413758276533,0.3613994390708744,0.40692073816064206,0.331239528642747,0.3176557830225676,0.30203149488161257,0.3016798186098357,0.2963168157461423
GCGGGTTCAGCCTTGG-1-NBM-8.138P,0.3663656204530819,0.2710571511599331,0.22971910333634782,0.3554706895696383,0.4133895720791522,0.32138360682570016,0.3283230940852888,0.30951834214630464,0.30308977070441706,0.2915188513215145
GGCTGGTCACAAGTAA-1-NBM-10.138P,0.3544766945062416,0.2710018200341712,0.2778429293572685,0.3673404708974795,0.3981771850307101,0.3283889867091499,0.3160260683126413,0.30099175482814144,0.3075814217066899,0.29747177091928695
CGTCCATAGCCAACAG-1-NBM-8.138P,0.3710368592414457,0.257663104644309,0.20191076592009202,0.3531614559959008,0.4199609928501196,0.32415815582363994,0.3345668380071995,0.3174447822272921,0.2970951096837238,0.30300278082703214
TGACGGCCATAGTAAG-1-NBM-7.138P,0.3444728869482038,0.26473864856803764,0.25631921337809616,0.3571431494063372,0.3862576012524213,0.3234856223550955,0.30592348667206753,0.2942776442134185,0.2864870800817262,0.2798259150485704
GATGCTATCGCGTAGC-1-NBM-10.138P,0.33798298563724405,0.29002973659164233,0.3016041302416325,0.36317116252561304,0.3825314665279967,0.31942562324036905,0.3009165986691481,0.29596357966909004,0.2892920603215531,0.28320274291026903
CTGAAACTCCACGAAT-1-NBM-7.138P,0.3626289262051807,0.26405734343507187,0.28457258021905024,0.3552013059755071,0.38207961729316015,0.3296141751917046,0.3164663995034842,0.31057092367077194,0.30111485345913386,0.28701445682278875
AGATCTGGTAGAAAGG-1-NBM-2.138P,0.3594514074106351,0.27301679689698977,0.24790539370758377,0.3770807724719213,0.3852407195690131,0.3199715910861543,0.34795782846173895,0.29230519060017296,0.30825606813514894,0.29580802865528544
TTAGGACAGACATAAC-1-NBM-7.138P,0.3577519582838453,0.2720138375409347,0.2998658867318723,0.3570251588444874,0.38457508222144265,0.3217436419464996,0.3096809328833144,0.3020428294875486,0.28987635939433853,0.29181513562394285
CTGAAACCAGCCTGTG-1-NBM-6.138P,0.360113702215004,0.27572703570001855,0.32443330789914426,0.3553699811654036,0.38549831735101653,0.33140034422017406,0.29634259598875284,0.2983156544324363,0.3014554422010317,0.2797972582773635
TGTTCCGCAGGCAGTA-1-NBM-2.138P,0.34432801084639736,0.26301471464715687,0.23347296676912063,0.3608509820325724,0.38743720470390297,0.30514313273900945,0.34443627841881036,0.2968940012726213,0.2934827284824895,0.29128134863443095
TCCCGATGTAGCGCAA-1-NBM-10.138P,0.3453608600669458,0.266566727489808,0.36353877640245064,0.36369707313086086,0.3804513934546342,0.31775908487210286,0.30966094080689444,0.2976435922052132,0.2954825064692459,0.2855750088833014
GTCTCGTGTAAACACA-1-NBM-8.138P,0.35271541708466503,0.25648476179923174,0.2649091015973898,0.3526577452765168,0.3874361031102926,0.3201596239379374,0.3399253174352256,0.30068522303211453,0.29721680905337683,0.309928731052595
ATGCGATTCGTACGGC-1-NBM-7.138P,0.3406483860806512,0.2947668990421175,0.3294470842917966,0.3659612565693241,0.3873994503416865,0.32281613139642723,0.3122144021547554,0.2960763396894408,0.2838851731540524,0.279069427522437
CAAGTTGAGGCTAGCA-1-NBM-6.138P,0.36196046192388903,0.26655046718816505,0.3033675674726626,0.3532793084610676,0.3957322160903191,0.3281269898167642,0.3256803039299643,0.2906309277532688,0.29226218762513484,0.294331838776204
TGTGGTATCTCTGAGA-1-NBM-4.138P,0.3561247069266394,0.27284969582514557,0.27715431248477973,0.3697619128284058,0.39678650000250626,0.3333158714008088,0.32253671499641984,0.2984904560933353,0.31171267033539996,0.3000848128944334
GGGTCTGTCTGGAGCC-1-NBM-10.138P,0.36256539969892626,0.2680425102651895,0.26916583239300784,0.365041569067105,0.3867078160719742,0.32752623968576833,0.3053286910831319,0.31471294736924116,0.3019725780164456,0.2896789146544918
ATTGGACAGACCTTTG-1-NBM-2.138P,0.3456308537250567,0.25846716400383885,0.2465840529789811,0.35849299317927624,0.3844590251295358,0.32416467993502823,0.33197145637957476,0.29998859183563287,0.2975872364100927,0.28415024663641536
ACAGCCGAGGAATGGA-1-NBM-10.138P,0.34405742851028026,0.2889920777897378,0.25307202483413843,0.36618854485921437,0.3821914576587314,0.3145330588829104,0.3086847203793531,0.29733443712379537,0.28430948826293834,0.28324535734370904
CACCTTGGTACCGAGA-1-NBM-10.138P,0.3446089808898351,0.29875642520698514,0.2693392320196336,0.36568163746758675,0.380719495719015,0.32153614447130235,0.3035944642050847,0.2961925564138622,0.28299701685649703,0.2847978543002635
CTTCTCTCAGATGAGC-1-NBM-7.138P,0.35937401397939966,0.2635397463502548,0.2814129835720105,0.35430252940601353,0.39337462756960384,0.32564882118315325,0.31060021085284584,0.30816912596279433,0.2957688953162563,0.299185706289673
TGGGCGTCATCCAACA-1-NBM-7.138P,0.34095822873490883,0.2705324894702734,0.3000854658317145,0.3587124799419699,0.37733153379878764,0.32287062351270246,0.3030856911437644,0.2935655232419369,0.28563019596486244,0.27683443153924175
CTCGTACTCGTGACAT-1-NBM-2.138P,0.3580322312086057,0.25072531281590216,0.21508719652710398,0.3501070086753319,0.3773616347820072,0.3271903733909495,0.3233793314496417,0.311777043648309,0.30756264213294265,0.30591438437122814
TGGGCGTTCATGTGGT-1-NBM-7.138P,0.36410006099922143,0.2692988052712564,0.2787686824238856,0.3532957875037138,0.3796661451775575,0.31560737457013044,0.30592251599878606,0.3030723721709958,0.2944744847942305,0.27921768025791693
GTCACGGTCGCATGAT-1-NBM-6.138P,0.3624864180875488,0.25896823745962716,0.295898633804386,0.3607193120014128,0.3920886694664942,0.31964663273361815,0.32410222584776066,0.30823584056232955,0.29820450880774035,0.29711853199236377
CTCGTCAAGCTAAGAT-1-NBM-1.138P,0.3390500066207002,0.27074542999629775,0.14099804725589374,0.3469007998733828,0.3733740607435674,0.31558114806358895,0.31430292267724674,0.3173454449773239,0.2889951751191329,0.3049534432566082
TAAGCGTTCTCATTCA-1-NBM-10.138P,0.3487669773606931,0.2695115267637057,0.2903684307925133,0.3633858225164731,0.377814041185597,0.340815763954952,0.30248593750146724,0.30166200010300964,0.30628251539139223,0.29714061447483436
CCTTACGCAGTCACTA-1-NBM-7.138P,0.3627734382941379,0.2719358886387675,0.3047956456361004,0.3626962856945684,0.3866848009796728,0.31879534094237494,0.31042137669562486,0.31483749836902303,0.29051608816661584,0.28693312042467617
CGATGGCTCCGCGTTT-1-NBM-10.138P,0.3634218261150588,0.2603341619703449,0.27832611689051756,0.36667962963635214,0.39642752391070835,0.3297246034323122,0.32194162523978165,0.31429531471850486,0.30303106685454706,0.29777470259904176
ATGCGATAGACTAGGC-1-NBM-1.138P,0.362260120028305,0.2683444599868146,0.2877254328860038,0.36481507716506956,0.3939029130646317,0.3200702739049994,0.31690302124661285,0.31116178274755296,0.28810337876390824,0.29060213764770554
TTGAACGGTATAAACG-1-NBM-11.138P,0.3534497265037185,0.24958471675762858,0.24436397581287744,0.3539951712673439,0.378951932103659,0.32964074947761046,0.3129243091584524,0.30651368803752244,0.3034285146466064,0.29865638718215626
ACTTGTTCACCAGTTA-1-NBM-7.138P,0.3518638843912517,0.2685866412055021,0.24627144985841948,0.35246267835425854,0.37817645241893744,0.3345029722781957,0.30550218032618737,0.30995657859117554,0.3038170325244107,0.30165383390194206
CCAGCGATCTTCTGGC-1-NBM-8.138P,0.35051506368167473,0.2741243641783095,0.269626644799054,0.3605968393570099,0.39907828517602145,0.3171109277956331,0.32777469122820724,0.3081085153240938,0.28581834919434596,0.2839060406628523
CGTTAGAGTATAATGG-1-NBM-11.138P,0.35317099859884804,0.2596376256371671,0.2706247751166776,0.3597205580542059,0.38549480971920264,0.32949514855958306,0.3143795659934457,0.30133573719451295,0.2937468452858188,0.2805281250655298
GTTACAGGTGCCTGGT-1-NBM-11.138P,0.3542728422482368,0.271225827071276,0.2765039472670494,0.35882351185059375,0.38825532904207644,0.32406721391148435,0.3083286194897949,0.3045222631521642,0.29753056264424677,0.282856390721546
TTAGGACAGGAGTTTA-1-NBM-1.138P,0.35595313381615357,0.26457754237712333,0.29808315938311686,0.3678475605475524,0.39677417547337057,0.32754645397248716,0.3267520379952781,0.2999380702280314,0.2946076708576439,0.29107932642890244
GTCATTTGTCCGAACC-1-NBM-10.138P,0.36162969607182505,0.2699457749483719,0.29889257081133525,0.3661352154293097,0.3900237280407194,0.33445766747420713,0.32033522277721876,0.3170285189673944,0.3009234838651826,0.28196861681810276
TGGTTAGCATTAGCCA-1-NBM-8.138P,0.3833898489339279,0.2748047060084069,0.2542637961461649,0.360842256401478,0.40573369234004086,0.32089566019886595,0.3205865391284867,0.3126985541274388,0.3108464371869809,0.28844653537927323
CTAATGGAGACTGTAA-1-NBM-11.138P,0.3725595524135141,0.27267340994603106,0.3740493237216245,0.35271353367266867,0.39606864531098307,0.3198796113791086,0.3128244713074835,0.3123730710509963,0.2940563035335802,0.3080855025142673
GGTGTTACATCCGTGG-1-NBM-10.138P,0.35293231087614174,0.26900456531552613,0.29295027309799887,0.3699970518858618,0.388173997037935,0.32399451826496106,0.3031810666775117,0.30311369953391826,0.3067475310811064,0.28916062330985165
ACGCAGCGTAGCGCTC-1-NBM-11.138P,0.3655709834681531,0.273248039011435,0.3558948373700541,0.35524239648037026,0.39282010915690796,0.3174790153181314,0.3089961390666733,0.31067442002793766,0.29171807376326797,0.3057563600221458
CGCTATCAGATGGCGT-1-NBM-6.138P,0.35583288789546125,0.27536074668121113,0.34394686157400084,0.3604114794738605,0.3874573671480412,0.3130664035975917,0.3274306022074444,0.29704306466758895,0.2879098845026221,0.2878720231112599
ACAGCTACACGACGAA-1-NBM-10.138P,0.34150508052483564,0.25850787730822844,0.315726550217648,0.36289311264363106,0.38511927138100566,0.31703793796414625,0.3130327885648462,0.30388228006234314,0.29509996618047923,0.2957694227599522
ATTGGACTCCACGACG-1-NBM-10.138P,0.3594410427695902,0.26943550073041217,0.261608241145167,0.3597231579892582,0.3906921709218074,0.3270453624090032,0.29654862564104234,0.2978494198330215,0.30414551615739993,0.28728477291306304
GTATCTTGTCCTGCTT-1-NBM-10.138P,0.356663161935338,0.26319852948388633,0.3062765562006849,0.36284387706424787,0.3829998775241296,0.33148847021022815,0.3162491876328027,0.3075023008186201,0.3042050496405654,0.29358874453176437
TAGACCATCTCGTATT-1-NBM-10.138P,0.35828592516164864,0.25709425118607776,0.28283775752627205,0.37611406806287606,0.3834072403056223,0.3483669155638101,0.3168948164041394,0.3172669056510328,0.30944914033133863,0.2883123128552045
ACATGGTCAGTGGAGT-1-NBM-7.138P,0.3593375626038962,0.2584265826362926,0.2769045141425162,0.3591724658857855,0.39070358455453813,0.3184612129686244,0.32389705590436757,0.31037032951843496,0.29000452010002153,0.29532559676577397
GCAATCACACTAGTAC-1-NBM-8.138P,0.3678052274579804,0.2736197892091051,0.22112776958959918,0.3549250536589113,0.42051699006910964,0.32481970867571075,0.3265681111206381,0.3053658359209382,0.30370766618275236,0.3057117445271264
GACGCGTAGTGATCGG-1-NBM-7.138P,0.3442510567959351,0.26192139235931877,0.30073972018183626,0.3601284395645876,0.3813813256996477,0.32030568052547703,0.30872700620798044,0.30233460556650305,0.2922015537742739,0.293495047162997
CATCAAGGTCTTCGTC-1-NBM-11.138P,0.37155790565817004,0.2673681131808171,0.3320943539171854,0.36217118455713476,0.3941483724211652,0.3056543521637827,0.3536310871946222,0.3162837454939764,0.3193061542457667,0.31594322560916127
CATGCCTAGAAGGACA-1-NBM-8.138P,0.3661804996387371,0.27564710750188526,0.21063864198381244,0.361863038267973,0.41320785100160734,0.31896799763695477,0.34322515668614123,0.31648937109147274,0.295932142932929,0.2919472632921419
GTTCGGGTCTCATTCA-1-NBM-7.138P,0.3543417309976625,0.2971746835059918,0.3007134476730753,0.36236326667040497,0.3845349339172681,0.32574432931061664,0.31580561090857395,0.2911506090363205,0.3006820862236227,0.2819060359145804
TAGAGCTTCCAAACAC-1-NBM-10.138P,0.3529814473724361,0.27441835638516116,0.3042862232492693,0.36918351110586634,0.38384037235225166,0.3241643116719087,0.30663791301007,0.30074650362957134,0.29966591015624694,0.2872655119176113
CGTGTAATCCTTTCTC-1-NBM-8.138P,0.35803031269561286,0.2601578337157153,0.2478484484697486,0.35442644545768,0.39669176557975944,0.3230022554187783,0.31919597731788707,0.29826845850244327,0.2906259955321341,0.29418845733976845
CAGAGAGGTGCAGACA-1-NBM-10.138P,0.3443725578341632,0.2537128963046736,0.2951898827054358,0.3598248597090803,0.3724673508424811,0.32703279892472625,0.30772843214003925,0.3011233354921085,0.30401327560955493,0.28909363334120364
CCTTACGCATCTGGTA-1-NBM-11.138P,0.34930522160418537,0.25512345913329676,0.25505968854120165,0.35548777418228883,0.38057421258805785,0.329428834403021,0.318076724325788,0.3029353347653788,0.2968857589703501,0.2863721515927505
CTAGCCTTCGGAGGTA-1-NBM-10.138P,0.3517052834103296,0.26672582340217815,0.2899331845773722,0.37280782033464654,0.3911117156824403,0.3252291589730366,0.3179760710061749,0.3092668238162937,0.2984386703141439,0.2883778188713407
ACACCAACAGCATGAG-1-NBM-7.138P,0.33907555383804666,0.2849443459567826,0.2815876550939756,0.3584393658518229,0.38380845168090566,0.31652615734241607,0.30901975698731077,0.2950075499937309,0.28466473534896863,0.2820084708128666
CTGTGCTGTACAAGTA-1-NBM-2.138P,0.3580203842133931,0.26384545747643556,0.2671765551267581,0.3535449607593917,0.39010999486305825,0.3241792057490434,0.31371553927159235,0.29836890879701317,0.30794729624864037,0.2864494977727477
AAGTCTGCATTGGCGC-1-NBM-10.138P,0.34812907087936223,0.26938375678681975,0.372801703692531,0.36304908489398946,0.38166631257682115,0.3194053750743163,0.3086022410984046,0.2957919299041673,0.28996045409953886,0.29562565490579235
ACTTTCAGTTCGGGCT-1-NBM-7.138P,0.3563216665784077,0.26098193833361044,0.27282181526213106,0.35706460684868657,0.3951823477049007,0.3144790639919306,0.312380889156728,0.3050853888219326,0.2966440196016244,0.28564316954216673
AGTTGGTGTTAAGTAG-1-NBM-2.138P,0.35584965453638573,0.2657264068649903,0.26702390556259453,0.36626983404229974,0.39311533553211103,0.33061727154395126,0.31921348655871756,0.29707719054237125,0.2978180420879257,0.2791771976222991
CTCGAGGGTGATGCCC-1-NBM-10.138P,0.3563835547717255,0.2744626917834989,0.29375059981704577,0.3627816882678168,0.39476065537641647,0.33246118242319295,0.3042807123422602,0.30334467964883033,0.2982824893716968,0.2902970726340611
CTCACACCATGACGGA-1-NBM-2.138P,0.35050917760813133,0.2634257707277494,0.26875615354880983,0.362520976836642,0.3886953660758214,0.3237525065621042,0.3103724011358893,0.3126058274495417,0.3059424378614966,0.28019338532046506
CGTCAGGGTCCAGTTA-1-NBM-7.138P,0.3578352808538999,0.27960654145064356,0.2586347105879204,0.35710965126265654,0.3817373691929729,0.31298563315868294,0.31096062750329667,0.29221496409128256,0.2857299040991765,0.2731996833009386
TGGACGCCAGACAAGC-1-NBM-1.138P,0.3613627933481669,0.26141377402963994,0.3036396885380539,0.3873614076770731,0.3745315729556326,0.36854652453519204,0.33207127724238666,0.3056059094152621,0.33791884398617994,0.29229925250501
GGACAAGTCGAGAACG-1-NBM-8.138P,0.36908394651333387,0.26596618641508063,0.2415367793473289,0.3596543547125995,0.41227032754379744,0.3259688438004821,0.3324882713148398,0.31027827069045966,0.3054607938959131,0.29173052259655985
AAGACCTCAACTGCGC-1-NBM-10.138P,0.3632134778234552,0.264119336829052,0.2986974614966334,0.3663503385940548,0.3920732245895816,0.31771760356900075,0.3124017522973034,0.3164154644267044,0.299937179611995,0.2914441625382412
AAAGCAATCTCAACTT-1-NBM-4.138P,0.36950132921342904,0.2628690758432768,0.2605988082239599,0.34941441156921843,0.38374524012621336,0.32014128430900834,0.3152540489214504,0.3028273390717064,0.2996971567822786,0.29622524289461455
TGAGCCGCACAGACTT-1-NBM-10.138P,0.3619820819920927,0.26941054713816803,0.302940466604056,0.36215294403750675,0.3806601144311301,0.32864594396584357,0.30631247507266074,0.3108215424968436,0.3093329899904201,0.2896378169430162
TTAACTCAGCTGGAAC-1-NBM-4.138P,0.37272999330867695,0.2605784669386791,0.3087438746884267,0.35677951864022955,0.3935656088072944,0.3235728706546242,0.329934980821224,0.3043857285086233,0.3087692195668848,0.31198775830585584
AGCGTATAGGGTTCCC-1-NBM-10.138P,0.3619145611689043,0.2630149754698672,0.28137052050732275,0.3672626881144711,0.3953749656288109,0.3292461802048865,0.3178819641876416,0.3145402020581277,0.2985104684867658,0.29696668318119135
CGTGTAATCAACACTG-1-NBM-7.138P,0.3568547060083157,0.272480507655205,0.279866659174473,0.34872662289919615,0.38354905565453173,0.3181040833118527,0.30184082139456847,0.3017544018455481,0.2903228747755936,0.28295366455116117
ACTATCTTCTTAGCCC-1-NBM-7.138P,0.35342491348742305,0.2687479869904418,0.25078356480617886,0.35105409574332247,0.38084490202573223,0.33316641587501167,0.3096569508646255,0.31210824014728533,0.3064051629264403,0.30197894579487305
CACACAAGTTGCGTTA-1-NBM-7.138P,0.34427205203425676,0.27211365607225,0.36305981331494164,0.3620927929020191,0.3794179802328745,0.3188440496145562,0.3074833124760975,0.2990473937667145,0.2910401150900106,0.28474063622560664
TCGTAGACAGACACTT-1-NBM-7.138P,0.3505229248790376,0.2698251150327207,0.28582614831508263,0.35430177683186714,0.37957278511200077,0.3154158414298667,0.3051945678086427,0.294482123704205,0.2853705829486971,0.27633502211907063
GCACTCTAGATCCTGT-1-NBM-6.138P,0.3614619730054951,0.2688534339703089,0.3045935201872397,0.3580948432386452,0.39243852346131164,0.32006321789113124,0.31837253722638714,0.302471410811719,0.2920508005411081,0.2933823243064894
AGTGTCACAGACGTAG-1-NBM-7.138P,0.3569500182084629,0.2589738265021693,0.22349168286011248,0.35167853217771805,0.3971385618672467,0.32316625289026124,0.32873405161011754,0.3184825081246986,0.30079052041970983,0.29896049368247857
AGACGTTGTTTGTGTG-1-NBM-8.138P,0.35126083518999185,0.26176924964889686,0.2309515114414711,0.3564075894845269,0.3874183789036083,0.30837301975656345,0.3185474516289499,0.29259367282702076,0.2908650181935926,0.28071103682999365
CGATTGACATTAGCCA-1-NBM-10.138P,0.34811372935305124,0.2630552352555221,0.294815080839177,0.3647569304137536,0.38116844711829545,0.3158481550099518,0.3031324695031801,0.2995064484315698,0.28892556238978045,0.2914252213203873
TTCTTAGAGAGCCCAA-1-NBM-7.138P,0.34919201500584274,0.2720933444207606,0.3231355309877482,0.3661679876497329,0.3826277539833135,0.3224338586799733,0.30538651488058394,0.2954443966466372,0.28639627368114956,0.2844631494709461
TGGGCGTGTGTCCTCT-1-NBM-8.138P,0.3465558161623068,0.2688441664821739,0.26568903595205284,0.35721620050264247,0.3833967342268223,0.3181037071918472,0.3068235739550648,0.2962785905173488,0.2863074607192497,0.2789740910560178
AAAGCAACAGATGGCA-1-NBM-7.138P,0.3564324631062852,0.28104048917647656,0.3265810153150004,0.3566192580898179,0.37968340865696776,0.33209052772362924,0.29052775537573744,0.29323323225241266,0.29297258738418047,0.2800803114045188
ACGGAGATCACGCGGT-1-NBM-10.138P,0.3521427177967944,0.27794234552958047,0.33594492195792414,0.36542541281265994,0.38292914052750454,0.32537675574491504,0.29717722342440184,0.30727308953982835,0.29202994410142186,0.2855475716512121
GCATACAAGCACCGTC-1-NBM-10.138P,0.36087593398291384,0.2674658374950194,0.2654352004979621,0.36338462746107236,0.38939344258029934,0.32978873774259915,0.2987767871525551,0.3021437050575696,0.30659922115447885,0.28798188006088665
GAAGCAGAGCGATAGC-1-NBM-7.138P,0.34812177398597505,0.2612554038051501,0.24281703368953472,0.35672415775897903,0.38417470726422825,0.32118372020411234,0.3084387198114545,0.29606326574077013,0.2886162832687277,0.2807886033058066
TGCTGCTTCTTGTTTG-1-NBM-8.138P,0.368285854053172,0.2835796286341657,0.2081028887734267,0.3597264834689173,0.4095039587006893,0.3273411863661481,0.33044794629069235,0.3081249696164718,0.30698909804912927,0.28547959562245556
TTATGCTCAGTCTTCC-1-NBM-8.138P,0.36913103865459873,0.2640388948010533,0.23922777392429387,0.35364029446302087,0.3913063432793335,0.3239559938687524,0.3143265279888776,0.3086360843233275,0.31802999814282806,0.3051249538256097
CCCAATCTCAGGCCCA-1-NBM-2.138P,0.3441373969380731,0.2615842369209008,0.25218606462999016,0.3676194357837843,0.38783817865616066,0.31379091114388574,0.36011586939749396,0.29280935945491077,0.30393657890345877,0.28666939484075676
GCTTCCACAAGGCTCC-1-NBM-2.138P,0.34530960511251546,0.2602253822268993,0.2764159788587459,0.36429581593945903,0.38114140539915337,0.3181287885753836,0.3382515955846893,0.2914475855207189,0.2973225862473793,0.28779688615279214
TCGAGGCCACCTCGTT-1-NBM-7.138P,0.35696004867563563,0.2634096397403692,0.2752545202615,0.36029351004218235,0.3888729642996819,0.3152015091123042,0.3162226918656379,0.3055188615500645,0.2945279219585392,0.2907548546456783
ATCTGCCTCGGTGTCG-1-NBM-11.138P,0.3564199214173334,0.27142841427229436,0.281996763793368,0.3522903233312693,0.3790234620442839,0.30931708147932196,0.30782396599901507,0.29743064593045127,0.2828631613188966,0.2803352331637324
CCTCAGTCATGGGACA-1-NBM-11.138P,0.3426663461032745,0.27118600234477036,0.3357081339964595,0.36619033677178964,0.3810319496013586,0.3242575195930757,0.30623239791172024,0.29346271781908606,0.2874652358839407,0.2833314945502448
TTAGGCAAGAGAACAG-1-NBM-10.138P,0.3593438136523351,0.2682506739182817,0.27913212492170414,0.37303002846583583,0.3977947347979181,0.3310957219871466,0.32196660572078495,0.316396794573517,0.3008498091082585,0.2965767091087914
ACTGAGTTCAGCGATT-1-NBM-10.138P,0.3565865272592181,0.27003045874149223,0.3674567534089027,0.37289642194764716,0.38615696920052556,0.31463879832986835,0.30894252356769747,0.3153131257250287,0.30920086226401755,0.283582039256996
TTCGAAGCAATGGACG-1-NBM-7.138P,0.35849065677247566,0.27451458575867094,0.31130027686171746,0.3554158527555421,0.38411715961079745,0.3299638761357735,0.29619038562853345,0.29692785387460674,0.29975740637341497,0.28014103256166006
CCATTCGAGCGACGTA-1-NBM-7.138P,0.36514063521921686,0.2569631446723451,0.26915402828249796,0.3517055668066506,0.3984022510483428,0.3260296724951998,0.31659975970984744,0.30934007425067683,0.2961678434942063,0.30151856806645067
CTGCTGTTCCAGGGCT-1-NBM-2.138P,0.3508941550620525,0.262225756776186,0.22663191143770708,0.36800941941334714,0.3910567556715056,0.3170649702734295,0.35022443041897233,0.3052474331340385,0.3261723855757675,0.305874474304
TGGCGCAAGCATCATC-1-NBM-10.138P,0.3603255805670159,0.2727219082328817,0.3025072387235381,0.3633810326600326,0.38379164015790823,0.31936940154671917,0.30774294318886125,0.31516920934175163,0.28873946370739406,0.289764441601109
TCGTACCAGTGAAGTT-1-NBM-4.138P,0.35328513870633177,0.26274646740982976,0.308063623799228,0.3597304737981767,0.3815683307361204,0.3314849588696969,0.32389940182090665,0.2970310203262915,0.289847570842857,0.2781973100568545
ATGAGGGCAATGGAAT-1-NBM-6.138P,0.37372220963665326,0.2648305716081033,0.2633454291491798,0.35803803111456095,0.3990283627796414,0.3370086801385073,0.3232219046727588,0.3007021087535849,0.31272191957029555,0.30198292487302325
GCACATATCACTCTTA-1-NBM-1.138P,0.37252733855575365,0.2552791925418919,0.2635287828265447,0.38553844076726307,0.38044731925200687,0.3687245004416789,0.3293665016028332,0.3063288617431179,0.32397448176611154,0.29932903805332844
GCGCAGTCACTATCTT-1-NBM-8.138P,0.3718547082954909,0.2654843895760776,0.23370148431671012,0.3580819639988651,0.4123077422204879,0.32680823585706975,0.3357341027167979,0.32992983647016155,0.32118652548388243,0.3058509675390866
CTAGCCTTCTCTGCTG-1-NBM-11.138P,0.3634800795995095,0.2633108955499387,0.29084386463751977,0.3503587269185251,0.3911710838599527,0.31682579993190246,0.3179343225602635,0.31416295302112224,0.29715150121336625,0.29930203489818386
TACGGATGTGTTAAGA-1-NBM-2.138P,0.34458444296237156,0.26610440300048493,0.24912911939997603,0.37355677044076796,0.3934023507471141,0.3197519607905762,0.35633112968748326,0.30223679505604445,0.3219702863756428,0.3046342967506204
AGCAGCCGTTCGCGAC-1-NBM-8.138P,0.37066711675346714,0.29308613567449326,0.30179746564437493,0.3551609571065713,0.40190869766034965,0.31653103653587816,0.3215403566734598,0.30803650545920885,0.2966365208133171,0.2820560895947398
CTCGAGGTCCTTTACA-1-NBM-10.138P,0.36017434610915516,0.27059507320335974,0.2948635371118673,0.3687647619533581,0.39920475642506514,0.32631576102054405,0.32019877180903045,0.3200769792270352,0.30077630247353904,0.3022557883540657
AACTCAGAGTATCGAA-1-NBM-10.138P,0.35238716988334884,0.2689718679344017,0.27121169235031894,0.36298214471942164,0.386306906006335,0.32389497807488754,0.3102922564853996,0.30718776619534566,0.2963619806615026,0.28540488558434834
CAACCAAGTCCTCCAT-1-NBM-7.138P,0.3450554586696487,0.26411483520151013,0.2505639487782635,0.354061602249158,0.3738937628809067,0.31528663848800925,0.3121877701300314,0.2988471526526212,0.28550943067630524,0.28151418498723707
TGTATTCGTAAGAGGA-1-NBM-6.138P,0.35203376866449515,0.26915490566713385,0.2882799095649835,0.36559967523760206,0.39313269292461217,0.3220701221981284,0.3133348167512543,0.29469636935479276,0.2983282835648129,0.28469070713800004
TATCTCACACAAGTAA-1-NBM-10.138P,0.3418671712816858,0.26257304507523027,0.3126513568006238,0.37033433832245255,0.3860245812986478,0.32352746730667337,0.30805001689908906,0.2982656689237456,0.29747704196897023,0.2926074286387364
TGAAAGAGTCACCTAA-1-NBM-7.138P,0.3689935196035101,0.2558797761269626,0.2889894769522353,0.3531057773326516,0.3985311059525476,0.32566315314346456,0.31902243524920065,0.3123098332527998,0.29600974689757464,0.304511526051053
GGGACCTTCAAACCGT-1-NBM-8.138P,0.3587299848359741,0.2668752428639349,0.21669889490743474,0.3528308474074896,0.4084821600010454,0.3249553564900315,0.325320430807285,0.2980211530012673,0.29484268249797146,0.3007919846644404
TGAGAGGGTACCGTAT-1-NBM-11.138P,0.36646392566679536,0.27795517166426004,0.33838100925706727,0.3570558056659446,0.391701512810794,0.3220040102476631,0.30748914350274237,0.3069083450142925,0.2892851155800016,0.2982864408135391
CCTTCGAGTCGGATCC-1-NBM-10.138P,0.3570540652495561,0.2729744441273201,0.27678528313912,0.3666202897224104,0.39905373300692765,0.3344144261490435,0.3084378312103139,0.30979097892174223,0.29741416162501544,0.2945798807304925
CCAGCGACATTACCTT-1-NBM-10.138P,0.35504103031500983,0.2625958523628651,0.3384109825804205,0.37189750299070395,0.387473745135017,0.3239171814201848,0.32225088861722323,0.3157529816141009,0.3007749949410765,0.2940328014934004
TTGGAACTCGGTTCGG-1-NBM-10.138P,0.35871876066130515,0.26210554060391217,0.30840829275353454,0.3680830845081944,0.39276786410619174,0.3179185231039875,0.31654203662105374,0.3037672361776702,0.29829820026543374,0.2837010650216548
ACTTACTAGACCTAGG-1-NBM-6.138P,0.3707942823482644,0.25918606825690454,0.2540702567514673,0.3504515912381074,0.386928595054816,0.3196367779709781,0.3178525385525367,0.3054120498834975,0.30204388823085354,0.299851375250619
TGACTTTTCTCATTCA-1-NBM-6.138P,0.3649016230821582,0.2571326819163928,0.21592219509252267,0.3593832769480771,0.39374250008200673,0.3286373642059135,0.3412979584729429,0.31196435321010246,0.3073942388213798,0.31669919154413395
CTCAGAACAGCATGAG-1-NBM-7.138P,0.3518826152293624,0.26351148299141636,0.2789510351944122,0.3623455434412505,0.3880180664595689,0.31499937647657994,0.32032736721079047,0.29651173278954857,0.2930793719615392,0.28202462132515727
GGGTTGCAGGGATCTG-1-NBM-10.138P,0.3520019095758855,0.2610181644776902,0.2999107727675526,0.3574533724669414,0.38159797674952306,0.3271875761199029,0.31364782101491623,0.3041216897090093,0.3004494858705575,0.2924828664557651
AACGTTGGTACCGAGA-1-NBM-7.138P,0.34883125822902594,0.3121475289656219,0.33530254563821493,0.36683635623047905,0.3847262087159679,0.32303892470805007,0.30410344185293015,0.2919678302297886,0.29653970897597803,0.28603302322241353
CACAAACCAGCTCGCA-1-NBM-7.138P,0.36184434146855493,0.2676345071475716,0.30388890438354843,0.3602297821987381,0.3854128547397153,0.31357024250990967,0.31083469677820985,0.317442832060208,0.293123769457849,0.2876403858867294
AGGTCATCACATAACC-1-NBM-8.138P,0.359649098385992,0.28020784630404955,0.2778582425843674,0.3590258316784861,0.40413405081907594,0.3201337242529072,0.3224212335417868,0.29662032965713525,0.29403671663361625,0.2846165791619282
TTTGTCACATACAGCT-1-NBM-8.138P,0.358767867470404,0.264131339169362,0.2443090714572612,0.3577041236635477,0.4025172198941474,0.3209391400883047,0.3248353978581367,0.3049492108527785,0.295784998143964,0.292453649067298
ATTGGTGGTCACCCAG-1-NBM-6.138P,0.36026143446031905,0.2556194641921724,0.29394645573104244,0.365391514405808,0.38549673538342405,0.32844510583336606,0.32755305709635407,0.30704476941004,0.3038358774479268,0.29301961153225337
ATAAGAGTCTTTAGGG-1-NBM-10.138P,0.34807348761423273,0.2964260281587942,0.29453386264905657,0.36739534262537343,0.3869204017206356,0.32306393178510345,0.30522564949825204,0.2941030390699143,0.29439254932507736,0.2823833516949378
AAACCTGTCGTAGGTT-1-NBM-10.138P,0.35549224516426264,0.26748415439136186,0.27509310665816783,0.37033857928282576,0.37909948160544005,0.35006150350872944,0.3153898745981399,0.30084549909331104,0.3197440167153889,0.30794955611756614
TCCACACCAGCCTTTC-1-NBM-7.138P,0.36155240451559406,0.26940507977580075,0.26595874326510965,0.3599289469887242,0.39369632799072296,0.32564333260324213,0.3054460419813045,0.29917293369164405,0.3035402544196251,0.2923792687706529
CTAACTTTCAACGGGA-1-NBM-7.138P,0.3565040839814428,0.2726784099816989,0.29528428894243297,0.36012991555732404,0.3865779712237281,0.31877508369072655,0.31070493812907257,0.30915105315178343,0.287397482921791,0.2907560262123887
ATGTGTGAGATGTGTA-1-NBM-8.138P,0.3900584320554846,0.26757155067057004,0.20168725160904372,0.3525867657128209,0.43188029923945526,0.31219924697790796,0.3482527423646943,0.33146925843626773,0.3141354616116315,0.32007084958659215
CAGCTGGGTAACGACG-1-NBM-11.138P,0.3632646309260538,0.2756556855233238,0.3217802911885282,0.35365624953785346,0.3886607442428096,0.32805370181920707,0.30087589059513903,0.2992559708091812,0.29291185991626867,0.28670824540000084
GACGTGCCAATGGAGC-1-NBM-8.138P,0.34732088079117934,0.27220378366718306,0.27890210042904556,0.3585367509625227,0.3949636208578418,0.31294618016748665,0.32266483045602096,0.303386330600529,0.28256946437153274,0.2790836421214385
TCCACACAGAGTACCG-1-NBM-8.138P,0.35342417993310726,0.2666606205063627,0.22688077739617682,0.3526419523221529,0.38771609717651184,0.32762191399412727,0.3214253270897627,0.31931883444909254,0.3030330748366558,0.3060746642268388
CAGTAACCACCGAATT-1-NBM-8.138P,0.3568303262688621,0.27064316974819663,0.22309259581181473,0.35266021425809946,0.4090973056990948,0.3232342100703292,0.3243429961345995,0.29988077416340386,0.29730034149854423,0.29536446555558016
GAGGTGACAGGAACGT-1-NBM-10.138P,0.36674138714697546,0.26246994284874875,0.29910129984639344,0.36397620540792947,0.40084369933799757,0.32919862007174955,0.3184448808327674,0.32229039480790567,0.2979130460053559,0.3106350306957067
GTCTCGTCATGCAATC-1-NBM-6.138P,0.35411463436183865,0.26059301654829625,0.2918054514048133,0.36590754060094294,0.39229528850707895,0.3216790712390596,0.32454235770857964,0.2971578890331597,0.2919080175999008,0.2903920062716646
GGACGTCCATGTCCTC-1-NBM-6.138P,0.36080392946232526,0.2595302318717262,0.27448745950253994,0.35819855046363774,0.39096451876803023,0.3178565702879749,0.32303879177552886,0.30846155757916377,0.29031998597673775,0.2952926546152853
ACTTTCAGTACCGAGA-1-NBM-7.138P,0.3467660215908041,0.26644837483513256,0.21017791440045008,0.3498750905013183,0.3738079977546287,0.3012412469418663,0.31009445880428227,0.3131425413025689,0.28665803529227574,0.29474430913743743
TCTATTGAGCTAGTGG-1-NBM-2.138P,0.344512602094793,0.26163190518440915,0.24862605514381111,0.36989148996757176,0.38524265840467314,0.30911133882160335,0.342287855549252,0.30134240044037197,0.29857152044544827,0.29315591723365586
CGTAGGCAGTCAATAG-1-NBM-8.138P,0.37642307348466747,0.28205909129441603,0.2127029214985635,0.3623205222122691,0.42142437960621437,0.3262975131741194,0.33244789133322566,0.30969592859858047,0.3005155770024357,0.2973968640260122
TACGGTAGTTAAGACA-1-NBM-6.138P,0.3450091472382443,0.2623971478661043,0.2708259780283163,0.35924588656184236,0.3826454680796253,0.3151909393859132,0.3271281937353041,0.29395420052255755,0.28746253737419974,0.2851792823178942
CTGAAGTTCAGTTAGC-1-NBM-8.138P,0.36854717631726513,0.2852546013379944,0.1887887449063765,0.36128863654032517,0.4114650021469062,0.32845404863734284,0.33143380697571434,0.30747925093810274,0.30770863339433985,0.28566107157863213
TCAGCTCGTTAGGGTG-1-NBM-10.138P,0.3495351622238791,0.2618091780308064,0.3067437935474753,0.36158047739416943,0.3871180460331846,0.3258668194077154,0.3110365521018352,0.2987172099476088,0.30378532651739154,0.2901650808130838
TTGGAACGTACTCGCG-1-NBM-6.138P,0.354564901100672,0.2601329439235379,0.2905075724785864,0.35827961223809174,0.38383680904252787,0.3290191649488117,0.3236898687432481,0.2981900510513498,0.2914881080832567,0.29276477237990906
GAACCTAAGAATGTTG-1-NBM-10.138P,0.3544804830519337,0.26828324955678434,0.2639947789533167,0.36701185633568434,0.39089349948905017,0.3241520923711059,0.3081793789715023,0.2970305588090849,0.30418379532040557,0.29403962211255835
CTCGAGGTCGTTGCCT-1-NBM-7.138P,0.3635833194387247,0.2670355724578662,0.3021664441533276,0.3565289232097999,0.38484825075688744,0.33136723030741305,0.3096850457877362,0.30500618824928133,0.30893758606696387,0.2796606219163668
TTCTCCTCATGTTCCC-1-NBM-1.138P,0.3760990731301631,0.25879252718686346,0.2595922477433006,0.37864996337862383,0.38670222631073065,0.35617929259526376,0.3413431807318805,0.3143358981177869,0.33104612922912113,0.3034667826715234
TACTCGCGTTAGATGA-1-NBM-1.138P,0.370934086020339,0.27508272462026867,0.3150873468921131,0.39183470577708807,0.38929805571202736,0.3693788575152324,0.3393887458567028,0.3042083938412215,0.32181382956353116,0.30087363331035694
AACACGTCACGAAAGC-1-NBM-1.138P,0.3776116889530838,0.26782473288466846,0.2775662399330074,0.3831170325909454,0.3981655667224403,0.3584655376870341,0.34791703789670014,0.3130342751811957,0.3233927794128665,0.3097797954452323
ATCACGAAGAGTAATC-1-NBM-6.138P,0.347343346166477,0.2583915749364297,0.3065990765612425,0.3679458982987171,0.394822933659827,0.3260874836721942,0.32355259022248534,0.30042393918355226,0.28794424623321313,0.2980017445677767
AAATGCCCAGACGCCT-1-NBM-1.138P,0.3690328908599133,0.2599790245644456,0.32792068367329436,0.389379833979762,0.38137315718457404,0.36943960079808313,0.3353574739039661,0.3049169375183829,0.3273674427130032,0.29200356692720764
GTCTCGTAGCGCCTCA-1-NBM-11.138P,0.3529279493019158,0.26536809845771686,0.2462264013236656,0.3571785086175248,0.39289613390838657,0.3270770596053497,0.3204442970329632,0.3051698455659121,0.29356583927033775,0.2890601188963754
CAGCGACAGCGACGTA-1-NBM-1.138P,0.35615268686479357,0.2506273761836603,0.2524134184580188,0.3726952716022128,0.3731445049635222,0.36054142239348747,0.3279027933368985,0.29609798212206023,0.3142239700067341,0.3044103567256077
CTTGGCTGTCATCCCT-1-NBM-7.138P,0.35466740513817663,0.2836542162695922,0.27460754212096405,0.35095122524035544,0.3905869356635777,0.3429663352874096,0.31135093023323984,0.31275055469474905,0.29437614680127155,0.30936321122231725
TCAGGTACAAAGAATC-1-NBM-11.138P,0.35074741691581285,0.28303664400187123,0.30923419729812074,0.36182190092165284,0.39584279776273507,0.32347611967573897,0.31717020714358896,0.2945199094977648,0.2970838665947066,0.2851354970920232
GTGCAGCCAAGTAGTA-1-NBM-10.138P,0.3471466587665513,0.2763278316534317,0.348762700867533,0.36512503520395084,0.38117610846448474,0.31604765827426196,0.3041529239685307,0.30165583276875,0.29503101626179673,0.283020158666688
GGATGTTCAGTAAGCG-1-NBM-8.138P,0.3586580586717088,0.27808549753968925,0.30954856312575024,0.36469048278367194,0.40250642437355905,0.3253300350758566,0.3275140070157704,0.3046163243007705,0.2961146997226613,0.2914291980755967
CCACGGATCCTACAGA-1-NBM-10.138P,0.3424047928349657,0.26749919098473157,0.2952720469685043,0.37142875504714595,0.38970864640328123,0.32380229874433164,0.30908269625015955,0.30503832001541514,0.2986279008316882,0.29546185441822537
CTCTACGAGAAACCTA-1-NBM-7.138P,0.3442162887183511,0.26008520822066694,0.27213231238364266,0.3559579669986789,0.3727384602930962,0.32430554588178795,0.31111261410786456,0.29153964404219374,0.29124063040464876,0.2832456035582663
CGCTTCATCCACGTTC-1-NBM-2.138P,0.34723823645456914,0.270017828843812,0.24573099891076022,0.37182777167905806,0.3947434974920257,0.3220381009336453,0.3537742248585155,0.306252834340962,0.3151003496986266,0.31039590939364875
GAAGCAGAGCAATCTC-1-NBM-7.138P,0.36030984548525885,0.2642415513721074,0.2905286066645822,0.3626790365479407,0.387602371656303,0.32411275534017925,0.3206913245618129,0.3024812007196959,0.2937461944705339,0.29026782102620285
ATCCGAATCAAGCCTA-1-NBM-6.138P,0.35174163383684715,0.25917827464229987,0.2613487598106127,0.3620656322270882,0.39109681892356785,0.3243017444619278,0.32977272348647513,0.2984305483671901,0.2990792047173476,0.2892088945669211
CCGTTCACAGATGGCA-1-NBM-11.138P,0.346110186634925,0.26345830946405563,0.29429856193086984,0.3577656820617391,0.38947052533029886,0.31882377413473095,0.3175396359897745,0.2981831444837376,0.288244916598818,0.2833174621509933
CGGAGCTCACACAGAG-1-NBM-8.138P,0.3652197776984751,0.27168398176325576,0.21189258232864344,0.36281935545286376,0.4142648337571889,0.32209679917192174,0.3424938805148656,0.3153098337216372,0.2925961297602528,0.28981096268010165
GGACGTCGTGCGATAG-1-NBM-10.138P,0.36047803339604445,0.26813103667159005,0.29227313141306116,0.365307397496405,0.38597049348239365,0.32901285399112057,0.30183365223903347,0.31504353950122954,0.3038816557426197,0.29074758189701716
CCATGTCAGTTCGCAT-1-NBM-1.138P,0.3732497100985759,0.25148135722366216,0.26689499639617426,0.3791844628208798,0.38035133553607847,0.35899473782712354,0.3273836704674171,0.30946323884120386,0.31744959967152003,0.3037178956034462
AGCATACGTCTCTTTA-1-NBM-7.138P,0.35961686235340806,0.2688781538366559,0.2752521757515389,0.3576517908208897,0.40027200652664,0.3263928608053865,0.3182432769080688,0.29636297561076075,0.30191411939152796,0.29041582564681295
AGCATACCAGATGAGC-1-NBM-11.138P,0.3678242351549954,0.2772781828300799,0.32560134096851967,0.35731662121950325,0.3917989252284315,0.3238768922130243,0.3066855949300097,0.30597542773464115,0.2887367041613232,0.2937920271837977
CGAGCACCAGGGCATA-1-NBM-8.138P,0.3693784653183095,0.2797990913512725,0.20425748011274686,0.3525374927170144,0.42125725163362376,0.3300462960885779,0.33185714225818064,0.307565021935254,0.30427336356692913,0.30782996126990747
GGATTACCACGTCTCT-1-NBM-2.138P,0.35066155083139694,0.2530995682886933,0.23004355721015754,0.36503188847106977,0.38555172911249735,0.3141745771608405,0.3376849039744675,0.29030113006832386,0.2889631580524869,0.28325921707856216
AGTGAGGCATTCTTAC-1-NBM-2.138P,0.37835315550874116,0.258017099088503,0.27557721660808493,0.36279852284971437,0.39375792242048274,0.3172575590414066,0.35355714888535905,0.31204296459159203,0.3222947757038316,0.32132103771731885
GCAAACTCACCTCGTT-1-NBM-2.138P,0.35883740508367845,0.2611974023335959,0.2723200905952412,0.3583835176221159,0.39048117123441317,0.31648551312292955,0.3236891080709806,0.3063072801160118,0.29116172454879485,0.29323561690489186
GGGTTGCGTGTGACCC-1-NBM-10.138P,0.3555265836103534,0.26587583485688476,0.2495379307661668,0.34920681348154,0.3846906338792714,0.32764854488702366,0.31623971187957395,0.3139459565006159,0.30443323341622053,0.3018732044446105
TCAGCAACACACCGCA-1-NBM-7.138P,0.36482109027620124,0.27415284264043427,0.24491062275199893,0.35295383065457564,0.3901875827388925,0.3293016137547096,0.3059183417698607,0.3090551758993763,0.29227118633452326,0.2861421850424475
TAGCCGGTCCCATTTA-1-NBM-10.138P,0.35404239705414947,0.26046067636727627,0.3042885247066315,0.3602495022572676,0.38635073984343155,0.32048831083562984,0.31185438689840106,0.3010485968329289,0.2903767253760938,0.2903726418053035
GCCAAATGTGACTCAT-1-NBM-10.138P,0.35314383162588037,0.2659758295002251,0.29477919816040316,0.35799622415852334,0.3790715749643865,0.3149298466684525,0.3040000991179223,0.3036674058343886,0.29719192918294135,0.2914893182720105
CAGTCCTGTGTAACGG-1-NBM-6.138P,0.3821851722693048,0.2658596348207619,0.27764157348463003,0.3575699124286913,0.4011984296854523,0.3394056513082057,0.33391944701899934,0.30225888888787783,0.3175351608364451,0.3177102243007473
ACAGCCGAGTGAACGC-1-NBM-7.138P,0.3508966439717061,0.2668443875093481,0.3449777247019846,0.36311264373263963,0.3800273989284037,0.3197155631104713,0.3151209402363985,0.2935466779954897,0.2846178474802451,0.28116432694092997
GTCTCGTTCTGGTTCC-1-NBM-8.138P,0.3697833699260294,0.2691093026835397,0.23543180067823055,0.3578440799386318,0.41697559906564957,0.32739105219021514,0.33757240945318023,0.31748723942924,0.3119186923295808,0.2980398578751857
ACTATCTGTGCTTCTC-1-NBM-2.138P,0.3526644001695624,0.26631686153064893,0.2889967325824814,0.361022290072762,0.38636385458563466,0.30892996063301603,0.34161545990426795,0.2990308427357286,0.29592740512240423,0.2982463470713972
CTAGCCTGTCTAAACC-1-NBM-10.138P,0.3429943997305623,0.25757965676911343,0.32607352661170663,0.3702742476244223,0.3876469401817117,0.32898941031640055,0.30899623059759823,0.3045983339480578,0.28447664236955766,0.2834119339049649
AACTCTTCAAGCGATG-1-NBM-7.138P,0.3554380653724495,0.2692045060992445,0.2834160936142113,0.3523222879538505,0.38162020429611276,0.31442336703890944,0.3095578566161333,0.29533981904201845,0.2869019861607863,0.2867063869414728
CTCACACGTGATAAGT-1-NBM-7.138P,0.34580390071103395,0.2608455574386871,0.26966086237358544,0.35614712423396916,0.37296453829399817,0.3214413874880458,0.3109582127369701,0.30028389893470064,0.2904015896163896,0.2803669702206268
TGTGGTAAGGTTACCT-1-NBM-1.138P,0.35070732912970115,0.2528577290688365,0.31216835246393343,0.36272609316970117,0.38336047878120866,0.33001919309251954,0.3181857713318038,0.29849417110549453,0.310401470193836,0.3080310789335687
CCATTCGGTGCTAGCC-1-NBM-8.138P,0.36020962028975917,0.2714690006096729,0.2449593829469384,0.3542547284096701,0.4065735547727871,0.32165160323769715,0.32102409128707143,0.30205852152667684,0.2995835815772788,0.2851135774845922
CATGGCGAGACCTTTG-1-NBM-8.138P,0.3821398571215193,0.2635873887923783,0.23730812347521021,0.3585836836180875,0.4297926532174294,0.31613308639800314,0.34180047937000113,0.31588784932533104,0.3091255798472858,0.3170533295442732
GATCGATGTTGGTTTG-1-NBM-11.138P,0.35752109128040227,0.26865239172870775,0.2944835363071519,0.3579637237337971,0.38751215809237466,0.3122090882505967,0.31407416831304397,0.30655107463001346,0.2933959072990495,0.2891796182863785
TCACAAGTCGCCATAA-1-NBM-8.138P,0.38583149495216823,0.2797089042864177,0.24473683598289417,0.3661578472732617,0.42946246365842006,0.33008490928988743,0.3463557638672848,0.3200566077217767,0.31910055848897173,0.3205971821922914
CCGGGATAGGCAGGTT-1-NBM-10.138P,0.3586204167709479,0.25951541825341523,0.298469660746503,0.3698747468953685,0.39383617858027015,0.3208344264693751,0.3183158672395862,0.3149340972254433,0.2979566675187026,0.2864924323397384
TTCGGTCGTACAGACG-1-NBM-2.138P,0.36745422478026885,0.262308721700545,0.29501461026499687,0.35840532544328363,0.3931735659801217,0.3109029990131294,0.3199739911294961,0.30841711774423053,0.3088547044940678,0.2949711876410615
ACAGCTATCTACGAGT-1-NBM-7.138P,0.35291737954702007,0.2657203062568949,0.23129642713640838,0.35738483383830666,0.38888047963363825,0.31369756159624795,0.31555163456532964,0.29544351795878415,0.2919137644040565,0.2750119956987888
CTAAGACTCACATGCA-1-NBM-11.138P,0.3544416055704352,0.27168677491516996,0.33558024269885983,0.36417426323214874,0.3858072934453822,0.3245438250929428,0.3157748436810788,0.2991117897878166,0.2851963262230031,0.29061152052068706
GACGCGTCATCGGAAG-1-NBM-8.138P,0.36510563508580945,0.27648631339176544,0.2108296641027297,0.3619699995518338,0.4123801705450432,0.3191069105281679,0.34412119526442386,0.3173494041493776,0.2971755545187738,0.2908459783613027
TCGTACCAGCGTTGCC-1-NBM-7.138P,0.3428615573697417,0.2607942648680675,0.251385289752446,0.3576440457213974,0.3743604258009281,0.3261024270910566,0.3066385627383625,0.29294525970623936,0.2922803526904553,0.279399213514393
CCGGGATTCATGCATG-1-NBM-10.138P,0.3485878380120751,0.2565111804010334,0.3226149510215876,0.35848567762145256,0.37267238658955987,0.3218120892806745,0.30569031770876914,0.3028866058500404,0.3035714669166444,0.28798145448882684
GCGGGTTGTTATCCGA-1-NBM-2.138P,0.34731181750389967,0.26015756395688366,0.2632498701691693,0.36922212510079794,0.3817579096997669,0.3285301440469325,0.34899930044848365,0.29424473533995604,0.3029057908672932,0.2829522518322544
GGACGTCCAGACACTT-1-NBM-7.138P,0.3533218039234043,0.26982513520508616,0.2800394395159761,0.35735965455020363,0.3826126472022967,0.3177298570303247,0.3026740536513716,0.3029480279846997,0.29798857420213454,0.2829060120341105
TGCCAAAGTACTTCTT-1-NBM-7.138P,0.356490709677493,0.2794907275066552,0.29780954919137015,0.35577486294580724,0.38338728522480703,0.3318411257286839,0.29358485484887814,0.29362158809022826,0.29268717730779453,0.28051335286737455
TAAGAGATCTCCTATA-1-NBM-7.138P,0.3627027923010208,0.275377101267093,0.27295745869007515,0.3507306272255545,0.3882499370047702,0.32938564555857736,0.3027087553277074,0.30755756930242617,0.29316321649565785,0.2831015693150213
GCTGCGATCATGTCCC-1-NBM-11.138P,0.36589326853097043,0.28127519847771465,0.29510555704040664,0.3566581086940617,0.3926804898227724,0.32360265779761554,0.30123062892066266,0.30378317665766247,0.30029452475610335,0.28844409025040013
TTATGCTCAATGTTGC-1-NBM-10.138P,0.3586059610755589,0.26557131251187166,0.3582060178620473,0.3622665162845397,0.393176972458905,0.32342072487150186,0.314647818092909,0.3040655600262153,0.3083149607021159,0.2959845563384786
TCGTAGAGTAACGTTC-1-NBM-8.138P,0.3688866170002785,0.2869564699289418,0.26895900488321745,0.35405226715369087,0.4045985752691175,0.3183954093359643,0.31962414320729393,0.3081145179809262,0.3005160762314443,0.2815771182393713
GGACGTCAGCGTAGTG-1-NBM-10.138P,0.3487588932321284,0.2685044984224537,0.3130069654994626,0.3662561700524566,0.38516040337872914,0.3270156618261357,0.31094974442679046,0.29968319478359856,0.29482472790111686,0.2845727329759062
GGTGAAGGTGATGCCC-1-NBM-10.138P,0.34990471936501083,0.267249073373358,0.3011556303639896,0.36126279284117874,0.38640289531900446,0.3192007587583212,0.31051286879224,0.29961555667367007,0.2871273958096614,0.2831709452888679
GGAAAGCTCAGCAACT-1-NBM-8.138P,0.3434949364655828,0.2669873356470515,0.27445421121369645,0.36621876309043977,0.38683216127158876,0.3195657135687705,0.3169224731069846,0.29582775836048897,0.29265981934103363,0.2933258634858653
AAAGTAGCATATACCG-1-NBM-8.138P,0.36272075201969906,0.2877738494787687,0.26503063190998544,0.3593139316571363,0.4118240656588858,0.3164286183456841,0.3227204372677559,0.3002964624238978,0.2922726226483253,0.29262876993908693
GCGACCACAGCGAACA-1-NBM-1.138P,0.361200684995232,0.2627243363293317,0.2992348755764711,0.38407827608276923,0.3839095590874498,0.3631470059015463,0.32881103629933833,0.2978930707029857,0.32304173297207267,0.297379037258427
CGTCCATGTCCTCTTG-1-NBM-10.138P,0.35817329955417343,0.2631307545077337,0.26757183505598153,0.357701197625617,0.3962535892800858,0.3157060758624811,0.31269000744482706,0.3038077312085414,0.2977994814783305,0.2871906112273123
TCAGCAAAGAGTAAGG-1-NBM-1.138P,0.3655074488298802,0.2537330642518125,0.2898320166392226,0.37103005459956057,0.3877841406481178,0.33910468641408775,0.33003960450762637,0.3072868878936187,0.3188464364744476,0.2922482877254837
AACTCTTCATCGTCGG-1-NBM-10.138P,0.3521287765148558,0.2739527969211026,0.30285564068418247,0.3684549958386923,0.3903013720251734,0.31345699165804725,0.319487792430446,0.2983795865226794,0.2968376900070074,0.2855899626680102
CCGTACTAGCGCCTCA-1-NBM-4.138P,0.3570443006323375,0.2588472817660813,0.28653690858358627,0.34759395947856603,0.38238799859660383,0.3198395739277404,0.33001111295305047,0.3053699743904543,0.30021998728443633,0.3148000082285707
GCTTGAAAGATGCGAC-1-NBM-1.138P,0.3566682791045165,0.25423187193786595,0.2696641414877761,0.3767991815276171,0.37555094776941067,0.3621547764046597,0.3284486996846557,0.2984922758497016,0.3161056790021217,0.30337020347219257
CAGCTAAAGTAACCCT-1-NBM-7.138P,0.35783722336884444,0.2642817676151173,0.27985491673508517,0.35915919373480776,0.3873865367910596,0.31347036971120773,0.31579374934135973,0.3063300536974432,0.29440376476592833,0.28906733239644206
CTGCCTATCGGTGTTA-1-NBM-6.138P,0.3504068228429165,0.26443211032334063,0.2903761750828889,0.3655545381055211,0.3894611662865624,0.32076179601405513,0.3194280116808014,0.29419212555948415,0.2962641930925809,0.2856211081790845
AAGTCTGCAGGAATGC-1-NBM-1.138P,0.3680073733115892,0.2618878734724987,0.299046461591746,0.3860090999917092,0.3791623588597711,0.3693616980546156,0.3371466029131991,0.30812697807834594,0.33635458324178724,0.2932621205303457
GTCCTCACAATACGCT-1-NBM-7.138P,0.3531324151788608,0.26127614403954497,0.3019814669462595,0.35394479401735535,0.3772186030794063,0.32267382825604446,0.30916674215063294,0.2965938116775595,0.2952547984335948,0.2879909498719004
TGAAAGAAGCAACGGT-1-NBM-7.138P,0.3596597956943513,0.2593916996077505,0.264745018339056,0.3485471901634484,0.3898397545855466,0.32472813491330665,0.31152274316669487,0.30264751770875264,0.296430293802557,0.290381563029066
TCATTACCACATCTTT-1-NBM-7.138P,0.35615648607619144,0.26842341748477483,0.26670201296586293,0.359585575540704,0.39778031648910805,0.3262858135514936,0.30436722342376765,0.298414152296625,0.29986058604446136,0.29312736784412696
GCATGTATCGTGGTCG-1-NBM-10.138P,0.36683451752796564,0.2660940725413756,0.3073036983066002,0.3698692616362155,0.395120963136061,0.335456165071802,0.3253643925149941,0.3200983564227987,0.30319126170635496,0.2959820788461249
GTACGTAGTTGGGACA-1-NBM-11.138P,0.35239762850209283,0.26190194001132644,0.25317259208193565,0.36049841817643763,0.3868008315370417,0.3225412469114254,0.31208742134418965,0.2996607438006832,0.2916002088350103,0.2833459047012594
TGCTGCTAGATGAGAG-1-NBM-7.138P,0.3470714951182831,0.26089911771464536,0.24815699924711626,0.3575032362306079,0.38744936267288177,0.32545270385514985,0.3205189390102521,0.30096558448850474,0.2936226597394066,0.2832568309696986
ACGGAGAGTCGCTTTC-1-NBM-7.138P,0.35128518223529104,0.26337900833535377,0.27886933818525134,0.3540183447933634,0.375661844918997,0.32391539756277415,0.31036879868550327,0.29604511586442606,0.29268863327272593,0.28419723388370866
AAGGCAGCAGATCTGT-1-NBM-11.138P,0.35219758192300094,0.2624405549197269,0.28284214108084266,0.3642410009454847,0.3859340467079836,0.3164346022842608,0.31960568398583106,0.29445490764079835,0.2871403097910809,0.28596457434968964
GGGCACTGTTGGTTTG-1-NBM-11.138P,0.35885040973708376,0.2623076997756688,0.31309647245827493,0.36064691974049856,0.38711383615177325,0.3179366938383868,0.31451673664946894,0.30682605203597685,0.2981577887899996,0.29303757016819226
ATTACTCGTTACCGAT-1-NBM-7.138P,0.3464335452413504,0.25421291298456267,0.2915832510174046,0.3571469177497427,0.3720710007166999,0.32729895387068153,0.3078287632347406,0.30000843379863223,0.30237455459505413,0.2862259806836363
CGAGAAGCAGCATACT-1-NBM-8.138P,0.36800311014703146,0.26608961493208166,0.20359113281344848,0.3519868243427741,0.40503622842096587,0.3231928310803293,0.3164986781560512,0.3101908554322173,0.31093454262476816,0.29177232299135797
TCCACACAGCTCCTTC-1-NBM-10.138P,0.36223918498315655,0.2682399887197134,0.3110376554844273,0.3647446988791798,0.38714847787288226,0.32708161743645453,0.3016155531836351,0.3152559318245621,0.3063227940108907,0.2913566181344082
CCTAAAGAGCCCAACC-1-NBM-10.138P,0.3425165841453853,0.2652144821982401,0.17254537496088937,0.34743941348510227,0.3711929813445104,0.30417464737535815,0.3070829290138996,0.31741724175240243,0.2863940747996476,0.29558917887301905
CGAGCACAGTTGTAGA-1-NBM-10.138P,0.35156049229902825,0.2649123746244136,0.35734703729283734,0.37455336769476444,0.3867737445820992,0.32411963877248606,0.3154071476744079,0.30609908237072164,0.29069913917446777,0.2914378255343601
GTATCTTGTCCATGAT-1-NBM-8.138P,0.3570680144269805,0.261959035727153,0.23076151227044417,0.3470974610810381,0.3901594592993608,0.32792832028312124,0.3227021654489203,0.31833883767262133,0.30107316331938866,0.3046649684861755
AAGCCGCGTTAGATGA-1-NBM-8.138P,0.36828435417198,0.2670537114323791,0.21548482937752403,0.35368307370045887,0.4155238532059133,0.31781897152531924,0.3265945081884745,0.3066582642472673,0.2993961071314882,0.2923937367907727
TACTTACCAGTTAACC-1-NBM-7.138P,0.3540682788224996,0.2548135352997355,0.2874679328076795,0.35348757322053265,0.3834153649901989,0.32789865313305866,0.3277951344863714,0.30185381453543,0.30365749107845136,0.3036367186898393
TCTGAGAGTGACAAAT-1-NBM-1.138P,0.36921312401469747,0.2549995420906613,0.2716214960231808,0.38586773819064807,0.3792939856184848,0.36906637428897704,0.3308847391164936,0.3030992921004536,0.3226885089623258,0.29326203846384
GCATGATGTCATTAGC-1-NBM-7.138P,0.36346870717562574,0.256663558010111,0.2779223907011786,0.35024202046288666,0.39194983755578716,0.3231322879837567,0.3132720786742369,0.30766958752524903,0.29612893771057924,0.29715806188305677
GTATCTTTCGGATGGA-1-NBM-6.138P,0.34782689776809406,0.2620933795271695,0.2973721714679518,0.3567869743928771,0.3899976994270173,0.3190461689164238,0.3174660706171147,0.29599070300206753,0.2894754542641057,0.28584601057036396
TGTGTTTAGATGCCTT-1-NBM-11.138P,0.36029171164624957,0.27205785025408424,0.2547661882083269,0.3541453191883835,0.40603808845778105,0.3258154880458494,0.31439726734206797,0.30644435721340396,0.29754098707616544,0.2940179638312176
GCTGGGTCACTACAGT-1-NBM-2.138P,0.3608458469590811,0.2670556112876124,0.18166472848363596,0.36251158277693557,0.4071570758728941,0.32035579368596484,0.33891238044306454,0.3041502792855888,0.3116795188947333,0.29455385206654505
CCTTCGATCGTCCGTT-1-NBM-7.138P,0.35500870369089343,0.2682311346735511,0.2715317148329721,0.3553122161117619,0.39194561970101505,0.32502011297749017,0.30198533223953467,0.3043427548946413,0.29418676578558084,0.2887598105473649
ACGTCAAGTAATCGTC-1-NBM-2.138P,0.344534238423131,0.2587077195295967,0.2447418400510941,0.3596274132421731,0.3883414745300334,0.32530303491960083,0.3293048263363288,0.2991198159582192,0.30336229882068916,0.29039581682402643
CCACTACCAGCCTTGG-1-NBM-1.138P,0.35479138445674574,0.27182535215802534,0.3443982442365349,0.365136901827263,0.3869683046578383,0.31731613692425675,0.31405987844564,0.29298196743693816,0.2825396129792476,0.27946321074391556
TCTGAGAAGAGATGAG-1-NBM-4.138P,0.3620859759116181,0.26008919348530357,0.2569181057250845,0.359204202731852,0.39315976432157296,0.3348201856284193,0.3197859802443351,0.30004810393033987,0.2995331233028015,0.2958453517419463
GGAACTTAGCAGGTCA-1-NBM-8.138P,0.3551748586443415,0.2793251610087877,0.3069231011791412,0.3642711941617061,0.4003415344024401,0.326151039820989,0.3239346230117849,0.3025998073491725,0.2928257911158266,0.2904674067423975
TTGACTTAGGATATAC-1-SMMl-1.138P,0.3927304869838258,0.2802145126476561,0.2555070813182205,0.3714757706534064,0.3945116781444352,0.3385797253415063,0.35990549461152044,0.3732749557481775,0.3790556402564477,0.35335450583441547
GCTGGGTAGGACTGGT-1-SMMl-1.138P,0.36787369217177746,0.2672468219357735,0.25576143997441547,0.3692959572071215,0.3865195139914483,0.34841889899095857,0.32218013757037167,0.36015689828581626,0.36475475516142086,0.33139028281208854
TCAATCTAGCACACAG-1-SMMh-3.138P,0.3507518213081652,0.27020692832835896,0.16928780334040436,0.34891587904727217,0.3989651394296264,0.3070041058091059,0.33085950445302104,0.33219427964904774,0.3004601529322338,0.34362165308497694
GAAGCAGGTTTGGGCC-1-SMMl-1.138P,0.3512086695596063,0.2619260431319335,0.20644907303542717,0.36690869450106295,0.37780270853293424,0.33405799784941215,0.3116028662646537,0.3369050407668977,0.33512812874980324,0.2965057852602575
TCATTTGTCTTGAGGT-1-SMMh-4.138P,0.343574095249419,0.2880963815921277,0.1786769298288624,0.3650081846536392,0.3796619430796749,0.31224492919090663,0.3319131045550073,0.3444098074327402,0.3085964582149749,0.3253616052495943
ACGTCAACACCAACCG-1-SMMh-6.138P,0.364414546081083,0.27115199577929444,0.2502262856641964,0.34794105771245654,0.38778267011696604,0.3121322396568396,0.34314547360822945,0.3185822093350777,0.3031088247294619,0.3371067091798785
TACGGGCAGTACACCT-1-SMMh-6.138P,0.35982255831323345,0.2717154206932634,0.3024261448620161,0.352818885654464,0.3973860671972443,0.3167346811874227,0.34727738065100483,0.32277703056081236,0.29919509343385753,0.3382852943032625
CCTACCAGTGACTCAT-1-SMMh-4.138P,0.34347635217910966,0.279853863995021,0.19326415399031333,0.36909777053643333,0.3963497966872717,0.3240174497248854,0.33655429031020795,0.3440933438131638,0.3101365603209382,0.323513146159913
GCAGTTAGTATGAATG-1-SMMh-4.138P,0.32795351206253764,0.28588729307159694,0.19714961850570495,0.3705425737275082,0.3896919681997924,0.3189872297778123,0.3368251029687186,0.3291996318784363,0.3026340743803418,0.3029338100389132
ACGTCAAAGCTAGTTC-1-SMMh-10.138P,0.38488971740493094,0.297787198589989,0.2943815456354917,0.35082258662974947,0.38903460241670534,0.3582944103444962,0.31102635317004373,0.3523704578092958,0.3580632112868576,0.33410373963613055
CACATTTCAGGGCATA-1-SMMl-2.138P,0.37206080836885136,0.2596066308210339,0.32135504059351955,0.35473167862980454,0.39090772698057075,0.3169539412452296,0.328151727231767,0.3177622280512668,0.30682049943791645,0.31909197465887473
TCTCATACACTAGTAC-1-SMMh-4.138P,0.3394846040163776,0.28184606801309786,0.17640756409639358,0.3659141080531524,0.38569212710166995,0.3144086259186944,0.3334434712145317,0.33629421255970854,0.2985475035691614,0.309161204655097
AAAGATGGTTATTCTC-1-SMMh-4.138P,0.3391322173803982,0.28491403496342166,0.20987438631495567,0.3728713027270502,0.3920682750281592,0.3218162173505591,0.34168475953284627,0.3380134252276808,0.3055900824870852,0.3125167805028716
TCTGGAAGTAGGACAC-1-SMMh-4.138P,0.3352813358106746,0.28388881142725375,0.17571539139922732,0.3676632520977085,0.38933032779966453,0.3201584823797969,0.33475261669820067,0.3358223631202981,0.30035462429159054,0.31147632041652645
GTTCATTAGCGATGAC-1-SMMh-4.138P,0.3515800096091343,0.27014915119482086,0.25851946121341884,0.3601666340211975,0.4046996634752553,0.3090959823885123,0.35495204240092537,0.3422335570598861,0.30927503114436394,0.328211392559134
AACTCCCAGTGCGATG-1-SMMl-2.138P,0.3413298215878498,0.25395295359543735,0.14886820570645767,0.35073268200186775,0.38596067934448214,0.3095929965910504,0.289291276320256,0.3358202668021345,0.3234881416469917,0.30795073558839237
TGAGAGGTCAGATAAG-1-SMMh-4.138P,0.3314240803255951,0.2879820020587677,0.18436906200716033,0.36964016367006897,0.39111919154789604,0.32048772471054726,0.338027434666335,0.3301757577922374,0.2982592783790319,0.30706771450135695
ACTGCTCAGGCCATAG-1-SMMh-5.138P,0.3421111621226786,0.26919726684307926,0.1801923431231703,0.36134618213538844,0.3899362700845433,0.34490716121193127,0.3446351496466169,0.33584628033080827,0.31498741601536445,0.3069389210992696
ACCGTAAGTTGCCTCT-1-SMMh-6.138P,0.34716413529904305,0.26266091025638744,0.17290463778239623,0.35330445651496734,0.37936278154965397,0.3080954466641897,0.31898841323741284,0.314286889059694,0.29334451319152405,0.30021117628277655
CGATCGGTCTTCTGGC-1-SMMh-4.138P,0.34886940855834775,0.28773046819489584,0.17082245456597314,0.37393009127771454,0.39158031362378215,0.3242981778929992,0.3524311233941045,0.3418653554516849,0.3128636211897736,0.333078291054043
TCTTTCCCACATGGGA-1-SMMh-3.138P,0.34990686970978985,0.2696360571313358,0.16859379754551912,0.3520010252381555,0.3952334865876411,0.30967430539526447,0.3247092055131832,0.3332455004818608,0.3065534452754916,0.3426684433321054
CAAGGCCAGCGTTCCG-1-SMMl-2.138P,0.3429128002250396,0.2555125008136655,0.1338048988175312,0.34547569611432016,0.38317561229034663,0.3096953624810623,0.2915580973101911,0.3411080851820676,0.31200961579358977,0.30847856450741246
ACAGCTATCATCGCTC-1-SMMh-5.138P,0.34934984704803523,0.2991248468221016,0.23595303354771777,0.3631805908607551,0.3880612678666719,0.3507825399571651,0.31221411038071195,0.3554690471868903,0.36099210135163834,0.31921540025476897
TACAGTGAGACTAGGC-1-SMMh-4.138P,0.34154631394931567,0.2765329428708172,0.16938636229575632,0.36420561850761046,0.3935329483839678,0.3198119571622341,0.332927797090724,0.3384802544637401,0.3058061476838814,0.3154225950677995
CGTGAGCAGAGCAATT-1-SMMh-3.138P,0.3492681883854913,0.2803160230152016,0.18194766550968253,0.350422514558461,0.3826199416514113,0.3206714649799778,0.3177241799935019,0.33371647248289876,0.30664406520553106,0.32717852300487
TGCTGCTCATGGTCAT-1-SMMh-3.138P,0.36086676549621766,0.2741568186655333,0.1802052201120079,0.35069835734331795,0.39334944962029944,0.3077807018483381,0.3224850421536003,0.34394716064072917,0.310082653486393,0.35427159338236336
TTATGCTTCTGTCTCG-1-SMMl-3.138P,0.3478747869286217,0.2626418864694681,0.18250504740221013,0.34641135139498336,0.38203390413138605,0.3229962897251414,0.2960403066739369,0.3273199348796135,0.30232164306965503,0.30882201014561045
ACTGCTCTCACTCCTG-1-SMMh-4.138P,0.3414157794889035,0.27897595645045675,0.18935415861860763,0.3664258054004862,0.39775430134030826,0.3202935539181603,0.3346947833110724,0.34114355554034864,0.3062517558972356,0.3222982967194956
GCAGTTACATGACATC-1-SMMh-4.138P,0.33887146304758364,0.27914045417626787,0.17339331465174598,0.3675544350204838,0.3926542065507916,0.32148589851911447,0.3355369278455545,0.33788235096010255,0.30590944194553793,0.3133136160490714
TAGACCACAGCTGGCT-1-SMMl-1.138P,0.36157962847477326,0.26765469081294724,0.23349352516770966,0.3659670525791131,0.3792702612684283,0.33730497926956327,0.30857361643346903,0.3482525550017842,0.3573562644520745,0.31396775822091066
AGTGGGAAGCCCAGCT-1-SMMh-4.138P,0.34067941863208756,0.2748922983204808,0.17219107741810263,0.3659742361229611,0.39398627027075345,0.31637170695343886,0.3336910485966432,0.3423232497786402,0.3033074417422522,0.31785566749265415
AAGCCGCGTACAGCAG-1-SMMh-3.138P,0.3486174746702098,0.26997723970863574,0.15880889534500223,0.35081043851457344,0.3993247727355037,0.3079921522758346,0.3312773018084577,0.3311549342956353,0.2972286476055219,0.33625455708887436
CTAAGACCAATCCAAC-1-SMMl-2.138P,0.3649322352790325,0.26553731862838914,0.1566683139294807,0.3544605873434943,0.38716365225609745,0.31401262602450003,0.30832242835674684,0.3631079080468748,0.3610725365071761,0.3372947186565242
CCTTACGTCTTCTGGC-1-SMMl-2.138P,0.34474936698319186,0.2551818689166225,0.12692048827992483,0.3462320508368093,0.38354679244766515,0.30902930691903363,0.29344320335230806,0.3426081472090625,0.3136138760262917,0.30882327887868666
CTTCTCTAGGCTCATT-1-SMMh-3.138P,0.3512385456624402,0.26731522380370865,0.16816321884936292,0.3483696145386137,0.3974569985279982,0.3100485175195324,0.32574525007838107,0.3290166683782387,0.30571022236807244,0.33144871939185994
ACACCCTAGATGTCGG-1-SMMh-9.138P,0.3486262898471397,0.27399833671415036,0.20029891749636913,0.35118704969218023,0.3767667350292721,0.3432429635086567,0.3186093362918305,0.324190962480042,0.3232377167373491,0.32303410225650886
GTAACTGGTCTTCGTC-1-SMMh-4.138P,0.3397184648871536,0.28333638225783025,0.16573890026545293,0.36251795630196515,0.38330288115586525,0.31230237555331436,0.3307324476190701,0.34072171012950797,0.3049533617151822,0.3144075908136324
CCTTCGAGTTGGGACA-1-SMMh-6.138P,0.3616412581380761,0.27166795624726475,0.2668582347190604,0.34607634714238317,0.39119388115330966,0.3101928538131916,0.33812851062451343,0.32115890578463785,0.3104348638164668,0.3360599409371811
ACTGAACTCTCGTTTA-1-SMMh-1.138P,0.34674870119337875,0.2705428878908553,0.26445307988218414,0.3796511996529567,0.371684766555245,0.337048374835627,0.34874845921764724,0.32283169285557745,0.3031108707578456,0.30314701432360297
AGGCCACCAGTCTTCC-1-SMMh-1.138P,0.35059990462268714,0.27090932358592845,0.2710838349684412,0.38090502104439644,0.3678267234036532,0.3371531342565294,0.3484378647332456,0.31874090250878895,0.3011447893057109,0.30411964127835833
CGTCAGGCATTAACCG-1-SMMh-4.138P,0.3352955715710315,0.2849418028121107,0.18191472760532063,0.368758178156215,0.3892091041676603,0.32084314522556806,0.336358660713682,0.33591418484696317,0.30196942789098485,0.31147617936570327
GAAACTCGTCTGCAAT-1-SMMh-4.138P,0.34253328760469176,0.27877093664602093,0.17067051302903802,0.3636322122970541,0.3944516706774918,0.3175170911818715,0.3340713857086048,0.3386322365596232,0.30519240596604646,0.3136404750428788
GATCGTACAATGAATG-1-SMMh-3.138P,0.3597402233727571,0.2920949781463748,0.2076101335561841,0.34756851707988967,0.3823764435148186,0.31652736496633294,0.3204829877447562,0.338134547806562,0.3077206895067911,0.34762995019365905
AGCGTCGCAAATTGCC-1-SMMh-3.138P,0.361693765984763,0.2785156213206639,0.16923240715003007,0.35308534014536325,0.407232773557297,0.3063647338755395,0.3292268131796804,0.3382430250436031,0.3051770613373546,0.3610521632528036
GCAATCACAGACGCAA-1-SMMh-3.138P,0.3527650516565424,0.283257630383172,0.1569882158723928,0.3487145653893156,0.3794769488911881,0.32013751527504253,0.31533388264258017,0.332720818871538,0.3030591541009245,0.3275703984831362
CTGTGCTCAGCTGTTA-1-SMMh-5.138P,0.35173188876866507,0.2707466044987902,0.18390655996642466,0.3633969613382289,0.3916157777297855,0.33466661885329907,0.35369195317172053,0.33759850643527495,0.3132342688420663,0.3187886226018226
GGGAGATCAGATTGCT-1-SMMl-2.138P,0.3415681869392404,0.2543832740456266,0.14656487906244442,0.3490249437572874,0.3851902834885509,0.305478361704981,0.2912370178994245,0.3399407058087293,0.31805755611414155,0.3069607104821153
GAAACTCTCAGATAAG-1-SMMh-4.138P,0.3375626638971299,0.28211285195175306,0.15679303815876075,0.370017130952404,0.3911120271952741,0.31537505090482115,0.34301682277344403,0.3339834430669373,0.3057879307340832,0.3104679452818667
ATCACGACATGCTGGC-1-SMMh-3.138P,0.3517247265324494,0.2801213483594774,0.16347253073548898,0.3469571433974946,0.3819721053817342,0.3156007363086281,0.31716407966760346,0.335881655600636,0.30948774081188507,0.33509599441444143
TGACTAGCAACCGCCA-1-SMMh-3.138P,0.35869242004225993,0.27719232267329574,0.1665390216039573,0.3434307649778889,0.3827831347298245,0.3067670918854103,0.31925127920196794,0.3402354738469929,0.3030247475842637,0.3579017870304481
CTACACCTCGCTTAGA-1-SMMl-2.138P,0.34381512993953045,0.2548734094009363,0.156463998302768,0.3498183006532983,0.38609554093503173,0.31346650315185454,0.2913569032476822,0.34408402844540353,0.3264045528440305,0.31630828237875747
ACCTTTAAGGGCATGT-1-SMMh-4.138P,0.33846349611726084,0.2745109401051485,0.15578467298489931,0.36524023771341896,0.39247777636018527,0.3167269912781354,0.33090615636933596,0.33949041551334874,0.3072653281989735,0.314948557087731
GTTTCTACAGCTTCGG-1-SMMh-6.138P,0.36794947527283095,0.2696966665316169,0.27184299335188894,0.34681809767275507,0.39433418564149514,0.3139625424434375,0.34536084935333955,0.3289815275364283,0.32022912366413053,0.3466223449441186
CAGAGAGGTCAGAATA-1-SMMl-2.138P,0.34505093421744176,0.25927659223013455,0.1715403789704961,0.35598080339284716,0.38493657031265255,0.32106953313519687,0.28605450928456244,0.34678046260494194,0.33635792445662777,0.30789297975032515
TCTTCGGTCACAATGC-1-SMMh-6.138P,0.36009719912664573,0.2720174581197855,0.2562653196494212,0.34514330460000314,0.38833625226441254,0.311178386515817,0.3389124151438977,0.31902112008981603,0.31057533240753604,0.33380636917797674
CGAGAAGTCATAGCAC-1-SMMh-6.138P,0.36357286663006766,0.2704125396765506,0.2792727827003205,0.34765725856492424,0.3952120286369229,0.3144213917205919,0.3440755962253457,0.32395919706527376,0.3058187512480971,0.3394332748495189
CAAGGCCTCGAATGGG-1-SMMl-3.138P,0.35149372619334773,0.2650001191962661,0.1816362520670598,0.3457585968988761,0.38318564649890013,0.3279855466313926,0.2911628788188998,0.3330056086503696,0.30871830779561843,0.3149291838956711
TTAGGCATCAACGAAA-1-SMMh-3.138P,0.34754782996621325,0.27702434752138155,0.1667192747285178,0.34943166215130295,0.3923007009291431,0.3063430949205723,0.3257616510908019,0.3378525041474201,0.30004870756342394,0.33817630823645334
GTGCGGTAGAAACCGC-1-SMMl-2.138P,0.33670655192419807,0.2504435070204648,0.15193932548338188,0.34970020817539466,0.38628291582203694,0.31409805160686094,0.2894806584365881,0.33296961902328537,0.31921074913164244,0.30156334899238696
CCACCTAAGGAGTTTA-1-SMMl-2.138P,0.3418430272265864,0.24332216918958258,0.2258191879275535,0.34771807830301144,0.3856524965780651,0.3105136635138679,0.30199536566224366,0.3103093055579384,0.29385599693150855,0.2888798778168178
CACACCTAGGGAAACA-1-SMMh-4.138P,0.3392620205714095,0.2799515636775896,0.17446899662247076,0.3674559279562961,0.39143314007184526,0.31986224518983114,0.33856768169714135,0.339664608470731,0.3063950433060564,0.3181393965696154
ACACTGACATCGACGC-1-SMMh-8.138P,0.34427295446052913,0.2559255110762996,0.23460088870362053,0.3616674013521051,0.3809956054249002,0.32154002589016506,0.3461956017973228,0.29138841636964946,0.3023975415613586,0.2908653003564212
GAGCAGAGTTCCACAA-1-SMMl-3.138P,0.3419126672871176,0.2603839542581388,0.19806612435789214,0.3465412787426801,0.3884920805129969,0.3208179609069776,0.30208705674808445,0.3227045779497079,0.3004899534139893,0.30860995396875157
CGAATGTTCACTTATC-1-SMMl-2.138P,0.3423935017334538,0.25533258113245766,0.15802528008807706,0.3470587790901439,0.3859669292165696,0.3117301295878768,0.292584251415606,0.33641885694074697,0.3136637382852329,0.31099729295459283
GAATGAACACGAAATA-1-SMMh-6.138P,0.36152840849845197,0.27150020780963946,0.26701356940114435,0.3476840761418845,0.3923439643269189,0.3083012708281193,0.34217805529568124,0.3263863160661269,0.3087740472964479,0.34045817401483625
TAGTTGGCATTCACTT-1-SMMh-6.138P,0.36316928660547887,0.26998936050436567,0.26984032120048096,0.34733207716086945,0.3902382679683168,0.3105142540191156,0.34115223354635255,0.3183357803745779,0.30657316381951966,0.334977953546964
GCATGCGCAGTCACTA-1-SMMh-4.138P,0.34307020132591454,0.28051777181535814,0.16631120946979508,0.3704736831881473,0.3948342794834817,0.32648133038986166,0.3414919010156562,0.34525394526222514,0.3090686514807107,0.3278800950682621
CATCGGGCAAGTCTGT-1-SMMh-6.138P,0.36968747416686576,0.26860291215756216,0.2967371209476454,0.3473564086086549,0.39498955306491723,0.3156268156209907,0.34092870409738213,0.3291995770453594,0.31738901084244964,0.35927757311827474
CTTTGCGAGTGCGATG-1-SMMl-2.138P,0.340948003642499,0.25676248396370266,0.15656913647548945,0.3462342514181628,0.385166999889351,0.3121156114376023,0.2888310686603708,0.3394751860473014,0.31557714025105693,0.30930862120539787
CGATGTAGTACAGACG-1-SMMh-4.138P,0.33924872237875353,0.27679762095001686,0.17338599761214876,0.36705403241350304,0.3941140828686475,0.3198725201012963,0.3345870643163776,0.34054709383433385,0.30792781900624366,0.31975639251933113
AACGTTGCAGGCAGTA-1-SMMh-10.138P,0.38048463281574035,0.2974292890618737,0.2989934331575881,0.34935801658899834,0.3859292109476097,0.3566809757654025,0.3090292361390659,0.34234291017337204,0.3487750297455905,0.32897201995937386
TTAACTCTCCCTCTTT-1-SMMh-3.138P,0.36269299276157757,0.2699171635398709,0.16726885290021956,0.3548801050368845,0.39973474192521785,0.3092264974427347,0.3239885609880317,0.34404203833765645,0.31512054929914457,0.36661898189693853
AAAGTAGTCCGTAGGC-1-SMMh-2.138P,0.34823306082458755,0.27329977191924865,0.1890997961503633,0.3351718787287541,0.3768586458504434,0.31613671112265374,0.3149438469280245,0.320125870566802,0.28742922163519896,0.3238873995089855
CTTGGCTAGACTACAA-1-SMMh-4.138P,0.3400373903063274,0.2774223136333172,0.1730749532758543,0.364206703574988,0.3950967441288797,0.3182380045854429,0.33325774822688964,0.33849237222716483,0.3045450134576979,0.31566575182459766
GGGACCTAGCTGAAAT-1-SMMh-4.138P,0.34251771606066644,0.2802506309434652,0.17164891552570175,0.36916076661172276,0.3940277559187137,0.32172230782016026,0.3389427236072598,0.3434097486449045,0.3085351669455361,0.3201310538955995
TGAGCCGTCGTTTAGG-1-SMMl-3.138P,0.35479517127676935,0.2688908365203415,0.3117558251264671,0.35607566341302255,0.3867634343827252,0.32918786694155494,0.3205873821839563,0.3117143320020894,0.2973748431131993,0.3017334808129971
ACGGCCATCTCTGAGA-1-SMMh-5.138P,0.3455940660203497,0.27540114396279697,0.15368830714228873,0.3612805482352652,0.39438402318543797,0.3371590753477926,0.3535000442968991,0.3362030526787292,0.3137467346991369,0.31776073564605967
AGAGCGAAGACAATAC-1-SMMl-3.138P,0.34695949096428846,0.261246072869133,0.15536641702831597,0.34437412278030366,0.3866586174396415,0.3173629781219614,0.2957173671653961,0.32956973241665444,0.29899184863332623,0.3075012181886536
TGAGGGATCTACGAGT-1-SMMh-3.138P,0.3505633004448482,0.2701152007498838,0.16765194078152718,0.34846498704899864,0.3957526717767765,0.30947115381109763,0.3258358840342477,0.3316103422799729,0.29924476184180676,0.34295600589850145
GCTGGGTAGTGAACAT-1-SMMh-6.138P,0.36177335881559824,0.27157150688981324,0.2966584490266925,0.3535079138319863,0.3953317679656801,0.31780346733454795,0.3500904220645799,0.32446206714080095,0.30111997320166023,0.34199201339178464
AGTGGGAAGGCTCAGA-1-SMMh-5.138P,0.34571177068851905,0.2871417986423011,0.18162251600396354,0.3664193129400198,0.3961578450583275,0.34625879550410227,0.3496328377116061,0.3461009822464202,0.31475668382018973,0.33073857648727245
GTGAAGGCACAGTCGC-1-SMMl-2.138P,0.36485623109863996,0.2585642792846069,0.25024459427761286,0.35642806269977273,0.3898925784636981,0.30122948052100346,0.32957935615808776,0.307804850132055,0.2870276491231015,0.29098662722845947
ACATACGCATAGACTC-1-SMMl-2.138P,0.33654885976141763,0.2536799969187633,0.1511601904152989,0.34593988921027735,0.3850491452055802,0.30576618940255984,0.29080445859945797,0.32931648463888186,0.30854371586938084,0.3007868103756111
ATCACGATCCGTCATC-1-SMMh-4.138P,0.33843711844126884,0.28383379159913885,0.18576693607734165,0.37041418787349273,0.39291303012960016,0.3224390344034583,0.34113540293326566,0.33891273677172645,0.3074084186622621,0.31583224700350937
ACCCACTGTCAAAGCG-1-SMMh-6.138P,0.3645456975071022,0.2650620640613478,0.2767772531894503,0.360006215462441,0.39696471146488926,0.3151593365604462,0.3226839096340027,0.31498303920105875,0.2899967429023776,0.2987174091514053
ACACCGGGTCAGCTAT-1-SMMh-4.138P,0.3442633320149778,0.28346820114505744,0.197866826933495,0.373155156323431,0.39711924225917766,0.32936655638914974,0.34637360298747344,0.3483533939277831,0.3111143627103079,0.32926840757187953
TTCGAAGAGGAGTCTG-1-SMMh-3.138P,0.3453947730878927,0.2722653180538788,0.1696611312207238,0.35162695515936115,0.3954229353982516,0.30860183157039245,0.3263556079154335,0.3293951436460959,0.2949308348759486,0.33261769699614024
GTGTGCGTCAGCAACT-1-SMMh-3.138P,0.3529040200632356,0.2676134035515482,0.17944949707336064,0.3501717223400713,0.3951117756785992,0.3085703730153308,0.32413850948085365,0.3306235337481486,0.30678726528251976,0.3379378035316091
AGCCTAAGTGTCGCTG-1-SMMl-2.138P,0.3391005255155501,0.2559082719872013,0.16086242440081566,0.34467235504709015,0.38646246920778576,0.3123433009684219,0.28935225437835543,0.3359058239092914,0.31240763593571325,0.3057500344883231
CGGAGTCAGACTAGAT-1-SMMl-2.138P,0.32663707653257085,0.25870735841474946,0.20184391185334255,0.35548736896793115,0.3946051058898192,0.32500457486289647,0.29316763143395774,0.3162307088807799,0.3035533739513407,0.3035089209575101
GGAAAGCAGTACACCT-1-SMMh-4.138P,0.340748631114983,0.2801451701891577,0.1778875611621857,0.36809150987935274,0.39313322462939504,0.3193383325146202,0.3401682299841393,0.3383206850818914,0.3065485841769391,0.31578307421386087
CACAAACCAGAAGCAC-1-SMMh-4.138P,0.34381768307961214,0.2794319997107831,0.16464456920918832,0.37027686051352804,0.39245501382418474,0.3221700387977918,0.3391310753702966,0.34579785655104955,0.3102191712632926,0.32248716884105977
GCTTCCATCTGCTGCT-1-SMMh-3.138P,0.3529513543981403,0.26929115769282314,0.15363291763935194,0.3480384286917555,0.39751524634509405,0.3059731838490823,0.3276219083014374,0.33387920257452985,0.30479890962665784,0.34304934041332846
CAGAGAGAGAGCTGCA-1-SMMh-4.138P,0.3405619819993051,0.28483143272196176,0.1826672364305817,0.3725672295142899,0.3970437240565722,0.32378816396907506,0.33899580883295527,0.3456438855666832,0.3081667131333338,0.3269696939098359
GACGTGCGTGCCTGTG-1-SMMh-5.138P,0.35564049769373646,0.28731936900910005,0.18339790713394027,0.36927357016375995,0.39478906463038504,0.3420568956226935,0.3535796529341971,0.3529425658765731,0.32769151594801654,0.33904061667560365
TGAGCCGAGATCCCGC-1-SMMh-5.138P,0.3347125994971134,0.282683596285951,0.18482379397941606,0.36517492814982,0.39118487087498827,0.34080790509101827,0.3430621337702224,0.3394257000131311,0.31571479329741375,0.32497371683424053
GGTGAAGAGTCTCGGC-1-SMMh-3.138P,0.3498986992817298,0.26603214014583776,0.18201846432789767,0.3469881238026441,0.39595485641942607,0.306728960975581,0.3212628236487289,0.3303893963018264,0.298617278428607,0.3384491629479972
ATCTACTTCGTGACAT-1-SMMh-5.138P,0.3610841682857383,0.2970154223517692,0.20176840941152216,0.3708829561791788,0.4021460176392355,0.3440595948484713,0.36570728802181096,0.364438491160764,0.32195880721068576,0.34145409527428544
GGATGTTGTCGAAAGC-1-SMMh-4.138P,0.3398826295392347,0.28239075768099425,0.18169799993854913,0.36853222858792856,0.3963089602865997,0.3229146622116597,0.33592810502104453,0.3416439079324567,0.30590782184508564,0.3246896884664487
GCGCGATAGCGAAGGG-1-SMMl-2.138P,0.33933839508683733,0.2554649513153917,0.14523276507849045,0.34491391442979735,0.3850504942423048,0.3122991289435155,0.28895138926561786,0.33597806614345344,0.3120115601131302,0.3045762634591358
ATCGAGTTCGTTACGA-1-SMMl-2.138P,0.33435548926611236,0.2512532163125052,0.15736566838402335,0.34620883882950476,0.3872541768166896,0.3133662519781332,0.28934349687746386,0.3312076773132456,0.3125266832018338,0.3029101758099272
GATTCAGTCGGCGCTA-1-SMMh-4.138P,0.3368216995921423,0.2855251484202846,0.17401026995261232,0.36825324104632196,0.38867326581470363,0.3137995638674762,0.33476260306626743,0.3341026202667648,0.2970923512143835,0.30719998082686817
AAACCTGTCAACTCTT-1-SMMh-6.138P,0.3597762121857618,0.2719183611017929,0.2415796075154297,0.34500087909375216,0.3839420908396075,0.31004184705970755,0.3338258008324596,0.31748450536900824,0.30565596580523385,0.32489647693213075
CGATTGACACGAAGCA-1-SMMh-3.138P,0.35934887812971233,0.26896115948379185,0.1793592034525123,0.3518085831238804,0.4033610399464091,0.30756077970290396,0.3249072273464679,0.33368554753542196,0.3067848309655975,0.34705770571231065
TAAGTGCTCAATACCG-1-SMMh-6.138P,0.3589624176804658,0.2720009269787647,0.27401124850907554,0.350071062804416,0.39320193564393424,0.30927257359228566,0.34285908113849883,0.3204485476519233,0.3055504739054006,0.3340866889997886
CTGAAACAGGACTGGT-1-SMMh-4.138P,0.33927332950922445,0.2770207816723609,0.161209328051658,0.36386669126112425,0.3919831342987798,0.319175977272785,0.32967674224660304,0.33769223573811213,0.30603139910886196,0.31313850212827044
TGGCCAGAGGATGTAT-1-SMMh-6.138P,0.36077621195183757,0.27390903532968,0.26604316942320166,0.35098391152243885,0.3979907569960804,0.31722061314455274,0.3510733737475911,0.32712579779921447,0.3125655475109396,0.34811810868691107
CGTCACTAGTGTACCT-1-SMMl-1.138P,0.3377758579350272,0.2638716912103648,0.20622503477670984,0.3648075866453677,0.3798738809985775,0.33541026330909346,0.3129195853553664,0.3281611732320098,0.32749155735935326,0.30058295864826473
GGATTACAGCTAACTC-1-SMMl-2.138P,0.335934481085324,0.2506423376451055,0.1514353229734146,0.3458607955334302,0.38655874436984966,0.3041194315990727,0.29555909691897775,0.328186505942313,0.30747302539765026,0.2984547351709556
CCAATCCTCACAGGCC-1-SMMl-2.138P,0.3479284425905964,0.25971335855088185,0.12014907949000407,0.35225041085703435,0.38206125748197717,0.3137736524465247,0.28839511777569105,0.3491376227214931,0.3255405682891071,0.31506148491655245
TGCTGCTAGCGAAGGG-1-SMMh-1.138P,0.34645967665391075,0.2816049822757665,0.2804274427493184,0.38368877118567796,0.36865403674242053,0.34239095791784285,0.3481527654917875,0.31223690337615906,0.3033226458332757,0.2912552476811019
GCATGCGCAAACCCAT-1-SMMh-4.138P,0.3393990070069924,0.27850137286213583,0.14907723700617323,0.3668162957122185,0.3924775095964299,0.31721721722155294,0.3315559540142543,0.3390518168290012,0.3032303299703063,0.3134270516725439
GGAAAGCGTACGCTGC-1-SMMh-6.138P,0.362495922926887,0.27058080723801226,0.28843026023526264,0.35273604470751785,0.39461216846018177,0.31153972039441963,0.3459008097069153,0.3171927169388107,0.3046650413143092,0.3382947206814897
ATCGAGTCACCCTATC-1-SMMh-3.138P,0.35112578412980433,0.27416511331057425,0.1632531479709627,0.3449209924465169,0.3875553502301813,0.31146266557189717,0.32462024829471436,0.33715736083344394,0.2957480819693799,0.3230283297430737
CTGCGGAGTTGCTCCT-1-SMMh-5.138P,0.33308458060478063,0.28197016718808937,0.1796104888656618,0.3648087572576883,0.38426926926393945,0.33832642419729314,0.33319929186753133,0.337618254475482,0.3186559364046181,0.31926412066657855
TACCTTAAGGCTCAGA-1-SMMh-10.138P,0.3664581814414385,0.27273179363571004,0.18813033397411272,0.35257204695618855,0.3769073427472713,0.332924956914941,0.32283775689029864,0.3179036989242569,0.3213981886400069,0.3189071180317507
AATCGGTCAGGGAGAG-1-SMMh-10.138P,0.38023672590685065,0.29311577412365053,0.27083880819535044,0.3510620745433061,0.38458409948696903,0.352324549946186,0.3164468966078099,0.34800197377161074,0.35601185215953385,0.3315610869636773
ATGTGTGCAGGTGCCT-1-SMMh-4.138P,0.33026386090499804,0.28364660547293985,0.18735235233741657,0.3689970028189279,0.38404223298241774,0.31710870029104504,0.3315787336819578,0.332953470005429,0.3005829635466053,0.30491555957905414
GGGATGACACAAGTAA-1-SMMh-3.138P,0.35205550767636273,0.2864593961522798,0.18654937955148146,0.3500893864872536,0.38519262888424194,0.32263699290652975,0.320316602647924,0.33470863187147726,0.3139314620694815,0.3330427017272059
TTTACTGAGGATGTAT-1-SMMh-4.138P,0.340219318601045,0.2847348892235428,0.21049764623310077,0.3721904373323718,0.39432900940545834,0.3206130026779574,0.34117917008806004,0.3366191968827067,0.30405734354052816,0.3116975424687364
CCAATCCGTCGAATCT-1-SMMl-3.138P,0.3517500996033616,0.26100260972816614,0.1624761634102119,0.3430249530421622,0.3829813243383316,0.31537199838257524,0.2969735813035262,0.330463091954312,0.29998737636056677,0.3155903503604612
GCTTCCATCTAGCACA-1-SMMh-3.138P,0.3514939039946735,0.27468744807418066,0.15700934823976162,0.3479801421205746,0.3956063622490852,0.306879224865273,0.32687838545876513,0.336376991412903,0.3019079178707051,0.3498644076531818
TGCTGCTGTGGTTTCA-1-SMMh-4.138P,0.34347149871190513,0.27832215860199666,0.16051167781482228,0.36764860269063737,0.39240346973315104,0.32141547209410265,0.34038353014257056,0.3428610706897547,0.3112300609939992,0.3214075762053488
CAGCATAGTTGCCTCT-1-SMMh-9.138P,0.3263637770733935,0.28032615962757745,0.2591072704309066,0.36491523076329807,0.3878040218023193,0.34718221855240317,0.2999316322678679,0.32257793564485604,0.3172815160672021,0.32830876963383687
TAGAGCTGTCAACTGT-1-SMMh-10.138P,0.3417799760310131,0.2606059033797902,0.20974150928703553,0.3599311377992805,0.38250548380550276,0.33894044936120044,0.31353475881835813,0.3092783548028432,0.2961357474978941,0.2973712143937833
GGACGTCGTTAAAGTG-1-SMMh-5.138P,0.34838893478243377,0.26911737221802123,0.1895002151726438,0.363236010620288,0.3948834605848185,0.34164943506878004,0.35100845104459566,0.33316633411955177,0.3131142445574661,0.3122646869011466
ATTATCCCATGCAATC-1-SMMh-6.138P,0.3586708744231922,0.27509253551528984,0.2528581878350578,0.3496380337186595,0.3896510460112746,0.3178397824790892,0.34356197257717475,0.3094448037143814,0.29916176799115857,0.3321495097244549
GATCTAGTCAGCAACT-1-SMMh-6.138P,0.3708029033271126,0.28005418392234965,0.2905807503003485,0.34984093660153465,0.39348140608904675,0.30882699407740133,0.3506899737666505,0.3312009485219037,0.3155724178399286,0.35676443309767325
CAACCTCGTGAACCTT-1-SMMl-2.138P,0.3366228498994989,0.2503546300762177,0.15827295235564692,0.34689077369290816,0.38771749420134527,0.31063299956442997,0.2934495814265145,0.3319151054656357,0.3156622214457017,0.30796622294652304
CAGTCCTCAAGGTGTG-1-SMMh-9.138P,0.32864508005436627,0.28029538482320204,0.2516025694770045,0.3636661304920299,0.38609022203337484,0.3495680232139136,0.29636961208948603,0.324388180948192,0.3220986090807352,0.32974095197917785
AGCAGCCCATGGATGG-1-SMMh-4.138P,0.34806937583886854,0.28408698248921727,0.15592911959555314,0.3747051246301147,0.39514335503226844,0.32561776939815523,0.3511382440136831,0.34168510937537433,0.3117593782880946,0.3316217115077926
CACCAGGGTCCGAAGA-1-SMMh-3.138P,0.3583418714933069,0.2705731049947808,0.17176899954069652,0.35155613279403325,0.4072031114252941,0.30559691271799294,0.3268386785939173,0.3339184343897936,0.3022277944131147,0.3469027989622861
TGCCAAAGTTCCATGA-1-SMMl-1.138P,0.3391857057967655,0.2621239990132897,0.1996547616930292,0.3656192430664378,0.37985786286823675,0.3354553598751399,0.3144554418503952,0.3318735787277092,0.3290194930669739,0.3045783675154448
GTAGTCATCGTGACAT-1-SMMh-4.138P,0.3370745470827396,0.2757785772630017,0.1562619902167646,0.3618947182000698,0.386528622206595,0.31541211760479293,0.3317672443278847,0.3346342205900048,0.3022670004635141,0.3083489682195916
CCACTACAGGATATAC-1-SMMl-2.138P,0.35497597830518585,0.25785347475662485,0.11518276781887155,0.353716718318549,0.3843111262854399,0.31078615678226323,0.2904089354434314,0.3509728058934693,0.3233494031939303,0.32187413124269026
ATGAGGGCAGGGTACA-1-SMMl-3.138P,0.3521215297714583,0.26922754310032193,0.17976850859509216,0.3473846239885353,0.3831127494219678,0.327186909714521,0.2937906042470584,0.33402154382257737,0.3067317089073534,0.31217038239518113
GTTAAGCTCATTTGGG-1-SMMl-3.138P,0.35926629634161633,0.2655811333129542,0.2701182835611474,0.35324918321302445,0.39303387942809337,0.3244331058221062,0.31488451831664965,0.2988876854904124,0.3083187610097681,0.28779259959082515
GGCTGGTCACCAGTTA-1-SMMh-3.138P,0.3500213314236812,0.27932109450409964,0.146806036580921,0.349530002365617,0.3883139817451282,0.3118486303027324,0.3232728963456533,0.34085375945373325,0.3034048227200731,0.340402581575536
GAGCAGACAACTTGAC-1-SMMl-2.138P,0.3445750258010075,0.25350787514996603,0.15123539943666495,0.3456593066357804,0.38307818354299683,0.3074962784893441,0.2888464427830015,0.3342598030229331,0.3169744830647162,0.3116395024266276
ATTGGTGGTCCTCCAT-1-SMMl-2.138P,0.34668549940119997,0.25754731885654114,0.14569092776089573,0.3499099180105041,0.38501232305577,0.312109990670155,0.2884982901899086,0.34676008648441503,0.3315297984396979,0.3190561663791483
TACCTTAAGAAGGTTT-1-SMMl-2.138P,0.33794274032254656,0.2525478261531724,0.14890116044421975,0.3486953512705216,0.3862099961683728,0.3095494321288849,0.2914094400490811,0.33534548426542715,0.31748739096207385,0.2997148981923584
GTAGTCAGTCAGATAA-1-SMMl-2.138P,0.3390308266182093,0.25377430062299583,0.1572003065676259,0.3511366687424228,0.3843934080029091,0.31728804948376405,0.28850002793939145,0.3357878691096037,0.323816666321306,0.3037698515066554
AGCAGCCTCATTATCC-1-SMMh-3.138P,0.3638683810146221,0.27664240628130954,0.16505271340079467,0.3559697531829823,0.40310525105973555,0.31057163757681905,0.3278601195950639,0.34297399770996656,0.3103906443019197,0.3704037001355844
TACACGAGTATATGGA-1-SMMl-2.138P,0.3504642657709489,0.2610071507262032,0.1574690317543824,0.3540587400892526,0.3846625655456026,0.31339101200229097,0.2988195091829232,0.3541280167764758,0.34572982733810403,0.32057367229790235
ATCATGGAGAATCTCC-1-SMMh-6.138P,0.3582721551729324,0.2737858852707813,0.2559661997573443,0.35000987665615774,0.39144773663929205,0.31160676121277964,0.34377834515450184,0.31926851825302627,0.3017172643921647,0.3295176809229234
GGTGCGTCATGTAAGA-1-SMMh-4.138P,0.33657150060302854,0.2863530815289811,0.1928125905233885,0.3710630920470684,0.3942508880442162,0.32020358177897507,0.34089725903721463,0.3342444322597724,0.3028359353650325,0.31550124759041287
TTGACTTCACAAGACG-1-SMMh-1.138P,0.37438632100895686,0.2710816972286279,0.29956364515564704,0.3783670543486518,0.37319365476567745,0.32879753450962135,0.36666419090365304,0.32085879950945345,0.31404776300910187,0.30893822680779365
CGAGAAGAGTCGTACT-1-SMMl-2.138P,0.34448593468754607,0.2547096928767954,0.1491962320282877,0.34484889303686056,0.38368987266975374,0.3068238142186535,0.28646796083960485,0.33530227896850434,0.31675698764858,0.30222190931650483
GAGTCCGTCCTATGTT-1-SMMh-4.138P,0.3434786653177031,0.28532216811060096,0.17990779046385486,0.372843138106781,0.39135488564431314,0.32185146628573813,0.3415585472760228,0.34095472526581694,0.3058401905159256,0.31982876298104385
AAGTCTGGTGTAATGA-1-SMMh-4.138P,0.3502077401276013,0.27368630706270974,0.15140622720991245,0.3707546286096431,0.3831578367449002,0.31630954322887694,0.3280420379290514,0.3439136757875003,0.3144800070295629,0.32926925471375695
AACTGGTAGCTAGTGG-1-SMMh-4.138P,0.34269660901646,0.2815555728465727,0.18629790069053942,0.3723103160242723,0.39421993738510613,0.3237999790087712,0.3419035920366617,0.34487401076039087,0.3108631116238207,0.3163960668897206
CCGTACTGTCGACTGC-1-SMMh-5.138P,0.35812708467112025,0.24871590822253167,0.23363218912721487,0.38076414813441606,0.3900331666284252,0.3341612586793208,0.35011746240239106,0.3156820498627591,0.32854376342140046,0.30131435851625565
TACACGATCTTGTATC-1-SMMh-4.138P,0.34134157500081097,0.28433700715743515,0.1795513479546711,0.3714972036298661,0.39446068019844355,0.32274126100377043,0.3423580949697809,0.3392564270065061,0.3073262368901659,0.3161256135997412
CCTCAGTTCTTGTACT-1-SMMh-6.138P,0.35606526791946663,0.2719154432260035,0.2678312713317028,0.3470981889016193,0.3920730390570658,0.3091944328281081,0.3383859236177433,0.31919163850715115,0.3085456063220637,0.33206530361069353
GGCTGGTCAGCATGAG-1-SMMl-2.138P,0.3459544586969018,0.2541321866129625,0.14817814406211274,0.35260809496149736,0.3867724140535095,0.3110825007452217,0.2911043071389777,0.34188935348741745,0.3267755125128922,0.30622799719892996
GGAACTTTCCTCAATT-1-SMMh-4.138P,0.3412898450704026,0.2830897743530505,0.18003010445754541,0.37079090312239993,0.3955959166476856,0.3242066402319537,0.34467165886430606,0.3420629687642345,0.30563443230354304,0.3203553863305236
GTGCAGCTCGTATCAG-1-SMMl-2.138P,0.3350257441715639,0.25203379359017297,0.16298777158983388,0.3489185839356647,0.38723095434428434,0.3164436913215801,0.29070409829834454,0.3344055860552831,0.32095352732037896,0.3103069099911709
CGGAGTCCATATACCG-1-SMMh-4.138P,0.34313479990557383,0.27865281245383977,0.1327000167235292,0.3669584985489594,0.38615729512324276,0.32001124388681074,0.33153573445214046,0.34212655567347955,0.3104498426439404,0.32122215058096454
ACCGTAAGTGTAACGG-1-SMMh-6.138P,0.35601323868785456,0.271202801739614,0.27795770466067204,0.3503707344791856,0.3958190057496915,0.310509774603778,0.3453451183762874,0.3231341707895571,0.3064253133778519,0.33555563118131154
TTGGCAACACTGTCGG-1-SMMh-5.138P,0.35205270617159157,0.27157382137279973,0.18117687622859496,0.364716811187015,0.3961410835724043,0.34142152150074206,0.3547350655604783,0.3431397082792935,0.3180236947511254,0.31436994697630677
TGAGCCGTCGGTGTCG-1-SMMl-2.138P,0.343670919503188,0.25895727961250614,0.15717518727478527,0.35399104447482,0.38546540748588554,0.30212490117491075,0.29380152770491474,0.3473638304566255,0.325347863332502,0.31676293270954986
ACTTTCAAGACTGGGT-1-SMMh-6.138P,0.3596130161070875,0.2713601299240934,0.26489382174630854,0.3465925599320622,0.389671129840029,0.3114392331130918,0.3395879429793767,0.319489435244249,0.3097322001551541,0.3318822000789921
CCCAATCTCTGTTGAG-1-SMMl-2.138P,0.3336059367320395,0.25032793653065055,0.15762890985645323,0.34560939175964206,0.38372124799478957,0.3082474703225662,0.2917783103301098,0.31982182834903,0.30505790250154946,0.2948751594426752
AACTTTCTCTGCAGTA-1-SMMh-4.138P,0.34053175645858136,0.2846169891742147,0.15299180485094133,0.3613420294395201,0.3838559589917012,0.31279222765937836,0.3277908844986488,0.34601953233889526,0.3136878371125085,0.3261186976403983
CGAACATTCCTGCAGG-1-SMMl-2.138P,0.3404368427876344,0.2587062325984081,0.16039786446989274,0.35328559767906653,0.38398118210856225,0.31566651949765806,0.28605549274936953,0.34371630826297045,0.32877822676851287,0.30919759265350716
CTAGCCTCACGCATCG-1-SMMl-2.138P,0.3820577180526638,0.2773445081726717,0.23477910210434988,0.36081027587913383,0.3961091818022247,0.3167789365248495,0.3360522737993203,0.37384891319081,0.3835631819454208,0.34640206516979105
CCCAGTTGTCTCACCT-1-SMMh-4.138P,0.34698113863450625,0.28002544218213504,0.1792207504486239,0.36921587943166245,0.39472358155474263,0.32390660374121055,0.33921444661204,0.3433606578972365,0.31148186496382263,0.32460146955656766
TACGGTATCGTCCAGG-1-SMMl-2.138P,0.36441086969983516,0.25478578540996205,0.2735315571632345,0.3620299492568852,0.38619154570195025,0.3187220932080699,0.3207471853701932,0.3099431098441996,0.301854141309912,0.28646669879544934
GGCTGGTCAGACAAAT-1-SMMh-4.138P,0.3387209743283096,0.274597712022899,0.15357342634717902,0.3654132863270249,0.39400129848618504,0.3163797847882788,0.3316434940274825,0.34012792207809134,0.30671736731345706,0.3151738783208647
GCTTGAAAGTTACCCA-1-SMMh-3.138P,0.3543223681308584,0.27080121717860645,0.1596723784250828,0.34807896269164956,0.39445021900567867,0.30910597178462945,0.32392112578831894,0.33858408176637456,0.3057690747905497,0.3497768964359767
GCCTCTAAGCCATCGC-1-SMMh-3.138P,0.3570218144639241,0.2699811343396827,0.15448181101137928,0.343296388286487,0.38055463169896064,0.309569520331575,0.3157604006135494,0.3382613257925449,0.2981022430033497,0.3469420049438587
GGACATTCATGTTCCC-1-SMMh-8.138P,0.33955310180109294,0.27148952196392123,0.22272422762190613,0.3545845713023133,0.37985167854065915,0.34644703764541546,0.298701308003866,0.32194822282681224,0.30144492985985927,0.3121734758573278
CTAGCCTTCAAAGACA-1-SMMh-5.138P,0.3598776524308405,0.2987768576889137,0.20376121492678068,0.3713851775703492,0.4022637673120378,0.33986478265372766,0.36728352588289526,0.36103336596425756,0.3216761975905642,0.3472679877444882
CTAACTTGTAAGCACG-1-SMMh-4.138P,0.33937324558622556,0.28177567973032974,0.19262631869624017,0.36952844875833135,0.39421661918248035,0.3202521660737627,0.3385577149246152,0.34010182779502757,0.30659775322249827,0.31840977341251736
CCTTCGATCCCAACGG-1-SMMh-3.138P,0.3613579703669833,0.2747079900522106,0.18679742497809468,0.35245351119297513,0.39725537813270734,0.30932157865149407,0.32878897730480383,0.33788385512564184,0.3080492816726418,0.35467798196738387
TGGTTCCGTTCTCATT-1-SMMh-5.138P,0.35277017790104903,0.2711330094383602,0.17859477958976888,0.3646794613241934,0.3957556740624846,0.34147609966605014,0.355040534823152,0.34265056240894065,0.31707150625189867,0.3142080757660711
GACTAACAGCGGCTTC-1-SMMh-6.138P,0.3644234057183677,0.2716930848307271,0.27076107935664123,0.34970268094592527,0.39174536930042,0.3096768587576108,0.3445973457812213,0.3183131123930268,0.3003454986197535,0.33482509485586853
GCGAGAATCGGATGTT-1-SMMh-5.138P,0.34466545840051915,0.26908177688747403,0.16003124867280136,0.36322289196737956,0.3878753715369979,0.3420382497694751,0.348055077269351,0.3318032250580434,0.3142623110546929,0.3078890975801029
ATCACGACAATCCGAT-1-SMMh-6.138P,0.36304136293738803,0.2734056658171288,0.2802777521879449,0.3434190534915939,0.389073271568764,0.312171095582526,0.3387053857841814,0.32104513978959465,0.3170876184884544,0.34470227367599543
CTACGTCGTATAATGG-1-SMMh-4.138P,0.3346914283813168,0.286184849992669,0.20064410838289876,0.3726816258122142,0.39292233944150806,0.3206207328604757,0.3417031968257873,0.33374723548117585,0.30480731645697995,0.3099537263146079
CGGAGCTAGATCCCAT-1-SMMh-6.138P,0.35711070059041056,0.2705328649172101,0.2817548047154578,0.35031725761859095,0.3909639818065186,0.31028304001927154,0.34218515505594116,0.3209708733600312,0.3047181507217866,0.33444186339124043
AAATGCCCAACGCACC-1-SMMh-6.138P,0.3705588084097472,0.2719461296923983,0.28651265485939154,0.3483682719560433,0.3946055260325165,0.3128375509018377,0.34620481760241467,0.3273722806714666,0.31503583331406065,0.34733611816458887
TCATTACCAGGCTCAC-1-SMMh-6.138P,0.34916332237804193,0.2566515818352157,0.3011972393367043,0.36405253104340507,0.381831820749827,0.31171937816813083,0.3227523157074511,0.2911569820282737,0.2865513849854473,0.2862264771591698
CTTAACTCACCCATGG-1-SMMh-4.138P,0.3401456525654809,0.2849216272078799,0.1698439152494857,0.3718285601733985,0.3913603895217419,0.32299002021723006,0.34202136473734074,0.344237936478979,0.31109974131207774,0.3192798232206735
ATAAGAGCATCTCGCT-1-SMMh-3.138P,0.35849225407045415,0.27243085044968485,0.1806304644723311,0.35283314425053347,0.4070483251977785,0.30781989843944474,0.32838066895886625,0.3351268811271459,0.3042605224420977,0.35275389599703266
GATCGATTCTAACTTC-1-SMMh-3.138P,0.355400462397806,0.2673497806078825,0.1572186627293532,0.35086170910893894,0.3914468374056757,0.31020615813518576,0.31985821394871433,0.33915920144030615,0.3047003389423447,0.34297373473505827
TCTATTGAGGGAGTAA-1-SMMh-3.138P,0.35599794932185425,0.2901051945349981,0.1655913308728767,0.34871256330917033,0.37865578449104464,0.3213142386689978,0.31653954887532926,0.3378546673771511,0.3074375727990532,0.3331678905845167
GAAGCAGGTTCCACTC-1-SMMl-2.138P,0.3450462121484519,0.2571491225070237,0.14950931807338472,0.348900352380156,0.38375776452681254,0.311650651872694,0.2892076811983755,0.3452215313960259,0.3245458099874787,0.3137950610460238
GGGCACTTCAATCTCT-1-SMMh-6.138P,0.37320096145872195,0.2723433236735622,0.29407609591521916,0.34768948466269833,0.39839007232951934,0.3142561901812026,0.34747782937622596,0.32777835890951784,0.31095604917132713,0.3506959001050038
TGCGGGTCATGGTTGT-1-SMMh-5.138P,0.35460892425075735,0.2873203193233844,0.1860215818253218,0.3692113336598223,0.39331816773007244,0.34043351171236524,0.3513736336316252,0.34805615037902915,0.32845432834436267,0.33918933979183374
CTCGAAACAGCCTATA-1-SMMh-6.138P,0.3554986873168158,0.2692207470654513,0.24706102007917857,0.3456443574340732,0.38507411026947397,0.3126029683189892,0.33566912999201887,0.3152685066729538,0.3085046135333336,0.32381199769990876
GTGCGGTGTAAGAGAG-1-SMMh-10.138P,0.3628151585665567,0.2749094430098629,0.17242691244911218,0.35170134157101995,0.37879510789976195,0.3314507555445559,0.3147574271140842,0.321114456547524,0.31887381367363227,0.3110337766573761
GTGCTTCAGTACGTAA-1-SMMl-2.138P,0.3565337580136389,0.26024046679522406,0.2839114246145959,0.3553065822592504,0.3883799131847986,0.31146804195909294,0.3236913224014553,0.30812301916810675,0.2997849694604152,0.3027212931704184
CATGGCGGTGACGCCT-1-SMMl-2.138P,0.3467270013142711,0.25406571889832075,0.14869876955821554,0.3486240153897242,0.38626861762729503,0.31131045143235636,0.2902596920877151,0.34012530171544836,0.3227811682075988,0.3055474764658897
CATCGGGTCGGCGGTT-1-SMMh-6.138P,0.35557367525558825,0.26628276213294877,0.2691513343479022,0.3469448540953014,0.38464870116732713,0.31053539129304447,0.33168321950981516,0.31373720420467316,0.2992646719460997,0.3207038031349772
AAGACCTAGTGGTAAT-1-SMMh-3.138P,0.35329147550851886,0.27354248962207683,0.2017781228480364,0.3524262097834017,0.3968030223167924,0.30661452114347304,0.327827458941785,0.330432849633236,0.30898451415182027,0.34543359500712045
ACCTTTACATGTAGTC-1-SMMh-10.138P,0.38506221410874336,0.29804353177457726,0.30083347817875444,0.3519042669905163,0.3905828700396706,0.3617824115755951,0.312054011459052,0.3539260146244153,0.3583769496219116,0.3347138783973849
AGAGCTTCAAGGTTTC-1-SMMl-2.138P,0.34059732229771594,0.25710976520065215,0.16008101856879894,0.35338479838010434,0.38375696393966474,0.31034980923152433,0.29422923622640523,0.33703266058403036,0.3187935980354098,0.3002163042240698
CTTCTCTGTAGTGAAT-1-SMMh-4.138P,0.34413354832099985,0.2805460857679089,0.14716920196257877,0.3643227880230493,0.39083294149435305,0.31330256389684524,0.33672477358461866,0.3404649972621875,0.30060587070386163,0.3132193542745585
CATTATCCAGCTCGCA-1-SMMh-5.138P,0.3731990115513807,0.25037219812747413,0.27336293343524803,0.35178360016639104,0.3931527950598159,0.3175844567305319,0.3294656682277213,0.3089242657540712,0.30474596634151885,0.30849473931487464
TAGTTGGTCGATGAGG-1-SMMh-6.138P,0.3558782335565432,0.27184935565549717,0.2799733579369457,0.3494110879762921,0.39480708596598135,0.31392515408564825,0.3415664427711576,0.32422032892840397,0.31005775227325044,0.3325311285725953
TACGGGCGTACTCTCC-1-SMMl-2.138P,0.34060474726652346,0.25603095858840974,0.15666252295229016,0.34759944719339875,0.3867053712164217,0.31479506654353806,0.285616791363291,0.33420640506025673,0.31737883573041253,0.30343169817731847
CCCTCCTCACCAACCG-1-SMMl-2.138P,0.3431713931830141,0.25949921876713944,0.16581944276222318,0.3539985578268352,0.38281459316895805,0.31151442322752604,0.2993175405737303,0.3448762246347539,0.32979988562222595,0.31079013539547795
ATTCTACTCTGAAAGA-1-SMMh-6.138P,0.39172681978594354,0.2840271280827524,0.33897355328226225,0.346621366867372,0.4119143015503739,0.3226644267464178,0.379024233773566,0.3420313900478992,0.33113235225722626,0.3623391359150751
CATCGGGTCGGCTTGG-1-SMMh-6.138P,0.36106824139823507,0.2702377062316076,0.2857639816464111,0.3489912477962304,0.39417847985321747,0.31649726557396624,0.34278481819287343,0.3239989157984736,0.30686285122076074,0.3359436446875333
TGGTTCCTCCTTGGTC-1-SMMh-4.138P,0.3418611434063659,0.272429993287723,0.12649922888221438,0.36372798506454634,0.3867775460293028,0.3170841876164438,0.3291699146296961,0.33745632812490023,0.30615995407191,0.3203685186002482
GATCGTATCATGCATG-1-SMMh-6.138P,0.36335354213560395,0.27158940366053946,0.2794900982713324,0.34834640392897964,0.3944680653495237,0.31432083379882686,0.3437351486873965,0.3247383872530361,0.30926762792269646,0.340059597867889
AGACGTTTCTGGAGCC-1-SMMl-1.138P,0.35316700535018436,0.261976570786801,0.2203811811687447,0.36068719620532214,0.38148566779867615,0.33281044743263044,0.30838503174892246,0.3421427232319832,0.3439371388101209,0.30626248438870846
CCTAAAGGTTCAGTAC-1-SMMl-2.138P,0.33515922774953244,0.25380052585759305,0.16667338685174604,0.3447844984552954,0.3890153248631779,0.30602196033634604,0.2928342474758258,0.3259184872449192,0.304871993771844,0.3014801166688302
GTCGGGTCATACGCCG-1-SMMh-10.138P,0.38293968445315174,0.3002692271970023,0.3010533650655482,0.35075013269071015,0.3898759138120122,0.3560579278110462,0.3113654562649966,0.347426331513173,0.3534441928693457,0.32959597176302224
TGCTGCTTCACGAAGG-1-SMMh-4.138P,0.3420243608951753,0.28083363487533475,0.18966844304262706,0.3688720068948915,0.3942430385915569,0.32241179324954766,0.335094805062489,0.3432467402402138,0.30862329916122877,0.3228051964274731
ACGATACTCTCTAGGA-1-SMMh-4.138P,0.3368394869265569,0.28312462274609845,0.19300009801918874,0.37129064364578546,0.3932817733763494,0.3181711842562002,0.34020682879376773,0.33514908706894103,0.3038244408037528,0.3143371127745648
TCCCGATCACAGGCCT-1-SMMl-2.138P,0.3461411847799026,0.2537815118752752,0.15531427520854765,0.3475231400375894,0.3855126971648242,0.3146505575745057,0.28710520873356893,0.3392780916228805,0.32347460419561963,0.3093880778148189
ACACCCTTCCGCGCAA-1-SMMl-1.138P,0.3517347619404794,0.2617896166016982,0.20904898913123882,0.3548207607090631,0.379220422753403,0.33014785198437074,0.29905114116203496,0.34176025445802255,0.34373379863706394,0.3103116160293719
CGATCGGGTGAAGGCT-1-SMMh-5.138P,0.3590934470579617,0.26501249481006817,0.24759235294879828,0.35445318853541247,0.4023973088196433,0.3208533017654361,0.3131290241598967,0.30226896694158806,0.29316409694326967,0.296758737584892
GCGCAACGTAGGAGTC-1-SMMh-4.138P,0.341613516349396,0.2766316851831273,0.18294329422256358,0.36963020885855186,0.3952494687654005,0.3224558865584362,0.34242358089726554,0.3405342886446482,0.3062755325442967,0.32462811795546204
AACTGGTCATTCTCAT-1-SMMl-2.138P,0.34093473563089044,0.254264923948436,0.1568731751457356,0.3473246284513265,0.38481886794209214,0.30991381080243824,0.2849408772058559,0.33588541031982355,0.32005571616225353,0.3100372361711545
TGCGCAGGTTACAGAA-1-SMMh-4.138P,0.339624240994817,0.2780431765093295,0.17208214730814206,0.36473309693793865,0.39459006478551306,0.3186247685590748,0.33343463859998684,0.33975876161262686,0.30502742647337544,0.31638668132039616
GGAACTTTCTCTGAGA-1-SMMh-6.138P,0.35819039036279404,0.2708534449398561,0.2830970930200495,0.34953776169128753,0.3941260974237022,0.3136587151091788,0.34150015368141723,0.3218327791953448,0.3077307847511179,0.3363046184518972
TCAGATGAGGATGTAT-1-SMMh-6.138P,0.36440893671325997,0.2711439048999763,0.30037941829139875,0.3506442312131137,0.39344216638290397,0.31351229570103695,0.34070848761250433,0.32139173382061753,0.3076851642717735,0.3425642811841254
CTAATGGAGTGCCATT-1-SMMh-3.138P,0.3657075200671977,0.2720149240623732,0.1825971047739817,0.3574030693047996,0.39447618119988065,0.3108617841974565,0.3345385931082845,0.3390891312107955,0.3092167269685055,0.35503725743351977
TGCCAAAGTATAGGTA-1-SMMh-4.138P,0.34029994358916205,0.2773085641553144,0.1493510014227185,0.3700010463950265,0.39130114984017694,0.31657554179810815,0.339398169025982,0.3377990104722556,0.30502141580248077,0.31738850506915306
CTAGTGATCGGTGTTA-1-SMMh-4.138P,0.3401228264490912,0.28737191174340293,0.1851271431246711,0.37387740825787774,0.39572658064273286,0.3255786306464904,0.34158692378889294,0.34529107600710834,0.30942521322612165,0.3249766233254271
GTCACGGTCCATGAAC-1-SMMl-2.138P,0.3476250957797862,0.2525736494604659,0.14125967199979472,0.34808874382433475,0.38620347186893894,0.3109221505292154,0.2929098926394677,0.338149927344089,0.32780406110312205,0.3132637275610267
ATCACGAAGATTACCC-1-SMMh-4.138P,0.3410729620504524,0.27940891148398106,0.15338173996572324,0.36287172055990724,0.38554271108399896,0.31351237618387945,0.3295008412429247,0.3407668933278571,0.30574828871192516,0.3130614271732456
TCATTTGGTCTAGAGG-1-SMMl-2.138P,0.34029313226547586,0.25715953470442643,0.15465637719763295,0.34921823211664577,0.3834130778327344,0.30823356978862465,0.29148703826756167,0.3406628271729579,0.3170888003953487,0.3079680314301531
AGAGCGACAAGGTTCT-1-SMMh-4.138P,0.34209361755666734,0.27536427409854813,0.1583565355029299,0.3635414461501744,0.3927196514046159,0.31472811936052736,0.3355369538053212,0.33944497148438346,0.3002337596181746,0.3147321901690315
AACCGCGCAGTAACGG-1-SMMh-4.138P,0.34206722096649633,0.28330220465407124,0.1811637601349735,0.37184266436672275,0.3954372121838548,0.32657282036988056,0.34297557329644346,0.3457055909415833,0.30904940870023584,0.32024589251237856
CTACATTAGTGGACGT-1-SMMh-6.138P,0.36561625845137186,0.27206317297967164,0.2502142865906916,0.3469481104130135,0.3897531009670541,0.3090957969904196,0.3425063378035441,0.3170485728420776,0.3010550600008245,0.3330101665125939
CACACCTTCGCTGATA-1-SMMh-3.138P,0.35136865421562263,0.2667220975760038,0.1645836176400487,0.3473220978111789,0.3977389758540686,0.30599512157157943,0.3288104604258642,0.32790439230492036,0.3007606859487206,0.3353013008656451
GAACATCGTTAAAGAC-1-SMMh-3.138P,0.3394454692110786,0.2661750997272951,0.16771631078397234,0.3476832884330181,0.38540315417235194,0.3203940702107018,0.31355477828046396,0.3249384710946776,0.3009767628345832,0.31154800475030986
CATATGGCAACTGCTA-1-SMMl-2.138P,0.34377151819743546,0.25722269169800016,0.14450924752150127,0.34545946552856555,0.38556170914561333,0.31100254546822026,0.2935499044311783,0.3394216023372357,0.3147469812819597,0.3118746731430444
GTGCGGTGTGTTCTTT-1-SMMl-2.138P,0.3391335894315516,0.25596437492473084,0.14782148650453006,0.34456858225733467,0.3852454972403157,0.3097029119262506,0.28824962317805614,0.33431497963959245,0.31238943329786373,0.3019132319715268
GGTGCGTCACAACGCC-1-SMMl-2.138P,0.3394881894840501,0.25364155141552197,0.15577649569795918,0.34841385010730413,0.38638300287583355,0.31254517380943586,0.2878600361617531,0.3400537376432668,0.3209783629364045,0.3025469235257719
CGTCAGGAGAGGGATA-1-SMMh-5.138P,0.34018327028954126,0.27083802351508635,0.1639646796891493,0.36121968200347626,0.38962450787686065,0.343598303292589,0.34544385411209294,0.33203226684411313,0.3140736971734934,0.300947912173129
TCCACACAGATGTAAC-1-SMMh-4.138P,0.3421228591854553,0.2830365164773966,0.1720627433405602,0.36533162876728875,0.3866233660520048,0.31145831621141185,0.33421396218134464,0.335882910388175,0.30269868694020946,0.3096148557410524
GACGCGTTCTCGATGA-1-SMMl-2.138P,0.3693010087173133,0.2611185271033981,0.2442339166215562,0.3531582433240114,0.40341005594435947,0.33488146503959937,0.32407314462721065,0.3128969750392593,0.3118123481848342,0.29385943355714983
TATTACCCACCTGGTG-1-SMMl-3.138P,0.34348744233760603,0.260352565954866,0.18731443956447558,0.3455140350880978,0.38797613476779547,0.31862901429237506,0.30150621887448165,0.3246303733773511,0.3003346927220954,0.3068779721966411
CGTTGGGTCCTCAATT-1-SMMh-4.138P,0.3395297175630287,0.28408622430044367,0.18624847632333635,0.3696321082518333,0.39412331702499787,0.32342825604520364,0.34009042802081274,0.34141688983034163,0.30666740739909637,0.3235608054758526
AGCGTCGGTGATGTGG-1-SMMh-5.138P,0.34864791155058905,0.2710280816749438,0.1848335095178819,0.3636338744684944,0.3849835610990986,0.3411770710755059,0.34156454669340536,0.3392782805912878,0.31797001602244207,0.3083820592874486
GCGCAACGTTATCACG-1-SMMh-4.138P,0.35750103971060143,0.27899912969777063,0.16991414949129202,0.37316529318173547,0.38853260914668925,0.3264870235882352,0.3393808137133075,0.34821679498649677,0.3235063800990163,0.33250206435146895
TGCTGCTAGACAAGCC-1-SMMl-2.138P,0.33060114580568944,0.2552329431393476,0.16910156871380058,0.34973821872932565,0.3887048295724762,0.3157942051672728,0.28663306549691714,0.31503349291267263,0.3029896106061149,0.30399637770838656
GTATTCTAGGTAGCCA-1-SMMh-6.138P,0.35323468787832346,0.27548402560959795,0.27704116280063146,0.3525403040664061,0.3867879344271078,0.31994278855350494,0.3402729994641812,0.31625436261335227,0.300426458996047,0.31367312869924396
AAGTCTGAGATACACA-1-SMMh-6.138P,0.3601180987222793,0.2702567834033278,0.2776566363910943,0.347959423928824,0.3950025872835579,0.31177466249482444,0.34410546819578125,0.32442375552296565,0.31100933170862055,0.33955164549667566
TGGACGCGTAAGAGGA-1-SMMl-2.138P,0.34492500707004775,0.25740099922317894,0.1504498981267489,0.34756868954499,0.38663545599357924,0.31303853448729135,0.28846823190213605,0.3398845116283304,0.3152687100561682,0.3120014299434745
ACGCCAGTCGCGTAGC-1-SMMl-1.138P,0.351095213832631,0.26097427871287415,0.21255915754004964,0.35482856737662966,0.3779081429096737,0.331928910805506,0.29887978112200697,0.3421920571008333,0.34173712563280606,0.31017036545299
GAGCAGACAATTCCTT-1-SMMh-6.138P,0.35781986567695323,0.27381626359720407,0.28724611755597174,0.3506124607629966,0.3964272979665911,0.3096597848814174,0.3424690740846193,0.3249567538000805,0.30759624971878047,0.338994130827456
CGTGTAAAGTTGTCGT-1-SMMl-2.138P,0.34053233399860416,0.2609876885122135,0.1578797059378537,0.3452866617646153,0.38688299499569184,0.314582127117078,0.28993100212933287,0.3376584772373545,0.31566853462632954,0.31027650461998413
AGAGCTTGTCAGAAGC-1-SMMh-6.138P,0.3638261065411844,0.27051188720251973,0.29573199794476407,0.3510826822787793,0.3940332795603539,0.3131526009523049,0.34458483825812164,0.3162420883890245,0.3057768679213499,0.34125103423967645
CAGTAACGTCATACTG-1-SMMh-3.138P,0.35351987316245587,0.2684182300194718,0.15979811041195519,0.34859108307315684,0.3919783399644909,0.311419177963279,0.321858123444003,0.3287827117876708,0.30871277623815074,0.3330055341919669
AGAGTGGTCATCGGAT-1-SMMl-2.138P,0.34065150738503125,0.25376909295972483,0.15485642833271357,0.3452552983644574,0.38697413851740375,0.3121371392648032,0.28690599953720763,0.3301563496770623,0.31294708852702835,0.3030151987108527
GTGGGTCAGGGATACC-1-SMMh-3.138P,0.3485742626597313,0.269352076725749,0.16755473868327153,0.3487069685618331,0.39727946055728863,0.30960415017735016,0.32704909282641775,0.3294629922862869,0.29358225865818577,0.331794297590063
TTTATGCCATCCCATC-1-SMMh-5.138P,0.35806549186804293,0.28977110509193515,0.18891917210337897,0.37012383911768465,0.3954252937386047,0.34309565982924656,0.35720252523644436,0.3584333199367683,0.3268580773899307,0.3399118645900709
GTTTCTACAAACGTGG-1-SMMh-4.138P,0.3401260638720529,0.28351524193602645,0.1792726004147681,0.36928297969201107,0.3921832738099426,0.3224878838846695,0.3397567264514334,0.34135342731818397,0.3047405910994555,0.321864228728128
CACCTTGGTATTAGCC-1-SMMh-5.138P,0.3391526063557217,0.266690896685858,0.1773280292675987,0.3561850492087905,0.3941879479835,0.33252996209058533,0.34285888029128325,0.32379756539438737,0.3071403480698534,0.30735954735649923
ACGCCAGTCCTACAGA-1-SMMh-4.138P,0.34066537218634674,0.28089105860079233,0.18353864159123642,0.3700413251327444,0.39199088077880906,0.3232241425807801,0.3364923164328375,0.34193740652164173,0.3083503823397545,0.3214463467497687
ATTACTCTCTTGTTTG-1-SMMl-3.138P,0.34911807625728186,0.26554274732960936,0.18031125940042075,0.3472123230203582,0.3837693157751383,0.3232956147100506,0.29629407825341236,0.33055092944122466,0.3029091390853024,0.3088059410668802
TTGGAACTCAAACCAC-1-SMMl-2.138P,0.3377444160503461,0.2530878288700624,0.1446995183702521,0.34469761077283934,0.3853013202429481,0.3055955782968268,0.29140349150253686,0.32751077866820555,0.30902804643259846,0.30549861828347225
CTCTGGTCAACTGGCC-1-SMMl-2.138P,0.36291553145459365,0.25930308485652304,0.2857603739403204,0.35283439180712217,0.3876680378290745,0.30888811558672813,0.3204071381920812,0.3124686877100396,0.2997033355480473,0.30317300658564783
CTACATTTCACGAAGG-1-SMMh-4.138P,0.36088153954365165,0.2780378358526776,0.26803895117731014,0.3667262876718156,0.41009504032979427,0.31774187036118956,0.35745546744842155,0.35006042718238223,0.31040531112443204,0.3349237894606148
AAATGCCTCCTCTAGC-1-SMMh-6.138P,0.3605371198532164,0.268869781855432,0.25543577035851806,0.3464586632724728,0.387362630110237,0.30772013089812106,0.33360295284676883,0.32154737989611853,0.29955520545329706,0.3277433122047719
TGGCTGGGTCAAAGAT-1-SMMh-3.138P,0.35255700493219305,0.26567833856106843,0.1840768385275164,0.34823728352772004,0.394467845027895,0.30863951120247896,0.32299182531858556,0.3283941472264747,0.30443606640439674,0.33660361554383444
GCGACCAGTGTGACGA-1-SMMh-9.138P,0.34762487055553026,0.27511746364457756,0.19288989384498822,0.35576402782847527,0.3724692082713348,0.3454914977608143,0.322593960990863,0.32325744050217103,0.32654254793475557,0.3203340209175247
CATCGGGTCCCAAGTA-1-SMMh-10.138P,0.3725603607831627,0.2902840852728113,0.24728835268043153,0.34695044270927133,0.3812472136293928,0.34364060519554523,0.3097774601699553,0.3352544042557885,0.3379074555445014,0.32120478076859066
CCGTGGAGTCTTGCGG-1-SMMh-6.138P,0.3523368546307737,0.2758681796311445,0.3422781328766922,0.3607765019183713,0.3818980595246727,0.32120698711467294,0.2967303150596406,0.30194139152620947,0.2961748271484938,0.2866885097551946
TAAGTGCGTGGAAAGA-1-SMMh-4.138P,0.3399026298859935,0.282511340996924,0.19966130305229043,0.3711265774658439,0.39708813815477784,0.3204745883833985,0.3416808388889725,0.3408670054704953,0.3055232506367291,0.31793156161879
GATCGCGAGGGCACTA-1-SMMh-3.138P,0.35093911931424704,0.2727778605124863,0.17479400704870995,0.352133850697684,0.39997864922255383,0.31390235455118437,0.33299509191605897,0.32867611430121774,0.3044801678247055,0.33269803523934455
TGAAAGAAGATGCCTT-1-SMMh-6.138P,0.3606188865645706,0.2714493624259329,0.2551230897344016,0.34556878011613074,0.38829910115340444,0.3104958693526473,0.33720948882727947,0.3214219160824623,0.3051153965148993,0.3312826776557253
GGACGTCAGAAGGTGA-1-SMMh-4.138P,0.3353848159303721,0.28332064663539447,0.17973169215615659,0.3690355542713284,0.39026623382669634,0.3175944050349953,0.33677433387380973,0.33614278480741044,0.29985585422970934,0.3123355507572768
AGAGCTTGTGCAACTT-1-SMMh-4.138P,0.3403871504169982,0.2789226503936712,0.18414729493861992,0.36818604025929497,0.394837237190397,0.3190042296386076,0.33545085906810207,0.3380063653926801,0.30501558794619454,0.31584646356936474
CATATTCGTGATAAAC-1-SMMh-3.138P,0.34879960893104034,0.274051480141653,0.15504714295102132,0.3476124484948107,0.3879171435799269,0.3228305594313317,0.3180588806502645,0.33156894546992866,0.3089741115053988,0.32446854574380896
TCGAGGCGTAGCTAAA-1-SMMh-1.138P,0.3446846551937884,0.2786634774152663,0.2706322543957176,0.3822513732446926,0.3680882810772757,0.3381038123111084,0.34861846180335293,0.3141714303689269,0.3013483518097278,0.297271343550489
CGACTTCTCACAACGT-1-SMMl-2.138P,0.3372227171348998,0.24740181835369568,0.1515740426801279,0.3439984447596788,0.3876679979629841,0.30411537367443936,0.29642071702566847,0.3258564232179276,0.30383069032405674,0.29876731222484915
TCAGGTACAGACAAAT-1-SMMl-2.138P,0.3346386422698695,0.2527540415723029,0.17079947717448404,0.3465184513431414,0.3870771425149168,0.3108077393346628,0.29336408287000343,0.3290097067093525,0.3128371207729977,0.30068974837802115
TCCACACGTGTGCCTG-1-SMMh-5.138P,0.3473196029260016,0.2699277978559242,0.18785310058514224,0.362623337442037,0.3856331314472435,0.3433470043866167,0.3434984997529294,0.3377831963920014,0.317937859195368,0.3086740452250607
TGGGAAGGTTGCCTCT-1-SMMh-10.138P,0.38480230459176323,0.29986782710295024,0.29044567195794785,0.35363490108279105,0.38831817556014037,0.35748951910194365,0.30492671271474736,0.35452191934838745,0.3506808262624659,0.3335825990850514
CGTGTCTAGTTGAGTA-1-SMMh-3.138P,0.35260084116429563,0.2656093281868279,0.1663395171559821,0.3468691793099467,0.3929904696572617,0.30944599635243764,0.3200998307589755,0.3310461983055647,0.301613688259809,0.3380299989152715
TTTGGTTCACTGTCGG-1-SMMh-6.138P,0.36290755584749473,0.2708429702309014,0.26093160533405607,0.3461953401984041,0.3907576443803978,0.31030875346236064,0.3417552809307201,0.32236316238584783,0.3089063661886169,0.3384998710352014
GCGCCAAGTTACCGAT-1-SMMh-10.138P,0.385338256376036,0.29778299573248157,0.29198619879233,0.35098462553052734,0.3883542030082871,0.3585262266409719,0.31003885074696447,0.35245362924648593,0.3573535859838142,0.33252699005027064
GGGCACTAGAACAATC-1-SMMl-2.138P,0.34239210456772806,0.2555680229390059,0.13517977196466288,0.348520570831475,0.38228688815641065,0.30289179141246736,0.29883152912932154,0.34391609548612706,0.3275783872242332,0.31453451826343193
TTGGAACAGCTAACTC-1-SMMh-5.138P,0.34804357001319247,0.29099261036341645,0.18038727011000402,0.3688433927028279,0.3968138850771793,0.33804177121780216,0.3547150914005726,0.3458140156381099,0.3145384645217236,0.3287432589417325
GACTAACTCAACGGCC-1-SMMh-6.138P,0.3663341461599334,0.27500276419383823,0.2626915779402863,0.34377378134008796,0.39079619298260554,0.3113843018991324,0.34081742951601374,0.3233758274147478,0.31809125553432843,0.33985405407676633
TAGAGCTAGTAGATGT-1-SMMh-4.138P,0.3357959834709629,0.28710774314010185,0.2029383495582866,0.36663915264491986,0.3927674770381583,0.3228946184636597,0.3346891347344298,0.3433566605476606,0.3076998473843593,0.32427570525667393
CACAGGCTCCTCAATT-1-SMMh-4.138P,0.34105282893283256,0.2851937632056736,0.18940698217106552,0.3707979224859066,0.39394637158946794,0.3211244222588913,0.34178270736025973,0.33829670887292945,0.30334579022007885,0.31449677868050024
CAAGGCCCACCCAGTG-1-SMMh-6.138P,0.39008113133666933,0.292066165040298,0.34571711580107545,0.34721277480975293,0.4137794737987724,0.32380724565562763,0.3812777508312283,0.34533948902238004,0.33093142969485084,0.36566231786408177
CCCAATCTCCGTAGGC-1-SMMl-2.138P,0.34503560385218557,0.25607359709498745,0.14982216077942212,0.34528019628791395,0.3842102170758719,0.3119884517753847,0.29056126044482095,0.34198144374525086,0.31969898583116824,0.31422830427605797
GGACAAGTCGCCTGAG-1-SMMh-9.138P,0.33195005044163883,0.285861591122624,0.21647941396087028,0.3579759058823073,0.39597289841050204,0.32754427660440116,0.31329350370902787,0.3248491660658273,0.302820715940471,0.3253010070541524
CGATTGAGTCTTCAAG-1-SMMh-3.138P,0.35472757138054833,0.27524003756020277,0.19790733477715117,0.3536338656909404,0.40784959925368547,0.3052602836520309,0.33013534503698566,0.33115415475221643,0.30540807690791755,0.3443786987285506
TGTCCCAAGTGCGATG-1-SMMh-3.138P,0.3503697887789301,0.26822807460672243,0.1917186116341697,0.35155194089463737,0.39688128157929176,0.31122710231432693,0.3302230583798477,0.3293477745767058,0.30551903358294574,0.336827830726515
CTCAGAAGTAGATTAG-1-SMMh-4.138P,0.3323758885687668,0.286489533374694,0.20159348084476533,0.3710655190918152,0.3930020646166282,0.32535859309217496,0.33879332512438426,0.338946304148335,0.30671302615873297,0.30683771910975466
GTGAAGGTCTCTTGAT-1-SMMh-5.138P,0.3696900888276574,0.2556665848554069,0.26961948472600133,0.375846461330726,0.3883408064876294,0.3525288647870867,0.3341713534237245,0.3097334765698845,0.313379823058742,0.29568535890797143
CATCGAACATTCTTAC-1-SMMh-6.138P,0.3628488189708098,0.27102657446262945,0.31089676606142974,0.35225355903116806,0.39659038686178916,0.3141614114851342,0.34850112245789855,0.32317979831995836,0.3053701585987201,0.3431241764664742
AACCATGCAAACCTAC-1-SMMl-2.138P,0.35168421787610343,0.2618117435439719,0.13699605765936215,0.35378808065019507,0.3845362400554685,0.30928215810461873,0.29464678814308204,0.3513664742209831,0.34331729987399223,0.3275847108932993
TACGGATGTTGGGACA-1-SMMh-3.138P,0.3564737746295338,0.28073943116572864,0.18937039485637377,0.3510657117080743,0.3866604278379981,0.32099285423545104,0.32069724021201157,0.33707873443060515,0.3106082327839517,0.3367810013149799
TTTGTCAGTATAGGGC-1-SMMl-2.138P,0.3683107138807896,0.2675363991047104,0.17007713848448971,0.35372554053569855,0.3884389626747946,0.31780616165226233,0.31317483434223853,0.3616837161490414,0.3648686532612385,0.3396413941178919
GAGTCCGCACGCATCG-1-SMMh-6.138P,0.35697694321243995,0.2714980504701038,0.27043590732173933,0.35069536067467716,0.39333659527654924,0.313471098542253,0.3418809549830572,0.3230397323619211,0.3090327138030019,0.3341883363539573
GTGTTAGCAGTCGTGC-1-SMMh-5.138P,0.3555840702006759,0.2934320635124316,0.18773786787277677,0.3684821218927957,0.3989098690584441,0.33984695146397526,0.3604771309590121,0.3550804722443554,0.3244511691295926,0.3436586967818237
TTTATGCTCGGTTCGG-1-SMMh-5.138P,0.3516775279544624,0.27210194664250426,0.1800303174755221,0.3640682081218324,0.39621980973219134,0.33977687178625127,0.35592014311050735,0.3407819637934003,0.3162784966595628,0.3147992407605689
TGACAACTCTTCTGGC-1-SMMl-3.138P,0.3621501600801449,0.2709831729315214,0.2509254031546559,0.3585617955514585,0.4085791419075955,0.3265015095589546,0.3151177736755243,0.3041658225706198,0.2941549689997519,0.29724768895071424
GGAAAGCGTGGCAAAC-1-SMMl-2.138P,0.3390882858023511,0.25652002149488484,0.14876069169880865,0.35142471125482067,0.38378038962620376,0.3091276646357785,0.2903924689156541,0.3383227192387796,0.3213144915948036,0.30981789669806464
AACTCCCTCAAACCAC-1-SMMl-2.138P,0.34636766085578696,0.2617799629667897,0.13611847254858428,0.34621336131120034,0.38575422381146623,0.3143981909368245,0.29060655295067894,0.3412763736825509,0.3169996855622541,0.31387669749764874
TTAGGCACACTCAGGC-1-SMMh-6.138P,0.36186836737454986,0.2730141306952804,0.28076847672127503,0.3492510782424962,0.39117643714733646,0.31458332558211394,0.34655632204151104,0.32329240819526583,0.3084405967235122,0.33700419178445973
CGCGTTTGTATCGCAT-1-SMMl-2.138P,0.33481501200417296,0.2516825701400268,0.16157486474390778,0.34616202611719593,0.3869494304308392,0.3091937446539378,0.2929065617328856,0.32738703171889366,0.3116696661409906,0.30068720160708434
ATCTACTGTCGGATCC-1-SMMh-3.138P,0.35334032960446377,0.2764163585684336,0.17946184229309764,0.35504152954714746,0.3934385459570388,0.31811284668611794,0.32131784350495485,0.3403118871606918,0.31057472392982116,0.35376964763960345
GACGCGTGTCTAGAGG-1-SMMh-6.138P,0.3664222570934875,0.27566961462088097,0.2656616232251042,0.34449700761370705,0.38968295628663474,0.30984411490525676,0.33940045083980996,0.3248022448211789,0.316734290305558,0.3370057422085836
GGAAAGCTCAGAGACG-1-SMMh-4.138P,0.3386642531270689,0.2822717179045759,0.15901622549739766,0.3646290223924481,0.3876220416296621,0.3112158608735719,0.33022705731887325,0.3373752148972948,0.30023895786717053,0.3093799311245881
TCGAGGCGTCTTCTCG-1-SMMh-4.138P,0.343746676959087,0.2807250343696958,0.17321855370486527,0.37141235409008905,0.38906906791284146,0.3276035101969832,0.33473082525819586,0.3433732023501886,0.3174325865186097,0.32700633616358166
CATATGGCAAGGGTCA-1-SMMh-3.138P,0.3466504115523253,0.2694525249652399,0.15800976957587326,0.3522160596394628,0.3994134029633859,0.30963157439022015,0.3316987933123989,0.3276669978351872,0.29633884126592286,0.3340912722175825
CACAGTATCTATCCCG-1-SMMl-2.138P,0.34296415180438156,0.25582920591551656,0.14996926826405543,0.3516242173063064,0.38306192994407534,0.3073697169514913,0.29179511932019875,0.343672261677736,0.3245403026969731,0.3071864744550654
CCCAATCCATCGATGT-1-SMMl-2.138P,0.3446405471106386,0.25882465550370276,0.15328793199855825,0.35328572923263424,0.3848432201470928,0.3094420028656174,0.2927908929799464,0.34873199899183566,0.33167729811761554,0.31692206636441345
GTAACGTTCAGCGATT-1-SMMh-3.138P,0.3493231278258121,0.2694884076926636,0.18915063826684844,0.35210939569495076,0.3971026708210537,0.31321457107746103,0.3295229451989786,0.32885202170666045,0.3046499818773593,0.3385369744959871
GTGCAGCTCGTGGGAA-1-SMMh-3.138P,0.34560058258835763,0.2722156481203229,0.15367145267065768,0.3478455655515588,0.38926398120108224,0.31574027935553695,0.32060719113338243,0.334634408929622,0.3045595563577962,0.33051209312591534
AGATTGCTCTGACCTC-1-SMMh-2.138P,0.353829411093185,0.28344805302504655,0.1960194661691606,0.33537111433907735,0.3753992209861226,0.3207717620534772,0.3206728846798638,0.32085092686408107,0.2889283214498702,0.336656561436502
CGTTAGACATATGGTC-1-SMMh-6.138P,0.35718051596073275,0.2720293880532236,0.25852672287499423,0.3482036694319157,0.3920206863718426,0.30881071632845675,0.33855487244389393,0.3214469328192729,0.30565333296475117,0.33289228130214943
GACTACAGTGCACGAA-1-SMMh-4.138P,0.3387732130797069,0.2863131872246976,0.19332057999299135,0.37184761998275445,0.39560158879044977,0.3250881519187822,0.34191621550153983,0.3392191775825828,0.3050934126497564,0.3216915644592305
TCAATCTAGTCAAGGC-1-SMMh-3.138P,0.35720776086202516,0.2733407652263864,0.1746260456715451,0.3520417655675331,0.41010254751435127,0.30451334673413505,0.3280439965173413,0.33011615535927513,0.29858247206716926,0.34244908684763525
TATGCCCAGAGCAATT-1-SMMh-4.138P,0.34134213667079466,0.2765508249281715,0.15459461073849706,0.36907997787815844,0.3904091638058721,0.32070187740924516,0.3324686805325466,0.34160075016014524,0.3105577471476756,0.3202911618993892
GGACATTGTTAGGGTG-1-SMMl-2.138P,0.33897072203789363,0.2503761069663825,0.13571195402355046,0.3446412604141514,0.38162036599001004,0.3089317910073852,0.2871204718438393,0.32430557841797963,0.31411914367291494,0.30612417557724136
AGGGATGAGTGGGTTG-1-SMMl-2.138P,0.35977149898218136,0.262530020581422,0.24530677971603188,0.35742002980492876,0.3842679977578814,0.30667160162431195,0.3244433270040895,0.3023655006839736,0.28987049929883746,0.28645923681042573
TGACAACCAGGCGATA-1-SMMl-2.138P,0.3436309207238141,0.25190665227548154,0.1496311210111807,0.3475493109272496,0.38669012410363757,0.31507493846931883,0.2875220521572393,0.337874964010188,0.3185602839497837,0.3041750931600922
TTAGGCAGTTATCACG-1-SMMh-6.138P,0.3616186875467982,0.2707916236859935,0.2967880329906704,0.3530992317978855,0.39505500059989096,0.31111945355671283,0.34772612392931995,0.3187858841637616,0.30364814594910683,0.3373181297849821
AAAGCAACAACGCACC-1-SMMl-2.138P,0.3874159564744516,0.2781983751187606,0.21760998483132268,0.3592792560388334,0.4004406430220021,0.30460583529530927,0.34895578711846476,0.37401044747319934,0.3708878657133375,0.37387297213851484
GTACGTAGTGTTTGGT-1-SMMh-4.138P,0.3428546405599326,0.28022629653269276,0.17379312864967694,0.36373637799718195,0.38449159861081217,0.31391990553611265,0.33122241655095747,0.33946512911010024,0.3040925645901151,0.31509023853011076
ACACCAAAGTTGAGTA-1-SMMl-3.138P,0.3497976025644798,0.2625386997313775,0.27698693823069914,0.3628448059048064,0.3851129095937634,0.3158885640767376,0.3133654803977962,0.2968418428939227,0.28123253791007385,0.2810940274472924
TTAGGCATCGTTTATC-1-SMMh-3.138P,0.3482246207878916,0.27226449743307507,0.18030165517353414,0.3541338011064136,0.3980229007201583,0.30867878043751906,0.3275546654079529,0.3331782157286946,0.30413620936255237,0.3418010424522812
TACGGTATCTCAACTT-1-SMMh-3.138P,0.3485988718883635,0.26704917861792676,0.17159422757040843,0.3490378345646484,0.3960859457144195,0.3079742363189997,0.32513884403777116,0.32821406901177314,0.29625266068647943,0.334670924805404
TGAAAGAAGTTGAGTA-1-SMMl-3.138P,0.3421544535734147,0.2612822658206506,0.19430489039240167,0.347113879934047,0.3852367882459632,0.32261109263387727,0.29963226181557645,0.3272565535101983,0.30178169221994106,0.306477297562958
GTCTTCGGTCTCTCGT-1-SMMh-4.138P,0.3427241199573819,0.2860856481426488,0.18519316201076602,0.3744856114828124,0.39393363435677964,0.3235024882346261,0.34371085690513975,0.3435480912766759,0.30496145334016656,0.3158703629617803
CACACCTGTAAAGGAG-1-SMMh-4.138P,0.34494479317739224,0.27903916373725507,0.15247592367467636,0.37122471458264106,0.3894639361253448,0.3235927681269945,0.3328927275683958,0.3430053313897863,0.3155419859626387,0.3252239634856243
GATCGATAGCTAGTTC-1-SMMh-4.138P,0.33968946646229536,0.2827247645508305,0.1956007148505048,0.3714311638128022,0.3968386718018204,0.32507998015806944,0.3429677045858634,0.34123711360941883,0.30643689299250804,0.3158705090569014
CGAACATTCAGCAACT-1-SMMl-2.138P,0.3450520995620256,0.2587376753291004,0.14226026976578135,0.35070752956090295,0.3837108259582846,0.31505364171552364,0.28426208325485686,0.34878766926029287,0.3278833025206551,0.3154893022226904
GGAAAGCTCGACAGCC-1-SMMh-6.138P,0.3652472384994212,0.2523232925333156,0.2646392488200894,0.3515875790317528,0.38566206571622086,0.32791951231140887,0.32279943048567583,0.3176831173112377,0.29612319950189486,0.30227813077734417
CTGTTTAGTTAGTGGG-1-SMMh-4.138P,0.3418698959363814,0.27944603177888105,0.17604327304408054,0.3700243155909228,0.39294659377822255,0.32341349795420016,0.33751321586421273,0.34051642879859434,0.3085859561709689,0.31756303110336964
CCGTGGAAGTACGCCC-1-SMMh-10.138P,0.36382401545241483,0.27455858948589784,0.1856821645484365,0.3536426352298055,0.3781702000229243,0.3351826616284026,0.3160927742068377,0.3223066595729466,0.3244012480447037,0.3134851914065558
GTGCTTCTCGGCTTGG-1-SMMh-10.138P,0.36151132418019877,0.2862959564594158,0.21647872805604845,0.36185665009308815,0.3996552443284022,0.3361746729516905,0.3578874603039235,0.35811397936309547,0.31243277883749837,0.3309092192320645
TCATTTGGTATTCTCT-1-SMMh-4.138P,0.3382271358929519,0.28701022332824516,0.1680692205940319,0.35821087133956464,0.3761722379041439,0.3069152788138931,0.32064223235088407,0.3522580765745627,0.3103551077243827,0.3259813387206181
CAACCAAGTGAGTGAC-1-SMMh-4.138P,0.342346051157603,0.2833202497305325,0.15498462684959807,0.37099153050459216,0.3873565962107581,0.32024526638736983,0.3382746620956101,0.3423600494126094,0.307416122546775,0.3192234832424409
CGCTTCATCAACCAAC-1-SMMh-6.138P,0.36068967869722324,0.2702982232453614,0.27216313744685927,0.3472588535359499,0.3927194334246283,0.31006117848276726,0.3422283153016861,0.3258652388858757,0.3117947620343575,0.34022003589990923
ACATCAGGTCCGAAGA-1-SMMh-3.138P,0.3524665783060956,0.269093211828788,0.1540868589710121,0.3489954526480484,0.3986058158749496,0.3084340423300448,0.3290302808088966,0.3320194853758418,0.3076310665884631,0.3366371240535934
GTCACGGTCCACGCAG-1-SMMl-3.138P,0.3465257573241632,0.2642955804611659,0.18028479741075287,0.3484514379097658,0.3850511004715158,0.32690950701202653,0.2986080673985602,0.3291391004337149,0.30227750554791166,0.3080077180048825
TGACGGCGTGCTGTAT-1-SMMl-2.138P,0.3432636408622093,0.2552346751689713,0.14843510369547755,0.35233589229643625,0.38501046273575457,0.3122586677083303,0.2901497199244524,0.3390763654001049,0.32621222230177527,0.30871587371181336
AGCGTATAGACGCAAC-1-SMMh-4.138P,0.3408091750896798,0.2774570189315363,0.17965115906129708,0.3686595207999409,0.3955394416409829,0.31883163017836175,0.33861305651917345,0.3402179385534297,0.30587929148340515,0.3180659399285275
GTTAAGCTCCTTGACC-1-SMMl-2.138P,0.33852361795352753,0.25684173813610883,0.14983021285209028,0.3485447951641444,0.38396903395390514,0.3048851264066404,0.2904468446159067,0.3334458080316471,0.3139367595619559,0.30260867662925317
TTCGGTCCAGATAATG-1-SMMh-3.138P,0.35496867504832,0.26624811690697386,0.14269431528393628,0.3452891567993192,0.3913270171347304,0.30950682001100815,0.3196500405697869,0.33211704088111654,0.30806318702152236,0.3355359072444599
CTGTTTACATTACGAC-1-SMMh-4.138P,0.3399654734824846,0.2836370195438852,0.15981461604550515,0.36112849089457094,0.3793490481157116,0.3103871681400117,0.32610266943430344,0.34648868656158194,0.3118231181694852,0.32468549343552666
AGCTCCTCATGCCACG-1-SMMl-2.138P,0.3338860455130538,0.2503041780844342,0.15755137998022542,0.34551910433984195,0.3875391428771603,0.30525958501839473,0.2954421966990381,0.32694968129464347,0.30366685726194254,0.29717840564283793
TCTGGAATCAAACCGT-1-SMMh-6.138P,0.3698231626854772,0.273400200790034,0.28811635431673027,0.34715735194691333,0.3933464961059433,0.31287564801562057,0.3440173604539213,0.32163521973303794,0.30802848910877023,0.34671505599621505
CACACTCTCCGCAAGC-1-SMMh-4.138P,0.3331099398766418,0.28514626294323553,0.1917683473510706,0.3685673870846794,0.39133351192130705,0.31831500549360475,0.3363100693747359,0.3342727620298764,0.2993494442474163,0.31040290218935906
CTAACTTTCCGGCACA-1-SMMh-3.138P,0.3580981328947358,0.27267504812690835,0.16085504795347796,0.3496987450656944,0.4077742460100791,0.3071858721734067,0.3271258699689433,0.3312276090219709,0.30055143628516107,0.34361148486306226
CTCGGAGTCCCTAATT-1-SMMh-6.138P,0.36177429928080246,0.26961911667375427,0.2785204634349381,0.3474776277173612,0.39342466169211515,0.31364214583412614,0.34328718956263937,0.3248842129014971,0.3150116435270201,0.3410559018684509
AAGCCGCAGGTGCACA-1-SMMh-6.138P,0.36843730384797874,0.2718894731106932,0.276151563798206,0.3480117160175344,0.3950032050645639,0.3147838618584949,0.3447741256729637,0.3254635800026605,0.30993849947712765,0.34535094296921637
AGCTTGATCAACACAC-1-SMMh-3.138P,0.35961336675003486,0.268359085878345,0.13834588326076191,0.3515769194365418,0.39392988245000476,0.30939272059448536,0.31946447229562897,0.34287380576197046,0.3096109321193496,0.34929454826688083
CATGCCTAGATGTAAC-1-SMMh-4.138P,0.3399456572269496,0.28091855960537004,0.18358259134673008,0.36878905057121014,0.3960226690890053,0.32198009117622883,0.3355040838670481,0.3427642807693509,0.3076822959462914,0.3226871292851987
CACCAGGAGCTGCAAG-1-SMMh-3.138P,0.35774174612020065,0.2720636585320714,0.18595187365559546,0.34944542820760616,0.39758388695747054,0.3112016128297785,0.32803122221873304,0.3377231238907597,0.3072637076948568,0.3503164303836796
TAGTTGGGTCATGCCG-1-SMMh-3.138P,0.35178755910742976,0.27265096161495095,0.18000117683062938,0.35297982121367316,0.4078791502473605,0.3081080072999314,0.3289360356600449,0.3279665288745841,0.2968195857868789,0.33758643297906016
TACACGATCAGCGACC-1-SMMh-4.138P,0.3606589345635687,0.27672647985104004,0.23972826470223063,0.36632888551946674,0.41262987932443607,0.3160961171331152,0.3597860879102375,0.35156680884356417,0.3132762758337529,0.3375391926300089
GTCATTTTCGCGGATC-1-SMMh-4.138P,0.3437446626269851,0.27870050475481517,0.19886619628763297,0.37210079982577426,0.39460189699745457,0.32398956616293867,0.3425727109814618,0.3423233947291951,0.3075706301243386,0.32502586818332574
ATCATCTGTGCAGGTA-1-SMMh-1.138P,0.34795437113781813,0.2778707564560996,0.2796823547165932,0.3777002550819134,0.3701837848753395,0.33689961066352375,0.3447973080450567,0.3179210876119714,0.30964906771470696,0.30998979559132167
CTAGCCTCACTCAGGC-1-SMMl-3.138P,0.3512744148722996,0.2619273164033798,0.16051797217113745,0.3457479963825699,0.3849308758585643,0.3180223227593249,0.2949026550481062,0.33184043394134816,0.29978997698459336,0.31228844949942913
CTCGGAGAGGTTCCTA-1-SMMl-3.138P,0.33801456419823495,0.2681472542642929,0.20319925784421403,0.3524224375500333,0.3896056537014833,0.3263799665146075,0.3001772191313471,0.31635696090093146,0.29919296241959503,0.3130487470674255
CGTGTAAAGAGTAAGG-1-SMMh-5.138P,0.343821197302651,0.2859880187134367,0.23568166539964205,0.35962234532446924,0.38443620401032913,0.3457757429392147,0.32160026471809633,0.34641797054795026,0.3383426074521811,0.317439260120065
GAGGTGACAAGTTCTG-1-SMMh-4.138P,0.34161615851153954,0.27153471499027376,0.16566007579816067,0.3677695131430023,0.39408414025275423,0.3223421533091552,0.33879231607673144,0.33842470624132737,0.3108239868838929,0.3232227466782699
CTCACACGTAGATTAG-1-SMMl-2.138P,0.3693906384458896,0.26824923463097466,0.18003402694760268,0.35364166402073577,0.39007785017410634,0.3185342441913564,0.3143821492685816,0.36459862487972106,0.3677568972044355,0.3446555562167341
CATCGAACAGGGTACA-1-SMMl-2.138P,0.36887660773131864,0.26831640680865954,0.17406727074383532,0.3534279844527106,0.38906507746752345,0.3185953385023689,0.31350553490609034,0.3625472145941783,0.3662555832762692,0.34063515611777523
ACATCAGGTAGGAGTC-1-SMMh-3.138P,0.34977906904528555,0.26399750900527214,0.17809826043784394,0.3505388235717499,0.39615757466661244,0.3091917780963131,0.3257840586669639,0.33021762809363847,0.30568488086491624,0.33404316036893233
CCGTTCAAGCGGATCA-1-SMMh-4.138P,0.3391376892011276,0.28244465610058245,0.19057950464249382,0.37063635637131187,0.394403723330824,0.32146107588023143,0.3416650321905561,0.33676794270461313,0.30408953775841935,0.3145969466537596
TCACGAAGTTCGAATC-1-SMMh-4.138P,0.34160186078787086,0.27992615065431886,0.17393653220097316,0.3716717785517735,0.39073313209259697,0.3222956712579334,0.33666444632319603,0.3444740599348081,0.31156611598419687,0.32073757358734084
GGTGTTAAGCCCTAAT-1-SMMh-4.138P,0.3444641054176549,0.2715472540572088,0.13741069196108863,0.3683557573749801,0.38109232210498284,0.3172233311718385,0.3253472766795638,0.3405476832314856,0.3145101361269675,0.32282093398957284
ATCACGACAATGGACG-1-SMMl-3.138P,0.34818467817185583,0.26421877213559253,0.1791053528827027,0.34832815334620243,0.38426585510274136,0.3273507838455007,0.296666737729439,0.33064329185826796,0.30337657885361274,0.30872121908477007
TTCGAAGTCCTTTCTC-1-SMMh-6.138P,0.36486031675231095,0.2723711734613138,0.2839191149582187,0.3514478602053023,0.39229940976360317,0.3103849254636608,0.34666564093806107,0.3181680816317869,0.3012357579679259,0.33584103355213707
GTCTCGTGTGAGGGAG-1-SMMh-4.138P,0.33278987021349155,0.2850026800876284,0.17591577319421145,0.367655680848929,0.39049516372152326,0.318625012814209,0.33502696622096306,0.3312134829382209,0.2987136436944123,0.3060803696491255
CGTAGCGCAAACGCGA-1-SMMh-6.138P,0.36430303836995215,0.2745120923291687,0.2953539784124427,0.35292800117922046,0.3963276006718447,0.31667525319190587,0.3488968968963546,0.3244684491174639,0.30167452731181726,0.34389152606871615
CGGGTCAGTTTCCACC-1-SMMh-5.138P,0.3453434839986376,0.2833986760659135,0.24538342144107128,0.35986427827936607,0.38429938368458666,0.34523288588427825,0.3218816794961321,0.3483818774401335,0.33870287786629855,0.31966946382879946
GGCAATTCACTTCTGC-1-SMMh-6.138P,0.3689141413395589,0.2704418370590101,0.26866813408593104,0.345118233430347,0.3940853063570137,0.31297837081388125,0.3435089521273682,0.32572636627615287,0.3111638456809295,0.3379330792551145
TGCGCAGGTGACAAAT-1-SMMl-1.138P,0.36616534787020777,0.26458512818346147,0.19043603088037034,0.36391299009066835,0.3785839834769393,0.3368373481562277,0.3111439129037005,0.35612104930003546,0.36457316788402705,0.3282114154066959
CTCGGAGAGCGCTCCA-1-SMMl-2.138P,0.3296645332028036,0.25736830477308564,0.1744099370769983,0.35081581396810063,0.3908901039654839,0.3175001909661359,0.287382257183706,0.3153005854070447,0.30237191124779694,0.3042148349724747
GCAATCACATCTCGCT-1-SMMh-9.138P,0.3293030995887598,0.27733952736799905,0.22663615494854855,0.36186862850705953,0.3842371130305167,0.3504458732684756,0.293949782609208,0.32386191396775266,0.32168695709050155,0.3283127392470967
ACGCCAGAGATGCCTT-1-SMMh-4.138P,0.344628010419152,0.2805177086945627,0.1706296759343354,0.37009489753049285,0.3937956461609656,0.32188965312085055,0.3399669659033856,0.34474340115171687,0.3094487444243751,0.3206238098958316
TTGGCAAAGTAATCCC-1-SMMh-6.138P,0.36238594425806864,0.2733793801804086,0.24163274636869092,0.34565991032961985,0.3895165344775455,0.3099689660665375,0.33989132489124585,0.3194621964885138,0.3092014857391099,0.33890685987661384
CTCACACAGTTGTCGT-1-SMMl-3.138P,0.34256049118228543,0.2601724814193347,0.1950817031590819,0.3477560420665389,0.3881351673005984,0.3214519429716787,0.30111385342708374,0.3245241543528342,0.3024898078578594,0.30663558809749675
GCGCAACGTCTTCGTC-1-SMMh-4.138P,0.3401864063128507,0.2809475139183024,0.19004122950514563,0.36893321818627717,0.39461766635423307,0.32288357175733345,0.33888824615801466,0.34006345182737724,0.30814924684931017,0.31910116778264774
CGTCAGGCAATCCGAT-1-SMMh-4.138P,0.3426301033965839,0.2790745418508299,0.17105581575985024,0.3728582541411581,0.3901534909245495,0.3222168754700442,0.3358877341373432,0.3448505641637125,0.31170276270377395,0.3232331218575643
GTTCGGGAGGATCGCA-1-SMMh-6.138P,0.3589394387573661,0.2705971144479026,0.2871906723269413,0.35027362381100025,0.39658698486916083,0.31196545411886956,0.3454809556197333,0.3229260186498435,0.3070857780278462,0.33974509416447896
CTAACTTTCTTAGAGC-1-SMMl-2.138P,0.34257540101469675,0.2586357933739275,0.14682339320888743,0.3447803246598542,0.3853861817107077,0.31087805305613764,0.2919519664073254,0.338588856451369,0.31462243470067475,0.30847681616566325
GGGCATCGTTTGTGTG-1-SMMh-4.138P,0.3392531452524912,0.2833269128002998,0.17882877224798396,0.36806606037859796,0.3919892625857651,0.3218265586647325,0.3363000930432468,0.3403132736457403,0.3023833907562198,0.3191347714081283
TATTACCGTAGTAGTA-1-SMMl-3.138P,0.35088521478627954,0.2611067340091712,0.1699205213189662,0.3456784322391678,0.38495446104356174,0.31859546637386427,0.2948547254000781,0.3335872740913036,0.2993201277020031,0.31280455374547383
AGGCCGTAGGGATACC-1-SMMl-2.138P,0.34696541035845646,0.2559848450844025,0.1543756415447809,0.3471711053371301,0.3854766609245985,0.31145414408000216,0.2881776185228791,0.33952136511023634,0.31675227296521963,0.31553880697712333
GCAAACTAGAAGGACA-1-SMMh-3.138P,0.3442048994106965,0.27615388143210534,0.16600468200746257,0.34974476852552533,0.39284003293970443,0.3226315384536225,0.3258329952309515,0.3350870142770691,0.30950541681907257,0.3320802223206743
CAACCAACATGGTAGG-1-SMMh-6.138P,0.35956162467454367,0.2723701549558072,0.2590293257093972,0.34427282713587826,0.3880551244410473,0.30978236021143535,0.33545475848799394,0.3189044904192053,0.3104704079055043,0.3291282974589476
GAACGGAGTGCGATAG-1-SMMh-1.138P,0.34973442111189723,0.2785303819735156,0.27955776866254217,0.37869072218987493,0.36995443271367007,0.33793817200930165,0.34667777360596885,0.31629616909513364,0.3105894201521213,0.31326670325206235
ATGGGAGCAAGTCATC-1-SMMh-3.138P,0.3582334577725544,0.2696426026242055,0.1847653593310423,0.3500655199801735,0.395045898652318,0.3071056706746289,0.3207898185014052,0.34060555951248855,0.3118985246957762,0.3562220066011098
GATCAGTTCGTTTAGG-1-SMMl-1.138P,0.362629560394029,0.26957096690829374,0.24938732346642642,0.36799014195078417,0.3831016973608796,0.34410704975474526,0.31512065850672044,0.3514977414204081,0.3564834059708695,0.3292752524892797
TCTCATATCCCATTAT-1-SMMh-6.138P,0.36254194928376715,0.27177339332655065,0.26488456087629086,0.3497039159856404,0.3903973333549134,0.31225330887856206,0.34433404377664195,0.3165786921939279,0.30081656866109713,0.3360977585423992
CATCAAGCATGTTGAC-1-SMMh-9.138P,0.32518407862288057,0.2676644452456674,0.17222510941209518,0.34934133733285455,0.3730031895544935,0.3308488495194975,0.28266821079533916,0.32229206348893924,0.3046741391371478,0.3103998047794373
GTTACAGAGACTCGGA-1-SMMh-3.138P,0.3501577275232364,0.27517603796534595,0.1909750666055653,0.35255137716467644,0.39294510668636395,0.3138055984868937,0.32210734379604705,0.33467327268478586,0.3070705134875059,0.34956106970050954
AACTCCCAGCAGGCTA-1-SMMl-1.138P,0.3719980482664621,0.2681885268552666,0.2545922402211363,0.3691249706373375,0.38708114885109746,0.34879804980471557,0.32766518544342005,0.36194392332973335,0.3668245607183765,0.3335658899682519
AAGGCAGAGGCTCTTA-1-SMMl-1.138P,0.350940008809897,0.2638005433135918,0.1994598527996719,0.355440666224481,0.377673987741215,0.3215396954834779,0.29666787811163053,0.3383267355526651,0.3395741085951193,0.30698180806116027
ATCCGAAAGGCCCTTG-1-SMMh-5.138P,0.33708583578000884,0.2828645072522976,0.17378833069988087,0.36685323272135906,0.38680458094137515,0.33845195476688683,0.33991672585826677,0.33874465536493376,0.3185427836432113,0.32090008449629664
GTCACAAGTGCAACTT-1-SMMl-3.138P,0.3527786110487076,0.2682006052600714,0.17481911342660802,0.3467039212208845,0.38235651100534196,0.32992561357332717,0.2915224338550688,0.3355608933015285,0.30861176079165836,0.31361511394989205
AGTAGTCGTAGTAGTA-1-SMMh-6.138P,0.3743636199301282,0.272047873504151,0.29000024453116496,0.3473806953520202,0.3961939408373728,0.31624794079392987,0.34634370026793315,0.32855802576665605,0.31800861641409056,0.35635070288951887
GACGTTATCAAGGTAA-1-SMMh-3.138P,0.3563041355664756,0.2811256068049307,0.21803078753096727,0.3514679024262695,0.3858341236792202,0.3194983519561861,0.31882034648235674,0.34061943208406065,0.3180157906761165,0.3415326251770366
TTAGGCAAGTGTACTC-1-SMMh-4.138P,0.34014976394276725,0.276408559226729,0.17002349483123655,0.36776910101536914,0.3932993352708385,0.31907533263799964,0.3362132899484633,0.33855122265015536,0.30657873691351756,0.3162637850056824
ACGGGTCTCTTGCAAG-1-SMMh-4.138P,0.34636669946935245,0.28451476257526614,0.1791513068350454,0.3730724483768539,0.3956205408431108,0.32297183543768787,0.34338538727658835,0.34762474379734126,0.3090897254064772,0.3201514514365964
GAGCAGAGTGTCCTCT-1-SMMh-1.138P,0.3486926590337534,0.2778209114026973,0.27736037084428444,0.37893900584307866,0.36996764584083225,0.338257416387007,0.34790791783742203,0.31467816617667127,0.30838099581466366,0.3126276611358186
CACCACTAGCTGCGAA-1-SMMh-6.138P,0.34475786063115627,0.3010477110051035,0.27881554458048,0.36474879912385383,0.38095513288012944,0.31793130357941535,0.30412888839368707,0.29554237071525746,0.28324833295083357,0.2873268521884057
TGAAAGAGTGTCAATC-1-SMMh-5.138P,0.3650016885994975,0.26616337851596267,0.25290017276687343,0.3601551410712624,0.39576813794935733,0.32508187169428854,0.327892174090031,0.3101023606005928,0.2990024581809523,0.30325255813767343
ACGCCGAGTTGTTTGG-1-SMMh-3.138P,0.3750895932393269,0.29542355800576914,0.1958978945041657,0.3496377415984514,0.380494269257128,0.3114669384431981,0.32228173403839744,0.34848789711026484,0.30947659926901383,0.33868003841387895
TGCCAAACAAGGCTCC-1-SMMh-3.138P,0.34803145531946866,0.2742826750936704,0.16720867229081648,0.34837583655987053,0.39531810660112776,0.3134888114767172,0.32410205192657593,0.3314912250821915,0.30452526444771344,0.330666534061616
GTGCATATCTGCGACG-1-SMMh-4.138P,0.33659955997378116,0.2755874358047408,0.1595427493330924,0.364834522154642,0.387145514532211,0.3187124010224517,0.32837485104375796,0.3399754676769175,0.3072076317750385,0.31680637170182935
AACTCCCTCGTTTATC-1-SMMh-6.138P,0.35750830254694926,0.27061533781735364,0.2493211519219495,0.3462271259934423,0.3869323078516698,0.31071670063158846,0.3364950186661598,0.3178104759758676,0.3059600654398699,0.3265810375896828
GACCAATAGGAGTCTG-1-SMMh-5.138P,0.33295627842267794,0.28108754960176335,0.17915513366127797,0.364954413439929,0.3863501622657347,0.3386312522068317,0.33734852239377394,0.3383091731600091,0.31771445849032265,0.3197733112488148
AGTGAGGCATCCAACA-1-SMMh-4.138P,0.3444280310945719,0.285437946498488,0.20191175647412588,0.3736272962964422,0.3974046622345643,0.3261541956611303,0.3484823801645978,0.3473801149277114,0.3090938736947082,0.3260876430409607
ACATCAGTCCTACAGA-1-SMMl-2.138P,0.34623510413299763,0.26050026929863024,0.13160523830443382,0.3560687643561308,0.38013147460608726,0.3056559834339941,0.2980029201214103,0.3524371370469737,0.338697994079943,0.32070679985040645
CTAATGGAGATCACGG-1-SMMh-3.138P,0.34516749952359993,0.2653502837791951,0.18788032074064628,0.35530495498842046,0.39281673048964816,0.3169696759930369,0.3271081199557715,0.3206119743452408,0.3007021541676526,0.32180367014711414
CTGAAACGTAGCGTCC-1-SMMh-4.138P,0.3370209657151672,0.28578779378956287,0.20424815745941366,0.371349882398078,0.3953457068794219,0.32580842600689897,0.33851248185860944,0.341910110152563,0.3082061286241205,0.3112849935255687
ACTTGTTGTGATGATA-1-SMMh-4.138P,0.33865432977777005,0.27888753678553607,0.1671797120459896,0.3653501164755857,0.38689221370340915,0.3138948103605859,0.33256966171036517,0.3378783092246443,0.3022116795375488,0.30990253109213667
GCACTCTTCAACACCA-1-SMMh-6.138P,0.37353643710568396,0.2739949951455784,0.29581855951990893,0.3474024876396859,0.3937222606742046,0.31367250603233854,0.34667025063274376,0.3270660797283706,0.31614769559072514,0.3541590907518957
GTGCTTCCAGCTTAAC-1-SMMh-4.138P,0.3349251092697849,0.2769670347730697,0.16714996371139001,0.36419985839054386,0.38868041906759193,0.3135713725107056,0.3401609237503914,0.3310660591867203,0.3007289264039217,0.31091182833465375
CACAAACGTCCGCTGA-1-SMMl-2.138P,0.3459501095430162,0.25614826301375054,0.1380688296059179,0.3479156831940519,0.3833923247030505,0.31305776233098515,0.28798904509673523,0.3460322735593237,0.3231733746650852,0.3117078135934034
GGGTTGCCAGCCACCA-1-SMMh-4.138P,0.34726373579205727,0.27749576627823486,0.1765328720526645,0.37243272993858967,0.3924641896862856,0.32397686118186164,0.33976147529275824,0.34846516959419976,0.31638611779451875,0.3274622349524372
TACTCATAGTGATCGG-1-SMMh-4.138P,0.34291618915086414,0.28218410360245955,0.16480155993439763,0.371930776422563,0.3942095453325099,0.32373612509862454,0.34892935046700874,0.33665799614837805,0.30569414276370016,0.3220209527525195
TTAGTTCGTAGTGAAT-1-SMMh-4.138P,0.33683879001801953,0.2875315219158813,0.2054728378258315,0.36802084979985666,0.393964339237882,0.3225184036895342,0.33495994081252806,0.3433997503193914,0.3113085131120301,0.31854426067511415
CGAACATTCGAGAGCA-1-SMMh-3.138P,0.3478465794020406,0.26788407197658665,0.1747875453447247,0.3503415324022408,0.4009005476676559,0.3098141564467552,0.33044225195848953,0.33006633143787206,0.30303934513371805,0.3313164230013785
CGAACATCAATCACAC-1-SMMh-4.138P,0.3497675395860439,0.27945882129911537,0.14789817679496886,0.37231046668365453,0.3931916100171364,0.32170904910203924,0.3486746994447191,0.34362393719256695,0.30892319439771104,0.32834095111987177
GATCGTAGTCTGGTCG-1-SMMl-1.138P,0.3532864431555707,0.2642158847065101,0.25888496532771715,0.3588656906499426,0.39342232212952505,0.32259377645405,0.3241869027489628,0.30174270138891623,0.2974818212676906,0.2953897206141997
ATCATCTTCACGCATA-1-SMMh-3.138P,0.3511630845572401,0.27384000797295344,0.15598794789130843,0.3480662406724703,0.3939657395970802,0.30849551380622336,0.32400989820119175,0.34027484833086596,0.3045820913775604,0.34439012151179194
AGAGCGAAGGCCCGTT-1-SMMh-6.138P,0.35939358524186227,0.2708757122070295,0.2718161027361213,0.3475727704585466,0.3892464910221133,0.3094627396590674,0.33656784331146444,0.31999062442942244,0.30831040069997373,0.33473292459873694
TAGAGCTAGAAACCAT-1-SMMh-4.138P,0.34146143103473975,0.28217658543579816,0.1842320310748521,0.3711568269104419,0.3977138927278359,0.3251893041412524,0.3430779585166208,0.3407339402245121,0.3064656933150236,0.3228901930415007
AACTCTTAGCGATGAC-1-SMMh-4.138P,0.3411648318139245,0.279636110207975,0.1715657528508306,0.3683337916694791,0.39434951194695733,0.32439991855853106,0.34077812388753614,0.3408778095642006,0.3088196983760891,0.3163309691620318
ACCAGTAAGCCAGAAC-1-SMMh-4.138P,0.3417384523425368,0.2857533876674704,0.1716393081962819,0.36973348079300106,0.38860205793198876,0.31805361214740163,0.3393875432999174,0.3396133002095612,0.3018671007179471,0.3140760810537838
CCAGCGATCATGTCTT-1-SMMh-3.138P,0.3532161657191852,0.27189533244138303,0.15526719105211573,0.3447000511459192,0.3909224808002982,0.30708592804823603,0.3210796084249038,0.33689015187724847,0.3022251543978131,0.3452031233039077
ATTGGACTCCTTAATC-1-SMMh-3.138P,0.36233817085825687,0.28331330769524427,0.20216702058915945,0.3477605557010683,0.38310477246041974,0.31589456443402175,0.31546047726534626,0.34594303902556645,0.315937975507361,0.3563399704978265
ACACCCTGTTCTGTTT-1-SMMh-10.138P,0.3827100302614125,0.299042534724873,0.2936981683516287,0.3479611994954574,0.38622359881797214,0.35368962057134756,0.3083161395465877,0.3471140418099885,0.3537122733315337,0.33186080803688567
CGGACGTGTTGGGACA-1-SMMl-2.138P,0.33893591778666293,0.2603377638801452,0.16307607204269586,0.353281840930775,0.3829152510904628,0.3109312796550055,0.2875657049376904,0.3405492293681695,0.3263665222367549,0.30807331553819156
CGGACTGTCCCAAGTA-1-SMMl-2.138P,0.3370939661757441,0.2577779730586131,0.1660375139612735,0.34879711318075407,0.3867420935353401,0.3210972927433429,0.2869464098269486,0.3406581462831421,0.3221425614324974,0.3006470015457824
ATCATGGGTGCCTGCA-1-SMMh-4.138P,0.3373008031567706,0.2783302131697437,0.16525418728191607,0.3626843166965416,0.38527277378163416,0.3136047612047566,0.3298005088707619,0.3379657934136557,0.30162514049969336,0.3117240341781164
GTCATTTTCAGCATGT-1-SMMh-4.138P,0.34068450705485614,0.27933238030594704,0.17468976187025628,0.36751975478152266,0.39284363761558416,0.3201704922334597,0.335879242614345,0.34002893811355855,0.3045215702192546,0.31908293785527825
AGAGTGGGTAGTAGTA-1-SMMh-3.138P,0.3515642461004216,0.26400410085100323,0.1642844430329321,0.34963253230310465,0.39748250588242534,0.310843976305743,0.3242803331521417,0.32874885156883843,0.3059629957341253,0.3305260325275256
GAGGTGACAATGGACG-1-SMMh-6.138P,0.36009536343779547,0.2718892040205642,0.2686573715998585,0.3475488932094594,0.3904438661572726,0.3119713703190198,0.34077980109336964,0.3240422897782198,0.3112966586990002,0.3338098935086728
GCATGTAGTATAAACG-1-SMMl-2.138P,0.3420838464500518,0.25421715049156607,0.15166102686900476,0.3464749121321059,0.3880858201190884,0.3142695732816956,0.28660812124576635,0.3344138021317436,0.31742543643685345,0.303613467010404
TGACGGCGTATCAGTC-1-SMMh-6.138P,0.35552853093278014,0.26933682007390597,0.24980300964225988,0.3475559608094633,0.38754134905058774,0.31151863318222056,0.3381791147247825,0.31628670298751943,0.30423642174902277,0.3287189783601181
AGGGAGTGTGGCGAAT-1-SMMl-3.138P,0.34257811572487534,0.2605417378038237,0.18628474849392415,0.3452222922267882,0.38855626815671895,0.3198285997123129,0.3008245298336131,0.32483257080243017,0.3012034064524948,0.3070315667379291
GTAGTCAAGACAATAC-1-SMMl-2.138P,0.34088896274976416,0.25433038980983763,0.15023264343849355,0.34872057969087533,0.38319583216376374,0.30939381412927197,0.28619012162673024,0.339356795728735,0.31976728231672114,0.306095746585588
GACGTGCGTGGAAAGA-1-SMMl-3.138P,0.34204770857895717,0.26117368376904926,0.19649501794225774,0.346120486995931,0.38634145559937605,0.31813135807036586,0.3012533515796912,0.3240753262707033,0.3024935244210277,0.3062012846115844
ATCTGCCCACGTCTCT-1-SMMh-4.138P,0.34090532709338855,0.2812055914775838,0.17243628142729978,0.3683305663462602,0.3923722915486136,0.3193577168822697,0.33948584175501145,0.3395110070175101,0.30625250116206487,0.31447096738384717
TGCCCTACAAAGTGCG-1-SMMl-1.138P,0.35355877151774723,0.26076592139184906,0.20512400898913408,0.3672400950503862,0.37926758021441825,0.33395207145731354,0.31744966368830557,0.33912675354221333,0.34003429484555825,0.30444515984021264
CATCGGGGTCAATGTC-1-SMMh-3.138P,0.3552249224104007,0.2804678525755281,0.15900097439299654,0.35196223840188184,0.3858774353724033,0.3113824089404002,0.31952050283299477,0.34043800250664014,0.3094748853964996,0.3568769901008691
GTCTTCGAGGAGTTTA-1-SMMh-5.138P,0.34948681630959444,0.27043427989405555,0.16359963413558934,0.3640381423743743,0.39024394852427663,0.3399288251493009,0.3518299408974353,0.3390059604077191,0.31624820611314985,0.3137822795225004
CGTAGGCAGGTGCTTT-1-SMMl-2.138P,0.34555734272736927,0.2518581558697585,0.14299744573872458,0.3463346111558937,0.38174599895476385,0.31198301130756556,0.2945645770428224,0.3378451907985209,0.3143654237370366,0.29792173853326837
GCATGATTCAAGCCTA-1-SMMl-2.138P,0.34666383739212725,0.25901442746087494,0.1649668739559307,0.35378932503408084,0.38291256102743015,0.31144351983665125,0.2981229217378955,0.34611266888470726,0.3271967498491324,0.30372775341663005
GATGCTAAGGGTATCG-1-SMMh-5.138P,0.33831236081006927,0.27005133778079277,0.17424509982503433,0.35764615115203036,0.39642361265528026,0.334739269366733,0.3452430313258494,0.3255373723898783,0.30841154524058123,0.3100490238975322
TCGCGTTCAGCCTGTG-1-SMMh-3.138P,0.35201453384415426,0.2800385739964353,0.18542405291423006,0.34742760265099587,0.3889355220335231,0.3057060885867811,0.3207932278909717,0.33343465650702314,0.3041209499454483,0.34592166686938736
GTGAAGGTCTTTACGT-1-SMMh-10.138P,0.38389263056678935,0.3011872973702074,0.28529197998622674,0.3516190707538671,0.3883044800077554,0.35890674900422587,0.30505781955122274,0.3547454613379523,0.35261329164975697,0.33165937025188996
ATCTGCCGTGATGCCC-1-SMMl-2.138P,0.3490357415152955,0.26383942621498524,0.13272701876404983,0.34480198284741453,0.38615477761924083,0.30896922381395514,0.2922640333458532,0.34096069098273596,0.3175900431271256,0.31563921627557584
CACAAACGTGCAGTAG-1-SMMh-3.138P,0.36594473693289514,0.2780578541420408,0.16368734785953082,0.3604322690318252,0.4000249187596456,0.31437772373366435,0.33271231102270893,0.3489708077584138,0.3169228118348496,0.3744875191489804
CAGATCACACGCTTTC-1-SMMh-4.138P,0.3341523859155726,0.2824846424938947,0.17591377982459674,0.3651034155756564,0.3879485499648783,0.314208372217339,0.33313928112302393,0.3310018941761318,0.2994529072141944,0.3052938242785253
ACCCACTCACGCTTTC-1-SMMl-2.138P,0.3506198150751812,0.26324496048384166,0.1290591906204107,0.3434174764230049,0.3871616286508019,0.3038269606408604,0.29931344129264853,0.34237201730246447,0.31078201818970075,0.31250703371792915
CGTGTCTCAAGGCTCC-1-SMMl-1.138P,0.36925285191859836,0.2681877008082358,0.19301642853730921,0.3672580494785949,0.37860517969302415,0.3348337199282896,0.31551877868576417,0.3538025146858775,0.36866172868117186,0.3246886427501913
TAGGCATTCAGTTCGA-1-SMMh-6.138P,0.3641993336757127,0.2717190708728232,0.2859126538415379,0.3495720942588934,0.39765812764373476,0.31669158747497334,0.3508993425309207,0.3248620446590264,0.30990004284803374,0.3510049389707908
CCCTCCTAGAGGTTAT-1-SMMh-3.138P,0.3541385287548822,0.2687483333302076,0.1892593920202137,0.35066193624901365,0.3941502730783646,0.3123629475455427,0.3276367339223706,0.33142580074544287,0.3089826172732563,0.3398796534167551
TTCTTAGAGGAGCGTT-1-SMMh-3.138P,0.35779074722387744,0.2835284975751079,0.17889548984699633,0.34775637530046627,0.37867691608565995,0.32242331699565363,0.31470086585688245,0.3373362224905027,0.3136518607479813,0.34206953908794774
ACACCAATCCATTCTA-1-SMMl-1.138P,0.35025951223505297,0.2603622349652503,0.20082103620718547,0.3640242440788483,0.3793958376154953,0.3354106602971681,0.3120453789281662,0.33669506087283446,0.3388549159226509,0.3088007363827342
GCTGCAGGTACCAGTT-1-SMMl-2.138P,0.345421241467823,0.2498977759869896,0.15079861938294023,0.3453440767766945,0.3875086090567917,0.3116767785617995,0.2914355624738836,0.3368713207075369,0.32312329947064894,0.31400204357164346
TGGTTCCTCGGAGCAA-1-SMMh-8.138P,0.3427960208340826,0.2712842547218183,0.23407309845805624,0.36707628628093014,0.3812203677684672,0.32195289401999505,0.3276848686040416,0.29772110679067276,0.2916745987110157,0.28715619715330615
ACTATCTAGCTCTCGG-1-SMMh-5.138P,0.37759892661417543,0.2614937322172565,0.2855695191793466,0.3550900940173883,0.4024550751733059,0.32457868917454025,0.3388562690485687,0.31647729124942514,0.3072562418826505,0.32854509006866706
GGAACTTCAGACAAGC-1-SMMh-3.138P,0.35208229633261656,0.2694174316050631,0.15426664175540386,0.34448916311856936,0.3885394217380748,0.30754944511854054,0.31925575177462256,0.3358493718185639,0.2954240297840483,0.3396187531654869
TGCTGCTCAGAAGCAC-1-SMMl-2.138P,0.34041601837797336,0.25381560685350846,0.15210070353840133,0.34480033587749503,0.3887962668498274,0.3113446834986841,0.28818397201253027,0.3304063695202928,0.3132118049735192,0.3040500486911992
TTAGGCAAGCACGCCT-1-SMMh-10.138P,0.3667300319438401,0.27389496155875637,0.194625258814626,0.3538574911411466,0.37710982056674014,0.3371276765002177,0.3217827172309909,0.3193320332668747,0.32610119457062425,0.31966781952684337
CACCAGGGTGTAAGTA-1-SMMh-6.138P,0.360621510676467,0.27297770704388136,0.26819570890177774,0.3467230783062373,0.3916785882164329,0.3109148467050702,0.3400229367525929,0.32454759194840155,0.309622578719103,0.337116171284261
CTCGTACAGCCACGCT-1-SMMh-4.138P,0.34175909659779524,0.28223560942364634,0.19066179930261193,0.3719904898545817,0.39693085913974746,0.3271008060819284,0.34236079553725934,0.3445131480645418,0.308994587774654,0.32547117744508897
CAGCCGATCCGCTGTT-1-SMMh-3.138P,0.345376344098898,0.27233624722241434,0.1694964033487279,0.35138592138732455,0.3954040752158251,0.3082203019153454,0.3271833994732641,0.3286128213806548,0.2938829063766071,0.33188369894080216
GATGAAATCGCATGGC-1-SMMl-1.138P,0.3369315427309868,0.2678675419751857,0.21295845422799892,0.368660248366051,0.3779087449809351,0.3260712792941146,0.30593070222589275,0.3320971111503769,0.3293997905685899,0.2843761249634915
TCTTTCCTCGTAGGTT-1-SMMl-2.138P,0.36462597457142676,0.2663727137378087,0.1631091439079747,0.3540073653719137,0.38720527401080995,0.31577354400738156,0.31084756062173735,0.36000061128619754,0.3636216204197443,0.3403544002393329
AGTGGGATCATCGCTC-1-SMMh-3.138P,0.3511019818168264,0.2705076532433932,0.18291073651618253,0.35098413485157004,0.400373328664459,0.3119284482890042,0.33155474847504446,0.3295140560267117,0.30395746512813826,0.3355468213291657
AGCGTATTCCATGCTC-1-SMMl-2.138P,0.3427085921839496,0.25846626363843295,0.13734522424415951,0.350288536394429,0.381764679708147,0.3140912105661278,0.28609196953043253,0.3444756113026441,0.3194686950849964,0.31089884726054734
AGAATAGCATCCAACA-1-SMMl-1.138P,0.3501728812227759,0.2650004366212622,0.22779257244810208,0.3671764883351889,0.38235570348046627,0.3477766102967373,0.3029456480726468,0.337881407105883,0.3510048390117959,0.30752516994086937
CAGCGACGTAATTGGA-1-SMMl-1.138P,0.3582942956331468,0.26082359823536827,0.16512940538535306,0.3604296084132074,0.3757732057415471,0.3280296723369267,0.29755015692188747,0.34004032537074963,0.34240778599564964,0.30629382516811565
GGCTCGAGTAGATTAG-1-SMMh-5.138P,0.35199712391565663,0.29785403977648844,0.21306504801437137,0.3709066719570794,0.3996885159526481,0.3440625923343799,0.362400054299408,0.355637825702354,0.3222211739429578,0.3363076267805484
GACAGAGCAATGCCAT-1-SMMh-3.138P,0.35854508434299703,0.27287419247463945,0.18807704613468146,0.3509139393251963,0.41071920519173744,0.30607914361698524,0.3291011550103437,0.33276551642679164,0.301716992541643,0.34846452509815085
CAAGATCGTAATCGTC-1-SMMl-2.138P,0.33949099914495995,0.25639804264781313,0.15427953893733212,0.3507220303164098,0.38495025129924443,0.30507382678377437,0.2931256623630689,0.3364861604431613,0.3184522166004383,0.3024738121708027
CATCGGGTCAGGTTCA-1-SMMh-3.138P,0.3541724226866962,0.27335471967945024,0.17793419856619455,0.35341987917882917,0.41053800384858447,0.30574595572348656,0.32859848383096585,0.32933914550814974,0.29662648250471924,0.34042896796584954
TAAGTGCAGTGGCACA-1-SMMh-8.138P,0.3410143126137262,0.27173154030177804,0.2185007683102589,0.35366461360912993,0.3803385540987802,0.34529380786591335,0.2985974073789086,0.3222574775020671,0.30215340467391594,0.3130772422661406
TCAACGACAAGAAAGG-1-SMMh-6.138P,0.35378350805772946,0.2705216277162542,0.2668947160949515,0.3502263546841697,0.39335045291464266,0.3099122653887968,0.3402776576560838,0.3209467249771831,0.306103880078018,0.3331487025538179
GATGCTAAGCCTATGT-1-SMMh-3.138P,0.3480907237931472,0.26730481062689326,0.16606508377065413,0.3468066632477754,0.3915397596877321,0.30961219629450937,0.32222463487404196,0.33057637067647316,0.29418315080292096,0.3310941515658056
GTCTCGTGTCTGCGGT-1-SMMl-2.138P,0.33899676040939164,0.25440669216151424,0.1553043357114543,0.3490572571454643,0.3863969101820862,0.3115364450063342,0.2895838505359558,0.34129405095579096,0.32051650682648997,0.3139179866952524
GTTAAGCTCCCGACTT-1-SMMh-4.138P,0.34447153539977354,0.2790428549976634,0.16615852680388152,0.3702184060487375,0.3930733642080058,0.3250036367623538,0.3414125665463387,0.3465198910148943,0.3122027648807967,0.32413368187332103
GAACCTAGTGTGAATA-1-SMMl-3.138P,0.33753397465981455,0.2670169603011499,0.19827324709950145,0.3520210982185813,0.389028963740308,0.3257625701941665,0.2989033037923706,0.3159498276651271,0.299252227807731,0.31148376276062456
TCTGAGACAAGCGAGT-1-SMMh-5.138P,0.35474629079307907,0.2973747715885221,0.1895386832160494,0.3709693081478052,0.4030178710002302,0.3432706255264156,0.36337329323044626,0.3551781912399623,0.32118815818717605,0.3392439884077682
CTGCGGATCGCAAACT-1-SMMl-2.138P,0.34572979030670803,0.2635629599232415,0.1396907834066482,0.34555138314643874,0.38560199943534057,0.3178265813342968,0.2894650799834624,0.34161896100370287,0.31685882238464946,0.3163566636160682
CTCGAAAGTAGTGAAT-1-SMMh-3.138P,0.3598507590580772,0.2791658654997759,0.1880937530476643,0.35189925330130417,0.4094147642198432,0.3055938625905838,0.3339160461935989,0.3369780491663408,0.30336808002350296,0.351440206954587
ATGAGGGAGTCCATAC-1-SMMh-10.138P,0.3815018614631216,0.2987661216403086,0.3040187465250568,0.34800914264301763,0.3870393056059108,0.35365062356959354,0.3070472416010979,0.34534285873843285,0.3529180554368011,0.32979806586407173
TGGTTAGTCCGCGTTT-1-SMMh-5.138P,0.3434845082504643,0.2673473793806414,0.16977916279094107,0.36041945267833386,0.3938046485743057,0.3369794234803364,0.3492504768206829,0.32731074586167413,0.30891835587874034,0.30725055503681015
CGTGAGCCACATAACC-1-SMMl-1.138P,0.3367170916276276,0.2640541859398458,0.19817774115434605,0.3682658396217282,0.38114193261697166,0.33936762238514084,0.317640586858538,0.33492227197145436,0.3275765028975665,0.30848739391996266
CCATTCGTCCAATGGT-1-SMMh-4.138P,0.33743109097866664,0.28719491582753154,0.1885408558053136,0.3731062707864647,0.38903029993386945,0.32416943059447395,0.33952257492975857,0.3422790334562578,0.3166671003579031,0.3178501686974268
CATATGGCAGCATACT-1-SMMl-1.138P,0.36503719934698015,0.2668829800298993,0.23215864141469503,0.36572545637562587,0.3823821287159711,0.34261060307884456,0.3244508234634702,0.34998719347900314,0.3547375453592697,0.33134735695030265
GAAACTCTCAGTTCGA-1-SMMh-6.138P,0.35717068721825923,0.27213490461847384,0.2701876585557892,0.34930336464287054,0.3953368890334127,0.3098764695579828,0.34339356858820536,0.32270983945301457,0.30788447461342544,0.33496954937178547
TGCACCTGTTCTGGTA-1-SMMh-4.138P,0.3418652577555517,0.2791300050804378,0.1957213869403638,0.3701490595824854,0.3914019686059029,0.3226140507939116,0.3394255418707178,0.34065932105654123,0.30944342166635874,0.3213100889207323
AAGGTTCTCCAGTAGT-1-SMMl-1.138P,0.40035247205419267,0.287087542475319,0.2700349389530996,0.3755242513369721,0.3986318950527404,0.35879261750131314,0.3703863227255028,0.3761925452905234,0.39119823526940356,0.36494649956946046
ACTTGTTTCCTTCAAT-1-SMMh-4.138P,0.33976481256375335,0.28111564425350144,0.16797667955052792,0.3676635532791435,0.3886056443426217,0.3207628786458923,0.33359245789287584,0.34612932628336385,0.3098147856302756,0.3227070512653576
TAGACCATCAGGCCCA-1-SMMh-6.138P,0.3637094084413732,0.2704527514057189,0.29789493494839336,0.35028446864785195,0.39360880845612095,0.31399056887086824,0.3439958037249261,0.31888501111923423,0.3053053115794227,0.3385894575915091
TCTTTCCGTGAGTGAC-1-SMMh-3.138P,0.35207998764274684,0.2712339574856459,0.15994446884940186,0.3500123980898068,0.39972152182073917,0.3080676834835299,0.32758775655285394,0.33378841561166017,0.303054838303319,0.34193484748760916
CGAACATCAGTAAGAT-1-SMMl-2.138P,0.3619688465133596,0.2661853688003863,0.16707560742352973,0.35346460821344944,0.38623844117226813,0.3178349050620555,0.3098840145904345,0.3573002164584521,0.3605729433578615,0.33143083303424065
AGTCTTTAGGCCCTCA-1-SMMh-6.138P,0.35842880659940024,0.2735738669755112,0.2858524504082558,0.3519497151799901,0.3972410361072393,0.3181929680753935,0.3467075221225218,0.3259724828595381,0.30927351655984353,0.34199578273947734
TACTCGCCAGGCAGTA-1-SMMh-3.138P,0.3759764036291835,0.29536182968271674,0.1941944239951558,0.34640567679107115,0.38024194665782446,0.3109731998335195,0.32267990703740357,0.3506379221278213,0.30792891260100086,0.34365149552945945
GGTGTTACAGTAAGCG-1-SMMh-3.138P,0.35482443061286556,0.2720472724811186,0.1642615677499739,0.34866350095077053,0.3986025390402963,0.3056707772738107,0.3278363450026106,0.33875295470041705,0.3058687650022242,0.35104062877748027
TATGCCCGTCCGCTGA-1-SMMh-4.138P,0.34007391829004247,0.2846043708831317,0.18507965996448114,0.37030026557638407,0.39474719692087124,0.324229197025932,0.34128899328229895,0.34182605294714014,0.30693970449818836,0.32255135926773604
GCACTCTCACACGCTG-1-SMMl-2.138P,0.34156432445835216,0.2566765367516143,0.1319820486773954,0.348021535215861,0.38404190539220073,0.31052644801117313,0.29262799715673893,0.3404190709762357,0.3135813181236323,0.3079658477402162
CGAGAAGGTTATGTGC-1-SMMh-4.138P,0.3389950569556041,0.27574623513792373,0.15818106757049827,0.370956385754354,0.3915460908657248,0.3209455681390549,0.3428224532822555,0.33843654080382823,0.30410277396855445,0.3189152251337501
AAAGCAAGTCGCGGTT-1-SMMl-2.138P,0.3402409420933907,0.2586533346989728,0.1509318382124678,0.3450404639244595,0.38530722087047453,0.31388261845020016,0.28811234674441677,0.3363418483650664,0.3132661628823302,0.30357146581059974
GATGCTAAGCCCGAAA-1-SMMh-2.138P,0.3637514193776897,0.2682361732616201,0.22211721599738327,0.3388799906032224,0.37657309872990163,0.32003307917269075,0.328831033472745,0.3128631155238789,0.2981671422827243,0.31491235317511773
AGAGCGATCGGGAGTA-1-SMMh-5.138P,0.3514335453239474,0.26843505641657206,0.16153438875523968,0.36396701393684483,0.3876119609549891,0.34535965677721175,0.3484837352507754,0.34540082629768554,0.3259811633821473,0.3098060863422401
GACTGCGAGTCGTTTG-1-SMMh-4.138P,0.3385899447777669,0.27326193744317256,0.1761842645021719,0.3626026305417581,0.3933338704827377,0.3173560244214411,0.33239561973130477,0.3422867472060842,0.3033616718425846,0.319723691942862
CACCACTTCTGAAAGA-1-SMMl-2.138P,0.34978599638056995,0.264929889383832,0.16860582936532403,0.3569076528924767,0.3821593411399911,0.3141992343408551,0.3011180557665572,0.35395702108248245,0.3487494340079038,0.3216815467189598
TCTCTAAAGTACATGA-1-SMMh-4.138P,0.3385871676425344,0.27218909711014766,0.14148295545691583,0.3695439805482836,0.39000567881453196,0.32077124563862225,0.3407347688009556,0.33821438448509844,0.30616442006693295,0.3221958129675265
AACCGCGAGCCAGTTT-1-SMMh-4.138P,0.34077520912810233,0.2850565867624448,0.1952560502774753,0.3695397938583216,0.3822597805423401,0.3140360496293525,0.3321848952959583,0.33907188729729737,0.3034380872049021,0.3154898660687699
CGTGAGCCATCGATGT-1-SMMh-6.138P,0.3545078720411169,0.27753290391659613,0.26242967430985387,0.34559453526814976,0.38784916395230407,0.31089729974024977,0.3397978670183124,0.3228647622734627,0.3099271024992986,0.3361923814073214
AAGGCAGAGCTCCTTC-1-SMMl-2.138P,0.33563884949042333,0.25375046676815033,0.17306568361766345,0.347843740736448,0.3876204001917717,0.3133384757632465,0.29211348127356485,0.3321541994083159,0.3112184851620196,0.29716966629377284
TACCTTAGTCCTAGCG-1-SMMl-2.138P,0.3435520725459709,0.25347813019300125,0.1398702524064551,0.347608863956094,0.38662555849622804,0.3167050128248333,0.28552086587071734,0.3371060964062697,0.32052632807233933,0.3070627866780367
TCAATCTGTGTGCCTG-1-SMMh-6.138P,0.3653645939259812,0.2724761031670737,0.282909595743135,0.3524515237676329,0.3948170496081384,0.3180308115349614,0.34896995546255255,0.32514696900381085,0.31611849010082943,0.34891236691732846
GTCGTAAGTCTCCATC-1-SMMl-2.138P,0.3429055166020131,0.25574938413583725,0.14312838944854847,0.3473595574252545,0.38358553941896223,0.31317039799630264,0.2858814463838504,0.33988679326190563,0.3196764545714138,0.30484145614094094
ACACCCTAGTTGAGTA-1-SMMh-4.138P,0.34374287584589325,0.2774619712668685,0.15945448573001594,0.3698404776523388,0.39162596294615865,0.32460876281916434,0.3407037809377077,0.3451281770054029,0.31342749237349893,0.3232880395007374
TCATTACCAGGGATTG-1-SMMl-2.138P,0.37926680669379714,0.26154491583498013,0.3483070001619011,0.3539920925461194,0.40464621909680837,0.315459721953167,0.3414591973739412,0.32458714206977923,0.314546764721568,0.3308835920365909
CGCTATCGTCCGACGT-1-SMMh-4.138P,0.343082959407453,0.27534830203781746,0.14185807596155262,0.3655575690454898,0.3898470886980022,0.3178424700980405,0.33145828226008217,0.33880721959386445,0.30578328178299596,0.32070821046157877
CGTGAGCGTGTAAGTA-1-SMMl-2.138P,0.3356863194244534,0.24848259693624275,0.15846648484067136,0.34679488934683084,0.3889808599688182,0.31297364862315713,0.29034139735235837,0.330611316449818,0.3143573300105001,0.3034764812823359
AGACGTTAGTCGATAA-1-SMMh-4.138P,0.34487547975534105,0.28554954884430783,0.20067067346663117,0.37338350989331925,0.39645737557067834,0.3273571182554045,0.348780215111738,0.34756809430103386,0.30968920216415724,0.32652948143084554
GCACATAAGCGTGAAC-1-SMMh-4.138P,0.34098513121880036,0.28417766010732176,0.2098912976070283,0.3745797273620694,0.39354863741389734,0.32212960253279127,0.34324093653342086,0.33988637972124247,0.3063611621026679,0.31679013153461416
TAGCCGGAGGCTCAGA-1-SMMl-3.138P,0.34236992563898927,0.2600440582556571,0.20011024044159906,0.346488620045582,0.3887124760385398,0.3196025176552479,0.3025842584758735,0.3231456439168473,0.3005158183602808,0.3091464776948119
AGTGAGGCACAGCGTC-1-SMMh-3.138P,0.35128913909101284,0.2759892710710472,0.1523247993223737,0.3476816311205662,0.3902989443978883,0.31207195043723357,0.322387440923788,0.3402513933665256,0.30397882971684503,0.3418326331870228
CAGCGACAGTTGTCGT-1-SMMh-4.138P,0.3385132748362701,0.28302272685009383,0.1832062871236604,0.36940742839291113,0.3928766425214168,0.32022384729201236,0.33951152077790336,0.33718051120116455,0.30302009968374694,0.31841743236577086
GACCTGGGTTGTCTTT-1-SMMh-6.138P,0.36454623118146295,0.27033464527101947,0.300120581541299,0.35031044829592806,0.3945470366989322,0.3130406266646698,0.345218234669845,0.3204982858728551,0.3059643396431023,0.33737066569918217
AGTTGGTGTGGTACAG-1-SMMh-5.138P,0.3524006111257635,0.27035299742063035,0.1734247269026169,0.3650039894288468,0.39419726156333784,0.34020200913718085,0.3545673141840094,0.34234566872659883,0.3171039143419347,0.31473877995955973
GGCGTGTCACACCGCA-1-SMMl-2.138P,0.3555400566841096,0.2523669908333345,0.25623014301453256,0.3465440580580264,0.38644162525594244,0.3079714640299125,0.30873213428733104,0.31711820556462095,0.30009750818628333,0.3159717274735467
TCGTAGAAGAGCAATT-1-SMMh-4.138P,0.3394461043788554,0.2816871251887986,0.17047483417448797,0.37103150178211497,0.3878275130238097,0.3264977248601791,0.335144195819635,0.344273495325863,0.3102029259112129,0.32586123914776927
CTCACACGTTGCGCAC-1-SMMh-4.138P,0.33879066773357525,0.2854413473817527,0.18275677534257984,0.3707072757791553,0.39165503209525826,0.3224105287072832,0.3412433998213154,0.3368201018601258,0.30212038718560474,0.3159901562725204
TTCTTAGGTTTCGCTC-1-SMMl-3.138P,0.3517449632515608,0.2689422013087296,0.1764612889038344,0.34709773111403347,0.3829892845301593,0.3275644736653173,0.29300764667727147,0.3340906052166734,0.30725333382891423,0.3122476570084722
ACGGAGACAGCCTTTC-1-SMMl-3.138P,0.34213908291011474,0.2598525979884229,0.19134926807945635,0.3465757653549294,0.38824661218084866,0.321265570594984,0.30165641127167026,0.32404805987482416,0.3014649879323844,0.30698360173562655
ATGAGGGTCGTTGCCT-1-SMMh-4.138P,0.34090476815170934,0.27946258217311415,0.17579945208095282,0.3712703607953316,0.3921074155903253,0.3218836813888435,0.3381046197442981,0.34472347829887173,0.3126336190074584,0.32111354579008733
TGACTTTAGATGGGTC-1-SMMl-2.138P,0.33428576564323326,0.2521486076735136,0.1530285177563121,0.3465762499732787,0.38619278727662454,0.3044499451073392,0.294494743547772,0.3277882228576327,0.3052882745093496,0.2942891856299389
CTGAAGTAGGCTCTTA-1-SMMh-3.138P,0.35146973716391294,0.26970410664536604,0.1770257784317083,0.34954479217712686,0.3937095041560076,0.31165130772979444,0.32235010264019404,0.3321441161879731,0.3016979454595841,0.340607460081451
CTAACTTCAAGCTGGA-1-SMMh-3.138P,0.3476601558123971,0.27799413448750293,0.17245579696984506,0.34659566189154206,0.38223923558626954,0.3139627925066794,0.31902570079595477,0.3320606170292768,0.3014346227232434,0.3217155712982046
CTAGAGTCAATCAGAA-1-SMMh-5.138P,0.3446737042703948,0.2801008173631279,0.22691101572628297,0.35806737419259976,0.3843769656294423,0.346270720121483,0.3223501746842726,0.34739825771486044,0.33837612484505686,0.3176472213943197
TGACAACAGCGGCTTC-1-SMMl-2.138P,0.3670139692897834,0.2648804780083832,0.30296605877902677,0.36052727907088183,0.3900944737538653,0.31635730895285785,0.30720250651515857,0.3090147374566168,0.2982582177794179,0.28397386515102513
TGTGGTATCGTCCAGG-1-SMMl-2.138P,0.3483510168998085,0.2608808515328701,0.2524855758599161,0.35158960135023337,0.37143090426637915,0.3265418027096271,0.309899584744864,0.2953121402751589,0.29078872120800847,0.2827269049758074
GTTACAGGTCGCCATG-1-SMMl-2.138P,0.33795724661194854,0.2526467590339664,0.16598029449587057,0.34787782691583785,0.38626902490316917,0.31207611420538467,0.29149647071878987,0.3359122369134443,0.31956852258747354,0.3022029608024623
CACCAGGGTCTAACGT-1-SMMh-6.138P,0.36881734419948137,0.2711261562435494,0.2906224043453466,0.3462242739349978,0.3921053865082576,0.31139372934920956,0.3441288402574642,0.32377162444257795,0.3101311332217763,0.3483711045472598
GGGTCTGAGTGGGCTA-1-SMMh-6.138P,0.34976059537938825,0.26813117446959556,0.3275621937963573,0.36236762066503636,0.3857923998258235,0.31201852785097234,0.3155930420629225,0.2952792647536542,0.2802875659156322,0.284689726944691
TTCTACAAGTCAATAG-1-SMMl-2.138P,0.3278485630219541,0.2583691787126418,0.19084298623633666,0.3538834532973103,0.3931083620111403,0.321852127350337,0.29180566101712424,0.3158671589512025,0.30387050454059095,0.30421136761532835
CAGAGAGCAGGTGCCT-1-SMMl-1.138P,0.35661578849452297,0.2614060830731831,0.2052951931705373,0.361854825754406,0.3805132337510046,0.32931415791428115,0.3057899852062331,0.34106227477695666,0.3429954057623547,0.30420687724216283
CTACATTAGGAGTTTA-1-SMMl-1.138P,0.3795451221458265,0.273930240435015,0.24338267194748955,0.37039247179694057,0.3895474122112968,0.3393940763431964,0.34592282729117096,0.3632621125166046,0.3731018266732412,0.337644361750962
GGCAATTAGGCACATG-1-SMMh-3.138P,0.35968585444311496,0.28521198299550904,0.1878377515713825,0.3466162177930535,0.3801029209315965,0.31862093438022704,0.3157169459244151,0.3387073623754882,0.3133782418818283,0.34749544743815763
ACCCACTGTTAAGACA-1-SMMh-6.138P,0.3696260597671127,0.2700103471863755,0.2994089110838469,0.3528826634790966,0.39295555908734103,0.3122594700497821,0.34944411193516395,0.32239540347099044,0.3102402379025442,0.34477060841861834
CAGTAACGTATAGTAG-1-SMMh-4.138P,0.34628739883590576,0.27979708244082085,0.1866283905306336,0.37069911455593374,0.3990409161092366,0.32122846208971967,0.33928718209262393,0.34378289722337435,0.3049397132733959,0.32513799458155956
TGGCCAGAGTTCCACA-1-SMMl-1.138P,0.3790708720067407,0.2818435009011677,0.256231291704748,0.37691743307603676,0.3909878165637925,0.3479791199270599,0.3558700569399872,0.3674172914169782,0.3763200282771571,0.33845984860290645
CATTATCAGTGCCAGA-1-SMMl-2.138P,0.34138706276429914,0.25792168170275714,0.16183886731554617,0.35351622103077973,0.3831098525871423,0.31403991321976826,0.2907100383753062,0.34574733396263313,0.33209840034253585,0.3074304780955415
GGGACCTAGAACAACT-1-SMMl-2.138P,0.33649209581357375,0.2499050951348939,0.16565048125244913,0.34628315708563845,0.3882720721835805,0.3142591352573618,0.29237349261869744,0.3335595269662695,0.3157688971228683,0.2999317482035205
CGCTTCAAGGATGGTC-1-SMMh-4.138P,0.34406108490513077,0.27862479248929184,0.1599097827192462,0.37008394441130527,0.3900394422325877,0.3227239834872219,0.33516810387012785,0.34114068816627274,0.3113327232906902,0.3254543700743037
ATCCGAAAGGCCCTTG-1-SMMh-6.138P,0.36275397860729675,0.272746905635697,0.255127145393505,0.34543591693991976,0.38910946736925445,0.3094342344324824,0.33965956093958793,0.32160763078288607,0.3121406615109625,0.33470269945356623
GTCGGGTAGCAGATCG-1-SMMh-1.138P,0.3423116977360197,0.28153276712611264,0.2790253155338192,0.3831225354852771,0.36989322711496225,0.3428766475055793,0.34755550988836664,0.31138016224223064,0.3034032538392655,0.29273476667825693
CCTAGCTTCTTCTGGC-1-SMMl-2.138P,0.33670717835280434,0.25299287132905646,0.14960594757896728,0.347512258212433,0.3857228772791648,0.3050075350787231,0.2921707246898419,0.33372736688491755,0.3100577867696873,0.3007338858062573
ACACTGATCGGATGGA-1-SMMh-6.138P,0.35386244431676606,0.27510587155598987,0.2756611073227388,0.34855059530171006,0.393579949604508,0.31281000054981417,0.3420029222059348,0.32293814083117284,0.30988226040641687,0.33493677548331546
CTCTAATTCATCGATG-1-SMMh-4.138P,0.3302304562431875,0.28642290071343796,0.18918599576926395,0.3696334210670836,0.3906452350632318,0.3177982195840807,0.33737539655516846,0.3294836101083284,0.2985057425226795,0.30317978156570874
AGCGTCGAGCAAATCA-1-SMMh-4.138P,0.33667433524175455,0.27224747657251336,0.13048213262429867,0.3629896969621886,0.3837152468534308,0.3135341160282796,0.32453212173332646,0.3352754471624758,0.3078499597852662,0.307655923771257
CGTCTACGTCATACTG-1-SMMh-10.138P,0.384038293227737,0.29852373642894514,0.2847396253174788,0.3514339720733059,0.38755402961362273,0.3575470901250918,0.30612212664181726,0.35230977168906774,0.3533288887710009,0.33318682733761185
GGCGTGTCATGGTCTA-1-SMMl-2.138P,0.33845072968860535,0.2517174390688257,0.14784228433041613,0.34828405331900786,0.38633238400452174,0.31681664980940966,0.28886852473903524,0.3325165182898469,0.31762599644700634,0.30897587976406976
AACCGCGAGGACATTA-1-SMMl-2.138P,0.36322598728120625,0.2671780565441472,0.1430607070842514,0.35521604921835936,0.38771085755264517,0.3143009820745552,0.3070676668710219,0.36062751066818144,0.3543587706562735,0.32709163292981186
TTTACTGTCTGCCCTA-1-SMMh-5.138P,0.3478209946702154,0.2719629376260592,0.16117838802241732,0.36286128609854784,0.3910674681696012,0.33406263071406916,0.35182188576749907,0.3376259153015051,0.31800068500256196,0.32160553173188955
CATTCGCAGTGTTAGA-1-SMMl-2.138P,0.3383564925154523,0.2547101533394356,0.14968032774804296,0.347789828199967,0.38436954949337065,0.30380870898968504,0.292810993240315,0.3315936791810436,0.3123820248153376,0.30085150225948165
CACAGTAGTAAGAGGA-1-SMMh-4.138P,0.3410235700129667,0.2858232412674678,0.18948652584433792,0.37283168515995385,0.3944868971746749,0.3244388474704827,0.34214743249295027,0.34102504761049096,0.30542677000220253,0.3170360740181729
CGTAGGCTCATCATTC-1-SMMh-6.138P,0.36315678025175024,0.2760790497650195,0.2546291524407657,0.3502476241315844,0.3905017567071386,0.317140075153636,0.34595072047694064,0.31024525714736845,0.2990741642909366,0.33587646295994206
CCTACACAGCCTTGAT-1-SMMl-2.138P,0.3273433570261502,0.258413823561648,0.1952293049728789,0.35445854121965065,0.3938226926886287,0.32264998934967976,0.29208542832462403,0.3160693982861172,0.3035250341700852,0.30378594230578176
CTCGAAAAGACAGACC-1-SMMh-6.138P,0.35181545180154616,0.26803933758591025,0.2906689301539374,0.35323073056873977,0.379066035824105,0.3122670083711992,0.3079235050448261,0.2973156644359051,0.2892393240081266,0.27860943238927033
GCATGCGTCTACGAGT-1-SMMh-1.138P,0.3388276225820253,0.2786234200215453,0.2788474556992243,0.3822935041171661,0.37153508820833003,0.33977993527998046,0.35068349414918354,0.3119545874486214,0.30454454149889765,0.29547269946471616
ACGCCAGAGACACGAC-1-SMMh-3.138P,0.3610571679471625,0.2715515154986417,0.18362660518056567,0.3500410603489964,0.40996982632265605,0.30683328802902404,0.32755559134648315,0.33416276009361545,0.3025709155518691,0.35043907935203844
CATGCCTAGTCGAGTG-1-SMMh-5.138P,0.3491235552137613,0.27372822611055825,0.18163598379390825,0.36503503249008457,0.3884517548036956,0.3396956998418352,0.35012641471951045,0.34040307015144167,0.3146828310604775,0.30557330660539594
CTGCCTATCAACGGCC-1-SMMh-6.138P,0.3614830880948617,0.2607136499944582,0.31338540626430905,0.36136595093202506,0.3917010917189307,0.3207885893363093,0.32643514003331847,0.3012653656299041,0.2987095346778755,0.2943385068525064
TCTTCGGTCCCAAGAT-1-SMMh-4.138P,0.33626930153748935,0.2709803740383067,0.20332044788855824,0.3605070505398755,0.39044302470884784,0.31290166831867816,0.34374214705658945,0.33231980237636854,0.3007600599962283,0.3196210868737155
GCATACAGTGACTACT-1-SMMh-6.138P,0.3551499965470791,0.2709115263253284,0.28574564867834895,0.35294151284197245,0.39412935630297646,0.3103754768117807,0.34553211893511293,0.32102210534345516,0.30227921805217556,0.33274415923594375
TTGCGTCGTAGGAGTC-1-SMMl-1.138P,0.361633818403383,0.26341203224264,0.2138229060463446,0.36013678695227497,0.37787792805612463,0.3296854377920151,0.3063050476852649,0.3472490700808671,0.3561770694902189,0.3216291262339605
GGCCGATCAGCCTTTC-1-SMMl-2.138P,0.34339598507584296,0.25409031418991923,0.14961777450136074,0.35120538134674134,0.3857565139553613,0.3120710665700556,0.2891767376199492,0.3393228900095565,0.32506348959898257,0.3075941518992046
CTCGAAATCGCACTCT-1-SMMh-6.138P,0.3551160708402809,0.26111849450859775,0.28700559677962606,0.3548116428406727,0.38911339683735685,0.31450945326172214,0.3201639430263612,0.3038412877170509,0.29708176731279656,0.2954225614067337
GAATAAGAGTACGTAA-1-SMMh-4.138P,0.3330037591543773,0.2844605565313871,0.19737386333477194,0.3710185063772354,0.3931827175638254,0.3196648273610466,0.34168248617020613,0.3290407936757241,0.30136198948431286,0.3088029287396613
GTTCATTAGTAGGTGC-1-SMMh-4.138P,0.3378410642697005,0.28335536859149096,0.2034852325594998,0.37123526733511647,0.3925253524571721,0.31922132776559886,0.33902846943629567,0.3368118620392465,0.303249849049441,0.3128322557643221
CCATGTCAGCTCTCGG-1-SMMh-4.138P,0.33772208678589305,0.2760023616168677,0.16637267952509072,0.36345888628642997,0.39329952243703054,0.31672978853456124,0.33023608245663777,0.33976255628413116,0.3060108469054728,0.31370895079484357
AAGGCAGAGATGTAAC-1-SMMl-3.138P,0.35335259597269875,0.2631834846130511,0.13546273547934023,0.34494843945929554,0.3885025676508743,0.31662039596866653,0.29835472391560725,0.3244956552481267,0.30049508929532365,0.30850407817444453
GAACATCCAGTTAACC-1-SMMh-10.138P,0.38143187017245245,0.30147454819812397,0.30171632686211597,0.3530898110005142,0.38768498626875814,0.36012667147367355,0.3028685426706459,0.3518490166076077,0.35147863955227304,0.3319929664761094
GTTTCTAAGAAAGTGG-1-SMMh-1.138P,0.3871207084518754,0.2837037423141258,0.3259212543262991,0.3824337701439676,0.3798713794785347,0.32917510411859413,0.371111459073816,0.33958697750843597,0.3274413196206417,0.331017879068732
CAAGTTGAGCGCTTAT-1-SMMh-3.138P,0.35232033195767437,0.26784390446048145,0.1705759701779544,0.3491172398390364,0.3993427113384642,0.30900226462203334,0.32827897012466156,0.3303800837872528,0.3064133769293977,0.3307525290679463
CATCAAGAGGCTCTTA-1-SMMl-1.138P,0.33866905214053966,0.260215698738964,0.20715222751065543,0.36109410389704233,0.3809978410857612,0.3356691733159327,0.3101258479172335,0.32780001061683534,0.32839437311227804,0.3021300323527892
ACGTCAATCACCGTAA-1-SMMh-4.138P,0.33035062921277053,0.2882478482089717,0.1865630975029695,0.37041158544628383,0.3870209866573274,0.3177044185103432,0.3338169854485254,0.3313380807487965,0.2996523744110714,0.3035636875287183
AGCTCCTCATGATCCA-1-SMMl-2.138P,0.340910215227759,0.2523479301949579,0.14870507806248429,0.3466304460873665,0.3874979533775855,0.3120483702867402,0.2871443708596364,0.33262632151865623,0.316237146633635,0.30816594863093943
GGGTTGCCAGCGTTCG-1-SMMh-4.138P,0.34505476476008584,0.2879784039524123,0.16495842549126993,0.36888462764483343,0.38917702649129693,0.3155889214237449,0.3388670368308736,0.3413245116173864,0.2995710571237344,0.31531350940140107
TGCCCATAGACAAAGG-1-SMMh-3.138P,0.3352982060060053,0.2737210770957344,0.1597262776335902,0.3519743312112943,0.38761532178248,0.33105093872476254,0.3203786168381231,0.3221629819121817,0.30937784214416125,0.32253972885413684
CTTGGCTCACATTCGA-1-SMMh-6.138P,0.3614082150957415,0.2715735956003659,0.2529692231147241,0.3437230046074527,0.38576458178035844,0.3102064017844534,0.33707832220503176,0.3183376000011814,0.3116580221457999,0.33115681853570506
CAGTCCTCAAAGGAAG-1-SMMh-3.138P,0.34918503775567206,0.2671600338921475,0.1794739157706366,0.3491222598518739,0.3959931707464473,0.30639242227080454,0.32287556726282507,0.33098208233418036,0.3013448915440928,0.3399597826822214
ACTGTCCAGTGTTGAA-1-SMMh-10.138P,0.3779690756551113,0.2963164380287259,0.28406297904806926,0.350336461629556,0.3872516523389387,0.35290660030674514,0.3121971813739059,0.3466504091030668,0.35355463392093234,0.33412820858532893
CCACCTACACTTCGAA-1-SMMh-4.138P,0.3425613518522098,0.2790954972957302,0.1892142143897728,0.371343793483938,0.39574852550773043,0.3248391452222449,0.34422145757168027,0.342530118246789,0.30719629273939225,0.3258249349763367
AGTGAGGGTGGTAACG-1-SMMh-4.138P,0.3395907347256014,0.2864197737645817,0.1686592662657661,0.3704184645817147,0.390783396988955,0.31827328617840184,0.3395752374656014,0.33824542043884365,0.3005430689865794,0.3110605009778127
GATGAGGAGAGTCGGT-1-SMMh-6.138P,0.3588372831792997,0.271639964018324,0.2876843725780045,0.35102654344271544,0.39546570484566557,0.31165531948708525,0.3435878706638275,0.3235987279085404,0.3087301332296537,0.34077120696086055
ACTGCTCCATCACGAT-1-SMMl-2.138P,0.343090015504823,0.256060807448209,0.14409830133741156,0.35020169937627926,0.3850957819483059,0.31060197369095977,0.28529259472218066,0.34121907222535725,0.3247324358296947,0.3077258078168362
GGAATAATCCAAAGTC-1-SMMh-3.138P,0.34154142727339876,0.27726405759498357,0.1733651647101394,0.3490042750832222,0.3918569900784421,0.32255290583281554,0.32650204507790903,0.3365461483796789,0.3118590947560698,0.33066499488888
CCACCTAGTAATAGCA-1-SMMl-2.138P,0.34833341480574653,0.2657702075364286,0.13047304397192355,0.3417213026432253,0.3852548389482725,0.3065240081874221,0.29684079137146213,0.34175849299665334,0.31104727058637593,0.31296381766122927
CCCATACGTAATCGTC-1-SMMh-6.138P,0.3655423023011863,0.27312258991126637,0.2964171022675112,0.34783938853317853,0.39218090701683594,0.3136648555005221,0.34307001410487103,0.3228554421530849,0.30748685314430724,0.34435409049545884
CACTCCATCAACACAC-1-SMMh-4.138P,0.3474848379789396,0.2853084844132364,0.14840437116903618,0.37477879489554966,0.39434820902984197,0.32426644723631526,0.3497200955507858,0.3421758613551986,0.3115992593334659,0.3318540894505423
ACCAGTAGTGGTAACG-1-SMMh-4.138P,0.3340396134128098,0.2842358809476624,0.1651548008634577,0.35585160765717383,0.37875719611116254,0.31245740799715754,0.3184387163601773,0.3467557739934569,0.31588486319316234,0.32182891699404215
GGAAAGCTCGAGGTAG-1-SMMh-4.138P,0.3335740772318415,0.2879219242286908,0.17068796444205908,0.3652570927114343,0.3856633134936832,0.3131262288322491,0.3277389911495144,0.3381661044229883,0.3013188689418749,0.3106798572156174
TCTATTGGTCTAGCCG-1-SMMl-2.138P,0.34249254072317703,0.25454753490870363,0.13432890445505818,0.3452326820220723,0.38553690981679084,0.30590933155332234,0.29376306700800014,0.33650663187844365,0.30958653085778803,0.31012109125992854
CCAATCCAGCTAGCCC-1-SMMh-10.138P,0.3821729321250632,0.30162659418483007,0.30844481322965067,0.3536468917719325,0.3887467657158018,0.3607148887559989,0.30463048121121855,0.35254503991882846,0.35371569678468245,0.33113402401527353
GGCAATTAGTCCGGTC-1-SMMh-8.138P,0.34550839707569503,0.27271139791020726,0.2104451002620465,0.3548636066582962,0.38216469890437815,0.34495738433889805,0.3041047704998577,0.32490452497520095,0.3047087001874533,0.31630331953972746
GTAACTGAGCGTAGTG-1-SMMl-2.138P,0.3305265907865402,0.2579977105837918,0.17392269367632193,0.3527261118001841,0.3912165119304644,0.31705917980385917,0.2900114668396692,0.3155400116860896,0.3037041320891329,0.3063224588229587
CTCCTAGAGCTGCCCA-1-SMMh-5.138P,0.3490585916206794,0.26885124590132764,0.20383724579259974,0.36211942141001613,0.38607477483252767,0.3417907593653548,0.34375573976496926,0.3395397825264697,0.32208699520569345,0.31294291181582673
ATGCGATCAGGATCGA-1-SMMl-2.138P,0.3441065289596454,0.259605919773681,0.13094016930142782,0.3543255886977234,0.38016294532831385,0.3146538002849166,0.2842259125780804,0.34806640557656715,0.323334759384598,0.3150799487891895
TACTTGTAGGAACTGC-1-SMMh-5.138P,0.34615251546877673,0.26974410611276506,0.20357175638435604,0.362678606054289,0.3854998923492249,0.3433095806948308,0.3432015650598445,0.33841472261721484,0.32071462493457975,0.3119324986911479
ACTATCTAGCGAAGGG-1-SMMh-4.138P,0.34335410288567475,0.27955193295942726,0.1730058229909364,0.37143348719321984,0.39595334956924544,0.32540990150772997,0.34379202901927314,0.34465185299196094,0.30909581449084933,0.3276140200701192
GTCACAAAGGAATTAC-1-SMMh-6.138P,0.3710725147747335,0.27127111665426434,0.28621705059699776,0.3455680838252739,0.3907983637049602,0.30905741339004855,0.3437613570160683,0.3254783548570362,0.3136424087860251,0.34863994008659593
CTGCCTATCATGCTCC-1-SMMh-5.138P,0.3495508119918248,0.29014030881883734,0.18379410036126864,0.37124551356035573,0.39893690747021776,0.33865080589825913,0.358809500121727,0.3452069874195651,0.31188480560313336,0.3251322695844861
GCTGGGTGTACATGTC-1-SMMh-6.138P,0.3613729325743925,0.2510908810759522,0.2662029013598754,0.3661143892054641,0.3933637973455254,0.3130027600529617,0.330518919760661,0.3107698255902759,0.3039302528409686,0.29103661698622074
CTCAGAAGTGACCAAG-1-SMMh-6.138P,0.3601584933553813,0.2696974100082784,0.27803773952273914,0.3506575566821142,0.39249423843770204,0.3113216570537961,0.3462538216697831,0.3229784168212147,0.30885874377639994,0.33673748238005774
CATGACATCTAACTTC-1-SMMl-2.138P,0.3533787213561057,0.2644495200855232,0.14720239701858936,0.3557976338881459,0.3841051330612733,0.31211858380684043,0.30336964510085634,0.3582259208858079,0.3537804749326038,0.3322542597315431
TCGCGAGAGGACAGCT-1-SMMh-6.138P,0.3635293782838908,0.2643882769308682,0.2770243939034209,0.3502009889284085,0.3902708937494385,0.3124081030685724,0.34415187812534953,0.32203486740959447,0.31135801464233787,0.3377712331086142
TCGGTAATCCCGGATG-1-SMMh-10.138P,0.38369840538452354,0.2986211995322772,0.29966081989929794,0.35028156757948614,0.38685329259097667,0.35798219993094454,0.3083506790516167,0.34531014578408464,0.3499084315569772,0.32646025989794597
TCACAAGTCCCAAGAT-1-SMMh-4.138P,0.3420173084112425,0.28322796206828116,0.18677737401111505,0.370774458437323,0.3975022624836569,0.32447830162575175,0.3419661177218026,0.3440743451859944,0.3085344118325165,0.3226080411220062
CGATTGAGTAGAGGAA-1-SMMh-9.138P,0.33685208159619684,0.2895128465033492,0.21460804443637532,0.3553308718339144,0.3985503190357182,0.3218417608225782,0.316306880466864,0.32709684153164353,0.3025335176732768,0.3251354810840161
GTCCTCATCACAGTAC-1-SMMh-8.138P,0.37076744289371943,0.25770892813952,0.2769725714183302,0.3604025737542195,0.39415966103154776,0.32523470510867686,0.34191808929331224,0.30779240799467117,0.3178627265553935,0.31321655439377666
GACGCGTTCCGATATG-1-SMMl-2.138P,0.3449991439355365,0.24917176639119148,0.14941986889890116,0.34510061678080717,0.38827754519471236,0.31043982237377815,0.28939235631427845,0.3331838944668577,0.3157819943753188,0.310398433524673
ACTATCTCACATTTCT-1-SMMl-2.138P,0.3449311180277742,0.2552151237374331,0.13713222960734717,0.34608447273157855,0.38368369739272373,0.31109254501600503,0.2870522836553226,0.3419746071235163,0.3181218191836065,0.3097136695764769
AACTTTCGTCTTGATG-1-SMMh-4.138P,0.3415122857772992,0.2847601262379764,0.18082849017165437,0.37166971996861853,0.39569218962142133,0.32536132957196995,0.3441644380417663,0.343555686383349,0.3068786976593922,0.3194949694008862
CCCAGTTTCACAGTAC-1-SMMl-1.138P,0.3521913609179837,0.2626824598594134,0.22375705572343393,0.3595942334730084,0.3804708731252145,0.3312593462730212,0.30671062952179945,0.34116405725302545,0.3429216098013173,0.30767854712482695
TTCTACATCCAACCAA-1-SMMh-3.138P,0.35080980835217185,0.27666491973919805,0.15422964252187946,0.3482565752239062,0.3935036999306372,0.30756946684576225,0.32540807542641537,0.3406798872622678,0.3028217135623283,0.3430928275104333
AACTCAGTCAAGGCTT-1-SMMh-3.138P,0.3528051201061215,0.26649550977832276,0.1531829006050941,0.34813363389322666,0.3923278653239713,0.3101891073449667,0.3209935339373879,0.33258521323464646,0.3026825718862562,0.3384321493757408
CACAGGCCAAGTACCT-1-SMMh-4.138P,0.3424740168198186,0.2776767449274402,0.144082417986805,0.3636784664685061,0.388129718659081,0.31628548031397696,0.33297141637280186,0.34246957074156376,0.3075770089818264,0.31976450552167907
TTGTAGGAGTCGTTTG-1-SMMl-2.138P,0.35342908385533156,0.26597151057217727,0.12642646001758973,0.34457869624688114,0.3865191327850748,0.30789153090384974,0.29705566854089394,0.3434313792512295,0.3168181088578336,0.31906660626119987
GGCTGGTAGATGCCTT-1-SMMh-5.138P,0.35083047661414424,0.29300114639347036,0.23517038943313984,0.3602345742620311,0.3848417857775401,0.34801690669544866,0.3173314541137855,0.35485466934842314,0.3479730586396671,0.3320345160081307
AGGTCATGTCACTGGC-1-SMMh-4.138P,0.3447618651015439,0.28153411018665175,0.19085654969831464,0.37185481832522366,0.3951373562719351,0.32466652711081234,0.349135104443667,0.3405366708347012,0.30713186428951783,0.3192126983643866
GGTGTTAGTACGACCC-1-SMMh-6.138P,0.35945178054468174,0.2720161309398569,0.28066983509733245,0.3499387392573667,0.3952448791572386,0.315079078879713,0.3446818961723216,0.32467321544465677,0.30970733516768895,0.33857803850214724
ACACCGGCACAGGAGT-1-SMMh-6.138P,0.36127243173430357,0.2757176878655399,0.30807564001590326,0.3505329041213116,0.3996416616163604,0.3151374565360697,0.35151022391320863,0.3293186353889614,0.315383421440761,0.35761127556674493
TACTCATAGTTATCGC-1-SMMh-3.138P,0.3493309581475999,0.2771434581740619,0.15425967113010383,0.3515253301070574,0.38484366245702517,0.31653207733928385,0.31857442494518207,0.3376317294753708,0.30667881396949076,0.328189862186338
TGAGGGACAAGGACAC-1-SMMl-3.138P,0.34927229736542337,0.26658313440811277,0.1830243906860002,0.3470279460871631,0.38184987479667454,0.3278381668027399,0.2927277874045161,0.33398939851968995,0.3110715255098275,0.31390541688444534
GTGTGCGTCGGCTTGG-1-SMMh-6.138P,0.3605819468029545,0.269851675735917,0.2763048800342541,0.3517432041294602,0.39374720654621603,0.31035501186657477,0.3436466276545543,0.31843469840490596,0.3052643113145055,0.33780496065750354
CGGAGCTGTTCGTGAT-1-SMMh-6.138P,0.3580306699017672,0.26913852470602057,0.2741525868995649,0.3517376853674418,0.39307708871289104,0.3212468912546137,0.34785900356635546,0.3197697068915422,0.2981159947778089,0.3376866296887799
CTAAGACAGCCACGTC-1-SMMh-4.138P,0.3419826963649508,0.2840654389301938,0.18011201826450746,0.3702386452453261,0.3943662048149885,0.32384012306914944,0.34298070283811266,0.3431683275686225,0.30790668840198787,0.32212146065168007
TGGTTCCGTCTAGCCG-1-SMMl-2.138P,0.3560824278184147,0.26833076457199456,0.16442018919893556,0.3558793043303332,0.38410332391401986,0.31660671627709913,0.30304987400772815,0.35793830226900475,0.35258229190740126,0.3295406295654099
CACACTCAGATATGGT-1-SMMh-10.138P,0.37987166605458783,0.29414170342261514,0.2863778843157512,0.3489874742680602,0.384181824499699,0.3536427663877855,0.3152018443804558,0.343158986958896,0.35309134320360286,0.3276782258059852
CAGCTGGGTACATCCA-1-SMMh-6.138P,0.3648681904271693,0.2700205735090428,0.27051170143385656,0.34357944356512704,0.38874321262654354,0.3123267163467341,0.33916435108703336,0.32121697185724213,0.3107517483087589,0.33783019868339637
ACTTGTTTCGCAGGCT-1-SMMh-5.138P,0.3592395791059568,0.27684980937877113,0.18776863377434708,0.3643695156686876,0.38876630157644093,0.3486795696636358,0.33935046959407766,0.35236140915565795,0.33889463457546004,0.32044931816538025
TTATGCTAGTACTTGC-1-SMMh-4.138P,0.3357598986192794,0.2794834955542317,0.17044220102809624,0.3686466712037624,0.3893192556821569,0.31787484334645166,0.33407499928017276,0.3347650215139127,0.30094102381757737,0.3102155770211137
CCTCTGAGTTCTGAAC-1-SMMh-1.138P,0.3990334599966415,0.2796640582738901,0.36306201959632106,0.3701519203350728,0.3988435461698679,0.3163902684357387,0.37265935217411716,0.3511226085873547,0.34065139949851336,0.3598865582782575
TGCTACCTCCCTAACC-1-SMMh-5.138P,0.34938305653125307,0.28977843173618795,0.18612864473345245,0.36843159726795777,0.39754671302877936,0.3458945219186325,0.3537887312149187,0.34935970376901665,0.3167855667702575,0.33345816150820123
GATCGTAAGGCCGAAT-1-SMMh-6.138P,0.35929671111580036,0.2708182664650538,0.2772281420907687,0.34931190026495024,0.39373359332871954,0.31237140061234014,0.3422217023286841,0.3243946171558697,0.3115112694995722,0.33830728536029214
CTACGTCAGAGGACGG-1-SMMh-5.138P,0.3649982312009755,0.2594170606636856,0.24038802556303906,0.35800838876216207,0.39526701439604356,0.3327316317267109,0.33554381522598786,0.31549350601761356,0.3085700312271241,0.3170706703344682
CACAGGCCAAATACAG-1-SMMl-2.138P,0.3395174679805631,0.25183230307813914,0.1584861544611805,0.3487324973176189,0.3869536325664933,0.3129550816322263,0.290595549482107,0.33659503180398165,0.3213806447844668,0.3052659520944
GCAGCCACAATGAATG-1-SMMl-2.138P,0.3429906993159136,0.2526711819674279,0.14932330545824124,0.3458907014969689,0.3864623890852281,0.3118949345765717,0.2863413940051948,0.33349414294511687,0.31702420408859766,0.30553865469870134
GAAATGAAGCGTTGCC-1-SMMh-6.138P,0.3627695688869211,0.2701038535540289,0.2875348681014443,0.3508028622808372,0.3937419951964455,0.3177942229631433,0.3426023946119158,0.3227305058248815,0.304682441029007,0.3394363368083097
TGGTTCCCATCTATGG-1-SMMl-1.138P,0.38339077024584317,0.27755699554376295,0.24271059408463444,0.3707369883197598,0.3888287714455525,0.34411089946808926,0.350407570875445,0.3659709480907844,0.3762773673301669,0.34613013106060925
GTACTCCTCTGATACG-1-SMMl-2.138P,0.34427025947566653,0.2553254649874627,0.15574346699099853,0.34795325669416105,0.38647466454710533,0.31663938360795424,0.2870555903594228,0.3414573440396496,0.3230197929487758,0.30943322513307653
TGAGGGACACGGACAA-1-SMMh-4.138P,0.3375748017613633,0.28542482828036664,0.1913705113173384,0.3697579196983101,0.39551152626253616,0.32008400856846314,0.3409013014495417,0.33608904626323116,0.3048279878809156,0.3151517884337296
CCTAAAGGTCTTGTCC-1-SMMh-6.138P,0.36045062970735786,0.2689068379375694,0.2754517852673907,0.34803334204942193,0.3937017995241027,0.3122085450413913,0.34297695844801285,0.32560967249134876,0.31492639316634313,0.3379551454598692
GGACAGATCGGTTAAC-1-SMMl-2.138P,0.3378994230621065,0.249983566560721,0.13516304316762567,0.34461491513073494,0.388381099636934,0.30212494744272583,0.2936379291049343,0.3304435321819871,0.3044057720484755,0.3048911026096974
CTGTGCTTCTGGAGCC-1-SMMh-4.138P,0.3402447279590725,0.2832658083882784,0.1773904020163845,0.3697856224346189,0.393415129745802,0.321803887427431,0.3422317193565645,0.33969294502534203,0.305558465010596,0.32004197281002
AGTAGTCTCAGGCAAG-1-SMMh-5.138P,0.3467146555707973,0.28600475889119803,0.17902203309381173,0.36735460220713584,0.3923645112458303,0.3400859575318113,0.3467822610657044,0.34196345416569157,0.31972017980933937,0.330373425916113
ACCGTAAGTTACGTCA-1-SMMh-4.138P,0.33590659544104323,0.2838209540649438,0.1678419212513183,0.36842778878669236,0.38745252484227255,0.3198203957410646,0.3338346348091856,0.33715008459793033,0.3046203793541843,0.3097009667711503
TCTTTCCAGGAGCGAG-1-SMMh-5.138P,0.3507538999310926,0.2978701882038044,0.24624626368767108,0.36108367208904063,0.3851522607018289,0.3501013640631126,0.3147266071928836,0.35752191185331744,0.3543974154732746,0.32821886604153366
CATTATCGTAGGCATG-1-SMMh-9.138P,0.3252533192854772,0.28168811083958456,0.23669738237961058,0.36350431304802017,0.3897189187223284,0.34297151680683163,0.3044669542263729,0.32135160900748744,0.3123565672064253,0.3257289954383533
CGGACTGGTAATCGTC-1-SMMh-6.138P,0.3565722232014302,0.2678078647197638,0.2539508376972582,0.3481080927858464,0.38713282053736814,0.3132563134898186,0.33760713815968973,0.31474038715618646,0.30464592633447735,0.32396851249282743
GCAAACTGTAATCGTC-1-SMMh-4.138P,0.3403451777652676,0.28389885490781086,0.18968776617931155,0.37004729994645247,0.3937474586660827,0.32392293224498203,0.33930780526191157,0.3386474345012512,0.3044709385938445,0.3159856945000774
CTGTGCTTCCCAAGAT-1-SMMl-2.138P,0.34481211925299454,0.2583458662345753,0.14944353485531733,0.3543854005957586,0.3815580455144095,0.3120961584859159,0.2950509941771964,0.35082431783300444,0.3391848861101047,0.31461600141870544
AGGCCGTTCGATCCCT-1-SMMh-5.138P,0.35629291979695266,0.2717449733346969,0.33951365828930113,0.36030252016890446,0.3922363481621353,0.31390511797429616,0.3202676674560815,0.29595729874375515,0.2792492972658948,0.29333646581452716
CAGCAGCGTCGGATCC-1-SMMl-2.138P,0.3412684271794516,0.2533278055170076,0.15478962200300503,0.3457456128438843,0.3897210186532631,0.3132713832658812,0.2879505538610846,0.33100316523795603,0.31205793218172684,0.3054984819755232
TGCCAAAGTAATCACC-1-SMMl-2.138P,0.37275138656161927,0.2690027172654047,0.19674259970531544,0.3524801253985867,0.39350534125477066,0.3189981913993956,0.319061559590602,0.3699657880068893,0.3713638694097159,0.3514304989165442
GCGACCACACTCAGGC-1-SMMh-6.138P,0.35645302666102446,0.2672316448067261,0.3148270135744719,0.3542334895653822,0.3991491847318506,0.31716989586602495,0.34068286861839026,0.3228494393233051,0.30113581672589645,0.33209294070696566
AACTTTCGTGCAACTT-1-SMMh-6.138P,0.3599240015450044,0.27012731466659445,0.2620588303503549,0.3473636711303947,0.38983357223148407,0.31194148825839063,0.3420318017555008,0.3205674429213529,0.31044540117459596,0.3345410084269648
CATCCACCAGGCTCAC-1-SMMl-2.138P,0.3316766365308662,0.25105997494451016,0.16574280200071106,0.34779646201106884,0.3872227263018226,0.3107665277089386,0.2930021819260861,0.329875635925901,0.306765016501003,0.2957371178748156
CATCAAGAGTTAAGTG-1-SMMl-2.138P,0.34629954063384905,0.255358439111893,0.158199872345224,0.3536958046744617,0.38468533806362076,0.3131668451494509,0.29195758797089183,0.343228126921665,0.3312620013077069,0.30885680428563644
GTGCATAAGAGTACAT-1-SMMh-3.138P,0.35064801846094884,0.27405795130046573,0.15810838029840413,0.34840573526824853,0.399300046349176,0.30760246587771695,0.3290516979363608,0.3309028791436784,0.3030469834224607,0.3375520203959773
CTCGAGGTCACGCGGT-1-SMMh-5.138P,0.3450631100606162,0.27206148885387205,0.16821524205295527,0.36327845548819493,0.3885616923120609,0.3405918229474144,0.34871151815103707,0.33395887117067297,0.31257974845965353,0.30799413310199364
CGCCAAGGTAAGAGGA-1-SMMh-5.138P,0.34862253183497277,0.2702527432310049,0.19027592765543275,0.3645510218997523,0.3911077030484852,0.33807749157416594,0.3539568551941139,0.33637203592969434,0.31499414202006587,0.3174138708136806
CGTTCTGGTGATAAGT-1-SMMl-2.138P,0.35175728767991377,0.2627749539215489,0.1282554728424546,0.343967104190507,0.38686090493735215,0.30894938158060653,0.2944963838556059,0.34023228311167675,0.3172972335744019,0.3156692472965152
AGGTCCGTCACGAAGG-1-SMMl-3.138P,0.35125977939520237,0.26636354691519776,0.169449003417304,0.34671620474408865,0.382928739232581,0.32100550917258436,0.295473444354796,0.33181328362294793,0.30268059391354046,0.3112387766417214
CTAAGACTCTCGATGA-1-SMMh-4.138P,0.34475670112733603,0.2807793086980427,0.17390503796825243,0.37270014137515384,0.39384568446545803,0.3250432675734211,0.34307228173544163,0.3458261100471478,0.3105242204871245,0.31987790610171996
GTTCGGGAGAGGTAGA-1-SMMh-4.138P,0.33861529346625524,0.2857833644721751,0.19689283862404058,0.37065747384390196,0.3943389318560749,0.3243233144615725,0.34004875991782585,0.3412657704929914,0.30524429331566255,0.32194239130711644
TCCACACGTCAGCTAT-1-SMMh-4.138P,0.34485492446588323,0.27819130867834835,0.17108458375672267,0.36544478708454065,0.3924863522765677,0.31601370142760427,0.33884127981623563,0.34052400493075574,0.305236885478892,0.3176598106920674
TGCCCTAGTGATGCCC-1-SMMh-3.138P,0.3627008857486722,0.2735710730541006,0.174668230522379,0.35628347135698035,0.3966131613586949,0.3140859518648828,0.32995073696878535,0.34739790084351096,0.31368400927675244,0.3626422930363717
AGATCTGGTGTTCTTT-1-SMMh-4.138P,0.34104142400358795,0.28422381446575823,0.18530870012668793,0.37135927735456564,0.39538460853103635,0.32568081778959757,0.34261933305486797,0.34173175048522836,0.3065400737922078,0.3209895126837441
TGCTACCTCTGAGGGA-1-SMMh-4.138P,0.3429857389870313,0.2850072830569993,0.1765233788132935,0.36517309926867947,0.38318920479421925,0.3113160073492016,0.3328920506536694,0.34189142559541036,0.30501421421172464,0.3172343693777223
CACTCCAAGGCTAGCA-1-SMMl-2.138P,0.3430637738490143,0.2553639616674273,0.14705112621497948,0.3499652746256224,0.3839623514307965,0.31032432719940406,0.2859244849397982,0.34112937585452946,0.32330748881437865,0.3089285808795208
GGAACTTAGCACCGTC-1-SMMl-2.138P,0.3440237682090466,0.2561960344747882,0.15816335210700327,0.35119575111724743,0.3850779233465565,0.317863241285499,0.28801671201657264,0.3467363199663475,0.3300759448518902,0.31460668775250333
GCGCAACAGAAACCTA-1-SMMh-6.138P,0.3608414838344281,0.2714744841180753,0.2561089860857144,0.34634992759087835,0.38697352663795165,0.30937472354186907,0.3343737284802287,0.32268026894889235,0.30231773857220257,0.3303317847728943
TCAGCAACACCGTTGG-1-SMMh-6.138P,0.3631069757057164,0.2714871632004779,0.28273100633504167,0.35143804052155175,0.3922566564070207,0.31037203924649537,0.34526347671520863,0.31789628412212445,0.30242855842522287,0.33576619222414295
CAGGTGCTCATTTGGG-1-SMMh-5.138P,0.3501585168289907,0.2938691019621705,0.17281450787078764,0.3707526051513886,0.4012875799190516,0.34527882961424455,0.35768938424607194,0.35012166191513405,0.3185012656677071,0.33375182609207016
TCGTAGATCCGGGTGT-1-SMMh-5.138P,0.35899359404642367,0.29939151297577443,0.19989155805873635,0.3715601470471316,0.4034183005149986,0.34042199542434215,0.36645184245684803,0.35853934757927136,0.3212448992603764,0.3448004077329279
TCGTAGATCGCCATAA-1-SMMh-5.138P,0.3486183388214019,0.2928139736021396,0.18843957113099663,0.3687060314615368,0.39818762338225444,0.34280043511078984,0.35625337312761945,0.34957818563401655,0.3208126956109132,0.33263161561152293
TAAGAGACAAACTGTC-1-SMMh-3.138P,0.35283819353643303,0.26596704003810184,0.16907673217096525,0.3497132775443001,0.3992356054324374,0.30900995855208424,0.3247581696735296,0.330453005248419,0.30676694339251465,0.33162477725239164
GCAAACTCACAAGACG-1-SMMh-3.138P,0.3550018251247714,0.27186119084349736,0.17923445985498604,0.35320484307652117,0.4037603295443681,0.30764220941254944,0.32649467478301564,0.3316686585124852,0.3040504387093864,0.3450951619429514
CCTTTCTTCACCGTAA-1-SMMh-6.138P,0.37190363586544695,0.2750742080654599,0.30146586659667984,0.3475759727976791,0.393610603155546,0.3129201348332593,0.3467562923851818,0.32829823984143075,0.31479060054482577,0.3521511042809984
CGACTTCTCTTGTACT-1-SMMh-4.138P,0.33564843754283535,0.28647231799113276,0.20146642544870985,0.37007150727046384,0.3941589048812416,0.32475214644860456,0.337751527135236,0.3394644162831875,0.3041582202374624,0.31261499400315074
GCCTCTAGTGAGGCTA-1-SMMh-4.138P,0.33167381739304536,0.282770925740906,0.1467189479718349,0.35648210727043417,0.3835247929203428,0.3127698605741754,0.3227319178868958,0.34023919752550624,0.3066728195469418,0.3096434728608957
TGGACGCCAGACTCGC-1-SMMl-2.138P,0.35318651990127015,0.2569306993621179,0.14331057498021516,0.35060306657657453,0.38453405286185893,0.3107197497900968,0.29138201737826175,0.3492610636963209,0.34093198520454615,0.3291255091887303
TACGGGCGTCTCCATC-1-SMMh-3.138P,0.3543407307438615,0.26734118262979645,0.16421187129630718,0.3494165725920279,0.395160992878383,0.3095201568862618,0.32476585158923665,0.3300216367826183,0.30804251727628756,0.33180661103770537
CTCACACGTTCGCTAA-1-SMMh-3.138P,0.3536290095173584,0.2691779666596214,0.15018746681648837,0.34667164508621134,0.38942695793442206,0.3093613622679134,0.31746323157024275,0.3372420447762672,0.30759975841852816,0.34411287105766636
AGGGAGTCAATCCAAC-1-SMMh-6.138P,0.362510228382244,0.27223191593880164,0.27623430399193044,0.3487021646540085,0.3933637376134059,0.313532045650411,0.341331598967356,0.324158210611407,0.30887389803776727,0.3404470225881445
GTGTTAGCAAAGCGGT-1-SMMh-3.138P,0.35374045018391587,0.2722890299882529,0.20267582812233034,0.35234880801616153,0.3961250838890143,0.3070578331238892,0.3245870795051791,0.33422489023431023,0.31101605000038296,0.34988169567963784
CACCAGGGTGCAGGTA-1-SMMh-4.138P,0.3406511633983404,0.28745277417498577,0.19504217212256436,0.37178876338474315,0.39429285294537836,0.3267920814568614,0.3401895856561765,0.34361279700487435,0.30535666213196033,0.32404632122180854
CGTCCATGTCATGCCG-1-SMMl-2.138P,0.3506258969147834,0.2609892200605629,0.13935614551390638,0.34408170350587436,0.3861601792472271,0.30806243973225766,0.29233543102499626,0.33875119035358314,0.3161652838585908,0.31207482390516694
GTGCGGTAGCGTAGTG-1-SMMh-5.138P,0.35143090105646,0.2698727469545853,0.1888314457825074,0.36486508421553454,0.39636109620637094,0.34151998311973486,0.35426896092923255,0.3382552569891925,0.31456880109094176,0.3135470117243873
CTCGAGGGTATATGAG-1-SMMh-6.138P,0.3630630802914026,0.2699116259109045,0.2863003306717278,0.3497543999385653,0.3930390401472264,0.31210855543987187,0.3427097164643807,0.3156563466135572,0.3058319447200292,0.3411366314740287
AGTGTCAGTCAACATC-1-SMMl-2.138P,0.34272163957503315,0.26339884836498206,0.16406573543755318,0.35560229178170427,0.3813256634244152,0.3110277286681985,0.2984298893790688,0.35054781167258314,0.3401032913379228,0.31070727309813145
AGGGAGTTCAACCAAC-1-SMMl-2.138P,0.3489201145899447,0.25828566843770906,0.13543587994919087,0.3493520963278887,0.3848668987878049,0.3134646190228493,0.2914262605548737,0.34274193995234153,0.31883827797143416,0.3119259108166346
TTGCGTCAGGAGCGTT-1-SMMh-5.138P,0.3522312982880652,0.29198688130289097,0.20701665350056306,0.3711872989914779,0.3961038406045474,0.3408749392825115,0.3596004553570998,0.3545207937492938,0.32709796586964945,0.3429774003322382
AAGTCTGGTTCAGGCC-1-SMMh-6.138P,0.37397112074643735,0.2698836773224096,0.2893228174167222,0.34668076210080506,0.39739746816623694,0.31409107151092186,0.34673679712805516,0.3312276948953194,0.318662743825139,0.35471808711768066
ACGCAGCTCAGCGACC-1-SMMl-1.138P,0.3300101028026716,0.26506105877160463,0.20077562492214207,0.363171736285908,0.37779994672352535,0.3158528372607307,0.29932161248337524,0.31683492275646663,0.3187757510807251,0.2833293107646164
ATTCTACGTTGAGGTG-1-SMMh-5.138P,0.3556367284023368,0.296931049950484,0.20028649593304368,0.36950341193464287,0.4015207010903158,0.3392895760938214,0.36425414884872986,0.35649490541207307,0.31926097699475275,0.33949945160056105
TGCACCTCAGCCAATT-1-SMMh-4.138P,0.34383296189574053,0.27636751034146373,0.15462030538799565,0.3648648841222184,0.39133896894425446,0.3181782738441852,0.33226560005966466,0.34106382129086354,0.30565344180989285,0.3188332817591057
GACGTGCTCGGCTACG-1-SMMh-3.138P,0.3615096714422376,0.28533111972228853,0.16620484383336923,0.34561710855885874,0.3787316174317351,0.31556053492778274,0.3173768115308034,0.34249263731347923,0.3062447020473518,0.33908277163523665
CTGTTTAGTAATCACC-1-SMMh-4.138P,0.33989608549019745,0.28536428085137167,0.18471383099783517,0.3698062148175591,0.39312208336581256,0.3234552166210272,0.3399016966118252,0.34223233511378043,0.30503759926836743,0.323931400183506
CCCTCCTCAACGCACC-1-SMMh-3.138P,0.35195939743509436,0.27401031540906234,0.19834216470458302,0.353711026046921,0.4057352638471581,0.3059370242067839,0.3288045028747217,0.33049519780608255,0.3050071000567747,0.3428949059023354
CGCTATCTCTCTTGAT-1-SMMl-2.138P,0.33826448538384984,0.2545842091663827,0.16454850477107377,0.3432297937409876,0.3850202273859835,0.3085480684919397,0.28958006147337406,0.33222392879044643,0.31255399622137475,0.30974650174911883
AGGTCATAGCTGCGAA-1-SMMh-4.138P,0.34173759693140526,0.28431071088442633,0.19549930111706176,0.3713060861413809,0.3972120149701868,0.3275081665045352,0.3400713001233503,0.3447466222069166,0.30956777416682796,0.3256703051125106
AGCATACCAATGGACG-1-SMMh-5.138P,0.34705254867938395,0.27008499401587455,0.21557141542739622,0.36160121228670244,0.38539036626173945,0.3439353290930948,0.3369669262198776,0.3408172546333518,0.32659655711920915,0.31375146682758287
CGTGTCTTCGCTAGCG-1-SMMh-8.138P,0.3455909012238257,0.255237006275143,0.26414179736289917,0.3681237963423253,0.38578637302418817,0.32257639881017547,0.3414924466310096,0.2917712039561542,0.2910771858591514,0.2976680696398988
ATGCGATGTCTCAACA-1-SMMh-4.138P,0.33336881013603414,0.277539134664213,0.16982368316315896,0.3617560147490638,0.3880724676730524,0.3122575727312634,0.34245229797937327,0.33226672873158214,0.30190265490155216,0.3118576398118118
ACGGCCATCAAACCGT-1-SMMh-4.138P,0.3442727551036422,0.27912853234701246,0.14764559692812154,0.3670699165611432,0.38665893222925135,0.317152527346792,0.3315127670383779,0.3439354117668018,0.31123445001969147,0.31847830886077716
TACTCATGTGTCGCTG-1-SMMh-4.138P,0.3413175930719331,0.2783335135504269,0.1784405584235095,0.3649856252969176,0.3951742820994634,0.3212199988956774,0.3337995587107044,0.34046870720481687,0.30534228167589245,0.3198875835950791
GATTCAGAGGGAGTAA-1-SMMh-3.138P,0.3522457207450312,0.27252222461470155,0.19310219671446366,0.35023469870696916,0.39591382786441726,0.30557652241041866,0.32262493390690206,0.3343621562993128,0.3082583556627591,0.3513632070432106
AGGTCCGCAATGGAGC-1-SMMl-2.138P,0.33834240660924897,0.25176631377375963,0.15023780941094617,0.3458868464708415,0.3863478796635123,0.31074632818137227,0.2892346952157262,0.3357269848645621,0.3197714799324676,0.30636268553948376
AGGCCGTCACCAGGCT-1-SMMh-3.138P,0.3461301419671017,0.2694976348747944,0.1679533033743844,0.35025074905920944,0.40040121173306936,0.30845157677206986,0.3299294160773423,0.32956176242121377,0.29876080904556307,0.33294320669097455
AAGTCTGCATACAGCT-1-SMMh-4.138P,0.3469110581002633,0.28108586634407917,0.1685306844449794,0.36543211304832207,0.3922406823005795,0.3177013479982953,0.33633497184779704,0.3370654318594038,0.30597003849607,0.3163006423078075
CTTAACTGTTTAAGCC-1-SMMh-4.138P,0.3367848783541747,0.2828659833371771,0.17825996115663098,0.37091559315258005,0.38809013806900344,0.31943457577656437,0.3372157297865211,0.3347339354126091,0.3038495903743838,0.3105991090258036
CGTGAGCCAGATCCAT-1-SMMl-2.138P,0.3509055390530758,0.25612013485310187,0.1415159398556388,0.34904466362764003,0.38385148708595096,0.3111432165656981,0.29788136532225007,0.34909678446336656,0.3383347794127511,0.31812293022934
GTATTCTTCGCGTAGC-1-SMMh-5.138P,0.3392176398073823,0.2807676542159083,0.17941766474176404,0.3662097703185124,0.38424820167949136,0.3382072834912104,0.33817673239245116,0.33899246222357543,0.32044126985587695,0.32254178964886626
AGCTCTCAGAACAATC-1-SMMh-3.138P,0.3502559565756764,0.27635720887824955,0.16669856986320827,0.34860649570513147,0.3858473059716913,0.3189028521048827,0.3186677927816317,0.3353286577064965,0.3080175536239142,0.3302317633162357
AGCGTCGCAATGAATG-1-SMMh-10.138P,0.37352337789196005,0.26861845020723074,0.2599779561533789,0.367012398806457,0.4140208389217575,0.3276154116289419,0.34487321052406017,0.3232895942358298,0.32379125421370897,0.3013748594813329
GATGAGGCAGATGAGC-1-SMMh-3.138P,0.3512869376821336,0.2628661006761218,0.18033296866068152,0.34966907642873757,0.3950288751894611,0.3103964605315143,0.32246829729275195,0.3297699717306422,0.2987326527806525,0.3351192799948587
GGGATGAAGCGTCTAT-1-SMMh-4.138P,0.34024366334192996,0.27362664423803906,0.1481377628491563,0.3692564987875008,0.39209710903001505,0.3220070323969032,0.3422963069266721,0.33904963283647827,0.30457869402406174,0.3180097566455585
TCTGAGACATACGCTA-1-SMMl-2.138P,0.38841416177429816,0.27976523776895534,0.22360757666673708,0.3616408409903435,0.4014514877995305,0.30666337436184665,0.3510265974336209,0.3767465897533138,0.37355893201842577,0.3764242693267768
GACTGCGCAGCTCGAC-1-SMMl-2.138P,0.33375976431869725,0.24957716331782592,0.16542072390352758,0.34575049935747304,0.3878176802074592,0.30672879125448554,0.29599466162560306,0.32704466138558996,0.30530856578336907,0.2965197723414935
TGCCCATCAGAGTGTG-1-SMMl-2.138P,0.34353992354721946,0.25284584022741974,0.14918221650464797,0.3457818555209084,0.38657457452167593,0.31393095006199234,0.28680211127163546,0.3342722612756628,0.31682474350119044,0.3069846488518444
GAAATGACAAATACAG-1-SMMh-4.138P,0.3387988113266777,0.2817897213672201,0.1954257180356065,0.36925960752047515,0.3949472612016222,0.3204086443968127,0.33735214888108095,0.3385414336472169,0.30530544849398084,0.3165470314864195
CCTACCAAGTTGAGTA-1-SMMh-4.138P,0.340410462401771,0.2761396685366033,0.1624059252216782,0.3659450772119577,0.39030106484386956,0.3216859355011775,0.33147142557850634,0.3403062880554096,0.31249224790445246,0.32745658041943465
CACAGTAAGCTTCGCG-1-SMMl-2.138P,0.34527793447909666,0.25288155952238117,0.15764432961619404,0.34793731673450934,0.38637797028512966,0.31628768999032314,0.2870470889211786,0.3389113728605345,0.32360664867360694,0.30841199658530966
TTTGCGCTCCGAATGT-1-SMMh-4.138P,0.3404093144307476,0.27455130784992854,0.1437894492113242,0.3683925994752377,0.3918775658908267,0.3217978609805906,0.34179932156172527,0.3391888131305492,0.306678859303565,0.31961037406824166
AAGTCTGGTCAGTGGA-1-SMMl-2.138P,0.3422977236035826,0.2569121461060212,0.1549468839516843,0.3517929269313378,0.3842460378583133,0.3137698710614694,0.2853505937004988,0.3433885714267868,0.32806024541016787,0.30783038081084
TCAGGATAGCTGTCTA-1-SMMl-2.138P,0.35198251593478275,0.25790831492896227,0.15095528771225517,0.3438814251167201,0.3859089863423356,0.30627896629417106,0.2945928240197993,0.33710761388565025,0.3177220683372316,0.31022918639065844
GCTTCCAGTGCAGACA-1-SMMl-2.138P,0.3428384620441237,0.25455683414763436,0.16123668091259577,0.34401965741367374,0.384742707678907,0.31149650005422524,0.2850909247159592,0.33249898717956544,0.31532022704806945,0.30717351818547345
CAAGATCCAGCTATTG-1-SMMl-2.138P,0.3382041188472996,0.2588125743567752,0.14559218552383033,0.34604472698489697,0.38691385568320136,0.30965336648137126,0.2960114834132419,0.3346075593829601,0.3111362107485659,0.3055066583339819
AAACGGGCAGTAAGAT-1-SMMh-5.138P,0.35145026110148075,0.2939641667959139,0.18260305450016442,0.37025490731942345,0.40158114991123595,0.34438099343368495,0.3596085734935555,0.3505267988670356,0.31763270522733705,0.33542024404092674
CCGTTCACAGCGAACA-1-SMMh-3.138P,0.3529317796202461,0.2680913209871969,0.19344037380912493,0.34985859294159893,0.3999566939432888,0.3096209391587914,0.3279396466712242,0.3311614471865751,0.30343840197134975,0.34443270220342737
TAAGTGCAGGACAGAA-1-SMMh-10.138P,0.38338862748052804,0.29593587736698196,0.2949600772645329,0.3491772001022282,0.38589084042683897,0.35645288633293554,0.3098989700117033,0.3413404626075637,0.34946687528265125,0.3256384869497021
CAACTAGTCGGAATCT-1-SMMl-2.138P,0.3446794574602134,0.25768426973283515,0.14853099855593344,0.3501399365324978,0.3824381592696791,0.31344723457043683,0.2844801157174607,0.34377570636610555,0.3213803103176637,0.31289463422337627
TCATTACCACGGTGTC-1-SMMh-5.138P,0.3517886823116187,0.28079607971290876,0.17845245321309938,0.3667388182224312,0.38681804516903834,0.3397853672102094,0.34371850029642215,0.34771746269522835,0.3269511502142109,0.3350190902637276
TCACGAACAATTGCTG-1-SMMl-2.138P,0.34113347854631887,0.25101224417577,0.13462418613186575,0.3451560311635701,0.3833982818452875,0.3077178361528251,0.29180679906265206,0.33548811346619806,0.31097407013536055,0.29836912732491616
AGGCCGTAGTACATGA-1-SMMh-4.138P,0.33513861762083036,0.27466525779510165,0.14619263811144378,0.3594801616920089,0.3864752992610482,0.31050873249029437,0.33743007781770534,0.3315908608774851,0.30151121051186774,0.3096081072095371
CTACATTGTTCCAACA-1-MM-8.138P,0.42809296927020846,0.31719431200426523,0.3022075226033176,0.37753124964662693,0.41295583008012643,0.3619876891527681,0.3921992563481795,0.41455046978016186,0.4154042827404603,0.4015875512336598
GCAGCCAGTAGCTGCC-1-MM-2.138P,0.3274685305009104,0.2931969803287826,0.23118114957434738,0.3988536174952126,0.36379834226869256,0.3791870465374776,0.29820004288373114,0.33414436443108075,0.3323232515285615,0.3211228685565057
CCAATCCAGTCATGCT-1-MM-2.138P,0.33458002705011775,0.2938255904527019,0.19479110379638195,0.40003752727291564,0.3610844764749278,0.37290511040488417,0.2995231327964851,0.3405453881542456,0.3285841078995022,0.32604009042690835
TAAGTGCTCCAAAGTC-1-MM-2.138P,0.33346160136839875,0.2861515289742379,0.20442318055408887,0.39627489771611096,0.3606392943718775,0.3717193102422601,0.2985502620645373,0.3333826972255239,0.3289762794079408,0.3338892610875986
CTTAACTAGCCCTAAT-1-MM-2.138P,0.330779505700413,0.2901543352731158,0.2208595476672633,0.4009948559034746,0.36040772603488963,0.37411567735204054,0.29781704114128177,0.3383827330341398,0.3318966474458948,0.3303407367877513
GCGCAACAGGCAGGTT-1-MM-2.138P,0.33414840584711325,0.290832947502579,0.1870861103888884,0.4052366680366832,0.3628232948346295,0.38429485324124046,0.303626968705538,0.3430199036470967,0.3353081249916257,0.3265081229803721
CCTTTCTCAGGTCTCG-1-MM-5.138P,0.3467024992059808,0.27759228443919737,0.17634962124833764,0.3371748275646802,0.37870384981089594,0.3067706759313381,0.29643919910705,0.3437645985744818,0.3023461199429876,0.3153352198847926
GAGGTGAAGAGATGAG-1-MM-1.138P,0.32883433895638625,0.2933594103681203,0.14263886912171195,0.37977299750266563,0.3851305915247082,0.34903792370328734,0.31281864322214853,0.34951677242568796,0.31785633792491774,0.32450238534883113
TGAGAGGCAAGAAAGG-1-MM-1.138P,0.3303570735028202,0.2943765891955144,0.13570823814003435,0.3776913901195329,0.38787196900822596,0.34389369955390464,0.3132008029402611,0.3361085871714563,0.3056736000384632,0.3138997453757271
CATGGCGCATGCTGGC-1-MM-6.138P,0.35196600212080226,0.2808632830744246,0.1816897107875021,0.3541378744879907,0.375130082120361,0.3531271131089383,0.29780754042225954,0.32284581702896,0.29999184911453697,0.2971339451294357
GATGAAAGTCGATTGT-1-MM-1.138P,0.3457982284075509,0.28900921444475397,0.1361059608486723,0.3850374713500472,0.38992769342945865,0.3495373969026469,0.329067969298863,0.3612938633110396,0.31748414816122494,0.33330667093518973
ATGTGTGCAGGATCGA-1-MM-2.138P,0.3293995564986587,0.2858344467565751,0.21161212621228664,0.40220400181596333,0.36236849399457993,0.38063592597185514,0.2999451263981264,0.33271473952573555,0.33010960731793637,0.3288645577630517
GATCTAGAGCCGGTAA-1-MM-1.138P,0.330428591314952,0.2917962721574019,0.17593919685729661,0.37693450547663604,0.39236285066217297,0.34686398355360537,0.3190195234880155,0.3455778657956951,0.2992005318782199,0.32371301087536297
TCTTCGGGTATTCGTG-1-MM-2.138P,0.3290318206363721,0.29191826673762056,0.20717854878653572,0.4000305041604877,0.3619952495170979,0.37764631512000557,0.29980271529895913,0.33786858371296546,0.32966525415410175,0.32986889376296924
GTATCTTCACCTCGGA-1-MM-1.138P,0.3225627640149037,0.2873775981542509,0.19930197930403065,0.3774302180848608,0.39159612439698643,0.34858894977380034,0.3151993197074956,0.3297765511097728,0.2998056466877379,0.3033002907003433
GCAAACTAGTATCGAA-1-MM-2.138P,0.3280527677390639,0.2908618499748871,0.2199289247857931,0.4000709158258806,0.36415842726983133,0.37971160426393874,0.2982630040922648,0.3360384373056375,0.32777456537402694,0.3259816783820882
GTAGGCCAGCAGACTG-1-MM-1.138P,0.3349787717661192,0.2922752285778362,0.18665889820172607,0.37821007317548677,0.3966409024660536,0.35040343235081195,0.3267127756376301,0.35157644743106287,0.3026021339670889,0.32846873776868935
GTTACAGGTAAGAGAG-1-MM-3.138P,0.3397719358458063,0.2539633952515424,0.20049037466737213,0.36074656965586976,0.3770925183859038,0.32526228568141174,0.35359903782949553,0.3305338180271972,0.323718649759783,0.33586920692687083
GCTGCTTTCTGATACG-1-MM-2.138P,0.3325601490196757,0.29150195656167777,0.21498853340992446,0.3993161406715532,0.36102609422317994,0.37154040429602153,0.29712746344067115,0.3397324432513116,0.3275159728888493,0.3257137481055565
GAACGGAAGTTCGATC-1-MM-1.138P,0.33749121641084734,0.2899929169292001,0.11602398462689904,0.36527873882375045,0.38056043551722724,0.33213931160294896,0.2970691074587985,0.34769111009280246,0.2983887468520526,0.33032873409577085
ACCCACTAGAGCTATA-1-MM-5.138P,0.3412789584462076,0.28904865168046195,0.1682723732935892,0.3433264110619868,0.3742015449105323,0.3201840967843117,0.2880008440617852,0.3489454620064121,0.306796384588844,0.32381744904216353
AGGGTGATCCTGTACC-1-MM-1.138P,0.4104158589570519,0.32524475048933227,0.25815454362993845,0.386781662024284,0.41782440413935606,0.3334956855164226,0.3893083777163795,0.4078157540400476,0.3664192815675084,0.42424812792425204
GTACGTATCCGTTGTC-1-MM-2.138P,0.3303760244636071,0.2882432538889899,0.21301606576931412,0.399126868873283,0.36224066336494687,0.3773594521185302,0.2988524054412097,0.33667243620780973,0.3296208487496497,0.329521056776688
CACCACTTCTAAGCCA-1-MM-2.138P,0.32970084024218843,0.29053149432780534,0.20779452895730866,0.39963543292451176,0.3617381466276674,0.37745164508233725,0.2983469566053896,0.33468712708325743,0.33256413128063705,0.32837938969076363
AACTGGTTCCGTAGTA-1-MM-2.138P,0.328588219067928,0.28519139647044467,0.21730788797671238,0.4031266378319586,0.3622175298842251,0.38044311532372904,0.3030899732982521,0.3367398367099777,0.33074333766114156,0.3277704295540643
CTGTGCTAGCCAGTAG-1-MM-2.138P,0.32631479801987046,0.2922138169036853,0.21870814738437222,0.40203032609721534,0.3611817785371929,0.37800886485715907,0.30031182418511226,0.33550541644329396,0.33532970094910947,0.3324020742376525
GAAATGATCCTAGAAC-1-MM-5.138P,0.3403240655883517,0.28736716600898415,0.15124246098282704,0.3552402576203334,0.367734565867044,0.31969346043183333,0.2804606079425751,0.3513165450473752,0.31212410683523445,0.3240650108738831
AACCGCGAGGACATTA-1-MM-5.138P,0.36233735788286303,0.28268515830276036,0.12478027277526384,0.34467141828203923,0.3842650708951385,0.3062994780099066,0.31195646786884496,0.3692338830249321,0.3370083299221375,0.3530881109578822
TGTATTCGTCCGACGT-1-MM-1.138P,0.33283448688811335,0.2900195409803031,0.14540994150355982,0.37234459048075663,0.3843810964485948,0.33879826182964906,0.31261831193927986,0.3418692677289398,0.29886446289473184,0.3198057534545347
TACCTTAGTCCGTTAA-1-MM-2.138P,0.33030617679090796,0.2902395200748399,0.2092943445221011,0.40087885366023124,0.3624248860360699,0.381328151315708,0.29851429127320495,0.3361526263457434,0.3306978519338347,0.3294159199831081
CAACCAACAGCTGCAC-1-MM-5.138P,0.3535684571095471,0.2723545614087776,0.14562698548443687,0.34502585097448374,0.3757052105147257,0.3063609799132955,0.29314374148697886,0.3625666338151952,0.3238994954382695,0.3383077066530611
TCGGGACGTATATGGA-1-MM-8.138P,0.3744688699087078,0.27508276840983725,0.24343214061069673,0.37380241008155285,0.3875374168785663,0.35016628480350503,0.3377949960982128,0.3621056092777827,0.37259331832587067,0.33010390499528935
TCTCATAAGAGTAATC-1-MM-5.138P,0.32778269199980725,0.26861162984015685,0.17947757876879197,0.3481177616383464,0.3762152654807765,0.3150297203676431,0.28636293040692834,0.3247140417481715,0.29227161616755687,0.30370341530117956
ATAGACCGTCTAGCCG-1-MM-6.138P,0.35450067562947796,0.2936098949681242,0.1800032239218926,0.3533701787933368,0.3761341514964515,0.35361288806651736,0.2943988585820891,0.328715040599076,0.3043826957119548,0.30492972484825476
TGAGGGAGTACCCAAT-1-MM-1.138P,0.3605700929714759,0.2894696387517692,0.2333137883256149,0.36901730719937503,0.40465869003332566,0.3271398276756887,0.35618343533719377,0.3784127571265024,0.33782755264531106,0.3691668918011387
CCTTCGACAATGAATG-1-MM-6.138P,0.34658980912396303,0.26407152041586274,0.19818518795214343,0.3437465842849976,0.384222344156124,0.33440704243225117,0.2994510972435803,0.3263109199526453,0.2940331859144804,0.29816185211799867
TTTGGTTCATGCAACT-1-MM-8.138P,0.3676370210932361,0.27160116792812283,0.2222892146871349,0.3730125023275407,0.3814916335770191,0.34113613266935033,0.31690582854651805,0.3520188784956767,0.3602893996537844,0.3161721160345714
ACTGAACGTGTGGTTT-1-MM-2.138P,0.3285395274479311,0.28919893310894196,0.2160723055096221,0.3998883422982525,0.36269922151665746,0.3772664060259263,0.29969718507173543,0.33684998164909025,0.32894593212296785,0.3279810765197538
TAGGCATAGTTAACGA-1-MM-2.138P,0.3295124037033186,0.29125782787098686,0.2150061824354718,0.398769875544852,0.3628882444261123,0.37848174508328236,0.29633833168294454,0.33700253164314115,0.32889417416789574,0.327539219540194
GTACTTTAGGTGATTA-1-MM-1.138P,0.33833411499954724,0.2929611701813965,0.14475276005904017,0.3856603589410397,0.38804934803011365,0.35153562372364194,0.3225776097327737,0.354207689286076,0.3188066263494461,0.332306290288908
GAACATCCACGAAGCA-1-MM-1.138P,0.33500789661822267,0.293989086450752,0.18947265682096687,0.3718645384029608,0.3882832611470428,0.34343118029122777,0.3105297279565464,0.3464658893823299,0.302696723357858,0.3183385516105999
CAGCGACTCCTAGGGC-1-MM-2.138P,0.3286534053982999,0.2904397181124916,0.2203827661991102,0.4001317932053075,0.36267798965544046,0.37750983781009206,0.2988065562042835,0.3365714153779163,0.32948136965788705,0.32877062902871995
CGGTTAATCGAACGGA-1-MM-5.138P,0.333035554542409,0.2797510499222113,0.19838007857494605,0.3532933671824652,0.36837367003343785,0.32052582264476476,0.27895776993042154,0.3367310247930662,0.3027407847723835,0.3141152479268007
GAAACTCTCAGTCAGT-1-MM-1.138P,0.3308018419767608,0.2933633482167582,0.2662507293195745,0.3803868841445217,0.4081732013805834,0.3514441912630153,0.3278772735354377,0.3443809027298958,0.30134270324986123,0.3087121304673465
CGGACTGTCTGCGGCA-1-MM-1.138P,0.32035830823389216,0.2952256019456118,0.16792084686492076,0.3750669145352672,0.3937356160275322,0.3443742714093874,0.3109399465919898,0.346445538920613,0.3043327442149905,0.3076631290324174
AGGCCACCACCGGAAA-1-MM-6.138P,0.3543063407815669,0.2684672145843631,0.18252549864451173,0.34946516875491984,0.3764206753253305,0.33667240602416876,0.2965707681691183,0.3277727122761507,0.29464481173372614,0.28993478848615195
ACTTGTTGTCCGTGAC-1-MM-2.138P,0.33007305576553575,0.28856324029240205,0.2082550548725851,0.3995509305675722,0.3621313477013676,0.37656479157629946,0.29837497186810524,0.3363767508253793,0.3307195982167003,0.32720695341893025
CATGGCGGTCTTGCGG-1-MM-2.138P,0.32953235731940456,0.29044363310920235,0.2029461471855704,0.40086142509918893,0.36299097057935154,0.3809397795601878,0.2995422782153756,0.33498379772402725,0.32749688057069964,0.32564626562628385
CGGCTAGTCCCAGGTG-1-MM-1.138P,0.34148419501115185,0.295196370465047,0.21039435079286042,0.3780230958520287,0.39940177349946243,0.3511955140399174,0.33182042720629584,0.3541222163668049,0.29747738663629764,0.3300368472938548
GCACTCTAGCTAACAA-1-MM-5.138P,0.3427903278407019,0.2920379883596291,0.17619000228567128,0.3565215469103461,0.3698038504988005,0.31488504350686214,0.28825158767459647,0.36693204494013465,0.33008332520387224,0.338088620639703
CGACCTTTCTGCCAGG-1-MM-1.138P,0.32809320935475383,0.29259234793178934,0.1786334915047505,0.3730807381767584,0.3955063799968979,0.3404164959985959,0.3135338445251934,0.3528216101772736,0.3091863566114066,0.31897033926903284
GTGTTAGGTATCTGCA-1-MM-5.138P,0.33353431220795715,0.2716569302471916,0.18415846305504857,0.354979022937796,0.3705129285833027,0.31517578285748526,0.2850880781013029,0.33395245276735164,0.3025478141910463,0.319798156053608
CTGCCTAAGGCAATTA-1-MM-2.138P,0.32891394582472544,0.28934475035546064,0.21609194276642368,0.3982478160778992,0.3632000707540028,0.3771026369121992,0.2983277121429444,0.3354734203375672,0.32789304176551354,0.32925440720197485
TGAAAGATCAGGATCT-1-MM-8.138P,0.3967543561353617,0.29447191598453215,0.302842717935385,0.37765657282356146,0.40203297041100927,0.35281713764325795,0.36839652351783875,0.3875717992895066,0.38662874282605286,0.3591153311167933
TACGGATCAAGAGTCG-1-MM-2.138P,0.3317142279743509,0.290099728036185,0.2047280659535109,0.4009073052888824,0.36276519727150414,0.3798184229631743,0.29824744315438945,0.3350852143499442,0.3302843086160329,0.3297080365942967
ACTTGTTAGCCATCGC-1-MM-2.138P,0.3285762647153184,0.291699521445177,0.2172652916980848,0.39966223216923347,0.3630790660834533,0.37772099671024323,0.2989395585601213,0.33708217627836545,0.32897226556871456,0.3278671169715806
TGCGCAGAGATCGGGT-1-MM-6.138P,0.35543513834801177,0.28010168236997285,0.188324247312212,0.34556759894508504,0.3725314023381827,0.3420566298323446,0.29080372728127735,0.3328260910401916,0.3059337419418851,0.302637367938038
CGAACATCACCTCGTT-1-MM-6.138P,0.3573184873026762,0.2875871522033032,0.1880465926888944,0.3541169775746764,0.3754706603641389,0.3536058930540317,0.2948480808856837,0.3306955638278589,0.30792335409709803,0.3067376981900131
CTTACCGCAGTTTACG-1-MM-2.138P,0.32515660007816455,0.2928855167219193,0.21763701956866655,0.4002395897380555,0.3641837547048504,0.37992629409149264,0.297560284035906,0.33603962559511213,0.3287615400895531,0.32875565582868604
TATTACCGTCTTTCAT-1-MM-1.138P,0.3323251187680131,0.287159317785057,0.15151326755679317,0.37026265312352136,0.3842432575315063,0.3402151873959794,0.3131423948296361,0.34341609492657316,0.303144827881894,0.3219834659375239
GTATCTTGTCTCCATC-1-MM-2.138P,0.3308657800418962,0.28960340892635505,0.21630195087701387,0.3999586599304865,0.36221381118377066,0.3756807737062866,0.29883964899428367,0.33838635122180966,0.3326002061621059,0.32853151393637303
CGATCGGAGCTAACTC-1-MM-2.138P,0.3296619297924628,0.28763974677219706,0.22173190136014428,0.39976662992455697,0.3631121517414325,0.3747719800752314,0.2995353772625371,0.33615525989759376,0.3298673882244036,0.328447242427207
CGTGTAATCTGCAAGT-1-MM-2.138P,0.3292786692027587,0.29070530652157145,0.21540076625339927,0.4043653630958948,0.36152070587368756,0.3836461228937166,0.3015427647937391,0.33599678348069023,0.33492636161557193,0.3304991531560552
CTCGTACGTTAAAGAC-1-MM-6.138P,0.351847913561873,0.2745549081035835,0.18990855387567301,0.34601890171274086,0.3728936013499829,0.3384983479992087,0.28979568893177016,0.3289389233205284,0.30066036524874085,0.29991525859953816
GGACAGAGTCGCGAAA-1-MM-6.138P,0.3520803161865214,0.27519957433726744,0.18890866199642703,0.344797973716464,0.37411993458149645,0.33763902876549834,0.28951904471784895,0.3308852290663098,0.30355364245217503,0.2992979446135597
ATCTGCCAGTTCCACA-1-MM-1.138P,0.33116071567190764,0.2901730472652646,0.13786493332883948,0.3746116402023373,0.3849763579145477,0.34020318781125325,0.3118448793442413,0.3454169227733575,0.30273884675621765,0.32040867484186397
CGATTGAGTAGGAGTC-1-MM-3.138P,0.3361558305578118,0.2581948237853483,0.23829094108613036,0.35774068453274316,0.3782811084056819,0.3258769770125698,0.3448442399686433,0.32056396757784994,0.316876194460981,0.3288834347815815
ACATCAGAGAGTAATC-1-MM-5.138P,0.3379366414673187,0.2900686017669665,0.18461714987856642,0.3446895221706853,0.37471319656715,0.32284642362888516,0.2866364091979455,0.3480329835944997,0.30937104318230574,0.32365052224446744
TATCAGGCACAGAGGT-1-MM-2.138P,0.32823867112819843,0.289673548260096,0.219152763289284,0.4012188857371276,0.36169550138120504,0.37824587158672146,0.2993258994591312,0.3348599746868847,0.3307186145452543,0.32509424593367164
GAGGTGAGTTCACGGC-1-MM-3.138P,0.3402433208509796,0.2575362022961135,0.23739594921303542,0.3582402954929053,0.37913913001916366,0.3272113272459008,0.3488999494977341,0.32584517551131115,0.3174204272744912,0.3324490909882459
CGTTCTGTCTACCAGA-1-MM-1.138P,0.3303924830828298,0.2931668977216422,0.1686397266734847,0.38274181327770973,0.38351077837909303,0.3485094009568584,0.31592013055412144,0.3434896829654305,0.3113197111510161,0.3158316214158781
CTTAACTCATGATCCA-1-MM-3.138P,0.3401918971136675,0.2544986431649311,0.21507841059867658,0.3583878284598721,0.3777504981981529,0.32409876231785095,0.3516799415285049,0.3276161319499309,0.32150870650698654,0.33201481039452446
AATCGGTTCCAGTAGT-1-MM-2.138P,0.3266802166705104,0.2914834738191306,0.22590030140628797,0.40142985498485995,0.3633586045518079,0.37803539470804354,0.3000733976091429,0.3372317624238547,0.3296909018605841,0.3284255246622194
TGACGGCTCTGCTGCT-1-MM-2.138P,0.3297863925576532,0.2886279955655465,0.21191932049299025,0.4008953565518114,0.36321987031157854,0.37416089849700535,0.29951292015805225,0.33685457518879625,0.3283281251985233,0.32264324373509307
TTCCCAGAGTAACCCT-1-MM-2.138P,0.331162552941757,0.28826289571959485,0.21033165276774382,0.39950105392374097,0.36239997134855684,0.3787453384216989,0.29892771364635473,0.33466949647068056,0.3298900590075997,0.3307963846172685
GTACTCCAGGGTTTCT-1-MM-6.138P,0.34813204902680217,0.2657923578786532,0.19037332374315355,0.34371357577471034,0.3801682245481346,0.33140704917913605,0.29847638748912547,0.32507882463616466,0.3005026258703599,0.30035691220564686
GTTTCTAGTGACCAAG-1-MM-1.138P,0.32984681068349553,0.2982188604959658,0.24082861078914056,0.3738474112833899,0.392675718556054,0.34962706245443204,0.3151388056448286,0.34910375619054634,0.3073792110658974,0.31960315446339954
CAGCTGGCATGCAATC-1-MM-3.138P,0.3428509774944546,0.2580982395567836,0.253391353284495,0.3574740249422788,0.37961843088566494,0.32575816077402187,0.3484590239117593,0.32557865176065787,0.3181730604658838,0.33327814978248665
ATAACGCCATGACATC-1-MM-2.138P,0.3301328631456752,0.29160251744785953,0.22227383216467317,0.3989331916770972,0.3619293063943681,0.3783155616529346,0.2963073003403282,0.33510518269192535,0.332280128461229,0.3294451296230709
CCGTACTCATCGTCGG-1-MM-1.138P,0.3406745787890921,0.28473291487220376,0.21441392455927402,0.3793302565145384,0.41230719101121427,0.3405493371954029,0.3459188297312259,0.35919075483177787,0.30963930955298835,0.3321150453028584
GTGTGCGGTCTACCTC-1-MM-2.138P,0.32808636411528386,0.29210636700080017,0.22378490906698273,0.40054217875025017,0.36347863094422,0.37561840808625485,0.30014409300383377,0.3385416932540332,0.32722874946815006,0.3280047007606802
TACGGATCAATGACCT-1-MM-2.138P,0.3288207185519043,0.28971253255107016,0.2327982171367943,0.39646136378354413,0.3617240451494591,0.37600230083994457,0.29849547230893797,0.33474286073822923,0.32890375625557183,0.32793242887133617
CCTAGCTCAAGAGTCG-1-MM-5.138P,0.3427708090997534,0.2776459213047598,0.16623909128677195,0.336901119002755,0.379094486119882,0.30606800194783984,0.2944034739091758,0.3416055865316918,0.3027675231959901,0.31639373795818254
ATTTCTGTCAGGATCT-1-MM-5.138P,0.3306397839883804,0.2828512459300015,0.1720643781346791,0.3457440030737878,0.37736605771044596,0.32533473361679216,0.2855635910753312,0.343908664007588,0.3096387728064245,0.3134894812148769
TACTCGCCAGGTCCAC-1-MM-5.138P,0.3415341389166338,0.2799983145327567,0.16566513527094667,0.3391740873453262,0.3764934273661602,0.3092774731451394,0.2919999737362715,0.3433449634902903,0.30279303573598015,0.31569704070423277
AACTCTTCATGGGACA-1-MM-2.138P,0.3279338200181902,0.2887353199248324,0.22373210286997236,0.4004130632594372,0.36169655231205544,0.37831293544803674,0.29794414588688184,0.33504690642615553,0.3262506218869239,0.32959013268505016
CTAGCCTGTCAGTGGA-1-MM-8.138P,0.39948371834647917,0.3018843878616422,0.31564733797653,0.3860806010213599,0.4051939739841096,0.3639363651711465,0.3834146039738949,0.3868321405108376,0.39017262803222547,0.3761372193855536
CTGCGGACACTTCTGC-1-MM-1.138P,0.33028001880246355,0.2954538152158033,0.16012617068830434,0.3813419173659456,0.3866668210401417,0.34983831698430085,0.31629161297251496,0.34745264020089994,0.3086111658816703,0.3223412207194667
AACTGGTTCAACACTG-1-MM-4.138P,0.32166038759811766,0.25556949496282794,0.16052846663618187,0.3718600475675542,0.3896579775481544,0.3381829911593603,0.3443139326520695,0.32833733117922137,0.31410354563096815,0.29928688356103733
CCCTCCTAGCGTGAGT-1-MM-3.138P,0.3350641014949385,0.25120412047910756,0.23489889431600325,0.3594362900296684,0.38058099428696474,0.3269760766089259,0.35249216305810843,0.3159886218212239,0.31417161632362756,0.3252657774199311
CTAGCCTTCTTTAGGG-1-MM-2.138P,0.3304924999692526,0.2900920594084305,0.21917233707340134,0.3995251821482714,0.36176643292591537,0.3772656446222703,0.29811478825242727,0.3372997812046401,0.3329769862171322,0.33015135372663434
ATTATCCGTCATATGC-1-MM-4.138P,0.3197656838051526,0.25213692241189456,0.16008980570649717,0.37305793859252934,0.39074034389863804,0.34004446578851766,0.34855994834688947,0.3267264940379338,0.3098106517880241,0.2968135469458309
CATGCCTAGATGTTAG-1-MM-1.138P,0.32525947827567186,0.2960015263042357,0.16645204941988329,0.3809833003148719,0.38738844064551303,0.3488346360461192,0.3183439541758019,0.3409433823618136,0.3030500401218393,0.31667520822737005
GCGGGTTGTTCAGGCC-1-MM-2.138P,0.32934924102701896,0.28820397158932265,0.22022164779710532,0.3984821243133537,0.36287250974557433,0.3769476993368231,0.29819093736861335,0.3337669181191955,0.32686467748278286,0.328196164109165
GATGAGGCAGCCAATT-1-MM-5.138P,0.33120388884412394,0.27194411351566755,0.17147854780218438,0.3427223032386432,0.3801700240756097,0.31163045505389586,0.2920171665105035,0.3390840704811731,0.3051442025774188,0.307852772207961
TCAATCTGTAATAGCA-1-MM-2.138P,0.33163056369071475,0.28728835684148796,0.22319404160753345,0.4025241080569417,0.361025769118764,0.37969531542772855,0.2997283214666593,0.3372155683911273,0.33259011686959117,0.3322131270948249
AGCGTATAGGCACATG-1-MM-1.138P,0.327129052367029,0.2925401967083636,0.2011373690097606,0.37976981217926986,0.39524402922677204,0.35026952801712136,0.32490003861721195,0.34629553257624474,0.3010183432679454,0.32054766098544546
CTACACCAGTGCTGCC-1-MM-2.138P,0.3307203035965921,0.2897527831818527,0.19988572729537837,0.4028316351078887,0.3628262986707723,0.3849553403607036,0.30241951763799974,0.34059624740062067,0.33251584495673686,0.3373936662673064
CGACTTCTCATTGCCC-1-MM-1.138P,0.3283220749088564,0.29702857915518865,0.26609998512887567,0.3825807269992871,0.40797846096847945,0.35559485171921756,0.32910859843310286,0.34492687287236606,0.30014861000138066,0.3043105232677395
GCTTCCAGTAAGTGGC-1-MM-8.138P,0.334523807177059,0.2637648109584506,0.20674431737876262,0.36428914278260677,0.38067257709976926,0.33872355500890344,0.3124513070986623,0.3268241914264176,0.3286685379600698,0.30163189828664694
GCATGATCACTAGTAC-1-MM-2.138P,0.3294734473643111,0.2900735822052064,0.21322764201196223,0.39951512022006963,0.3630245902242939,0.3767715955084084,0.2989123912706003,0.33457182752329284,0.32790326193276914,0.32523449574221996
ACGCCGATCATCTGCC-1-MM-3.138P,0.33503097334534604,0.2501096622584622,0.19047224659857273,0.35603339063564354,0.3828474488423457,0.33157677053448464,0.35043412521157935,0.3139226960491612,0.3142101570750726,0.3288439251326703
GCATACATCCGTACAA-1-MM-8.138P,0.41910619524758846,0.31266695867953936,0.2932490635023102,0.3833409202915973,0.4152742946691511,0.36149921316602196,0.3891957271385587,0.4053572154480845,0.408634670499554,0.39183667208424783
AGGGAGTGTACCAGTT-1-MM-2.138P,0.3270532646739383,0.2900395189261527,0.22503524579313416,0.4008978017727587,0.3622397936793551,0.3744142891002219,0.29929007029004145,0.34021402849326415,0.32724728554199456,0.32887559636004216
ATAAGAGTCCTCCTAG-1-MM-2.138P,0.3300245892708322,0.28928494590056175,0.22844799510718342,0.40121675531205386,0.36238265336972986,0.3815980511081904,0.30020715626432987,0.33555731315036536,0.3276393568923661,0.3302053035468886
TCAGATGAGCTCCCAG-1-MM-1.138P,0.33740381129504327,0.28897193183612957,0.19528363550440261,0.37702163053114573,0.39975493541750384,0.3496874400614987,0.3286293294016739,0.35049480857566906,0.3035025367033497,0.329013891133323
TGACTTTGTAGAGTGC-1-MM-1.138P,0.3268636147549963,0.2926732423704012,0.1449861405750196,0.3767256171299312,0.38371390711112874,0.34146619549706947,0.30561702736065605,0.34157784599267066,0.30133969113472175,0.31163347993520335
AACCGCGCAGCGAACA-1-MM-5.138P,0.36251081198616864,0.2864294611181191,0.12715332756567935,0.34768732068258135,0.39033920735818617,0.2965895693327125,0.3137079884008727,0.37279960149074626,0.3338175730562437,0.35411870939817114
GGGTCTGTCACGAAGG-1-MM-1.138P,0.3340797603439438,0.29127042445050083,0.18142680464925062,0.3776964015648268,0.39025744996632145,0.343447916241346,0.32246624788800443,0.3489978047754055,0.3016873483988552,0.32370248073701113
GCGACCAAGACTAAGT-1-MM-2.138P,0.3287835559836404,0.29071679847563825,0.2196612312375891,0.3999882662513351,0.3629972810046119,0.3786707295963365,0.29922090328668743,0.3356411563425501,0.3283572677879316,0.3278954188552737
CTCGAGGGTCAACATC-1-MM-5.138P,0.33071803775385095,0.2641827773854539,0.19133681118949217,0.34789372775146205,0.37903661865908617,0.3134881381154865,0.2916425518957548,0.3269660895129094,0.2982984332872431,0.31581172788317613
CGTAGGCCAGCTTCGG-1-MM-6.138P,0.35904021271672776,0.28222602550491543,0.19197695372895482,0.34606259855636123,0.3745315165314269,0.33586765873027113,0.29252048274226844,0.33807576828938857,0.30489072130310435,0.3049259052532796
CTGTGCTTCTCTGTCG-1-MM-3.138P,0.3382924064775149,0.25804398631944236,0.21909093501157764,0.35671547431196193,0.3760398981167611,0.324429615773908,0.34147410105835757,0.3152118808127902,0.31435882894583617,0.3247949150477571
GAGTCCGTCATGGTCA-1-MM-2.138P,0.33009987119674083,0.2901693790484612,0.21263511965026796,0.3992553149500835,0.3609397784707133,0.37485103833810707,0.2987936431967946,0.34000384571175235,0.3268761133767391,0.32555315335050594
GGAACTTTCCAAATGC-1-MM-2.138P,0.33156019605847925,0.2881574896954277,0.20784291407300134,0.39922667931040307,0.3627368603332637,0.380683802018281,0.29871484271898985,0.33389335918167296,0.3314457016877497,0.3302537166617033
AGTGTCAGTCGGATCC-1-MM-8.138P,0.3875083632794915,0.29088847356635866,0.2644242115869482,0.3807005657053289,0.4020221776587625,0.35707470125206453,0.3641511603058779,0.3827622442504024,0.38458226018862757,0.3631209852377884
TCCCGATTCATCGATG-1-MM-3.138P,0.3388958352971297,0.25801060704556167,0.24555530459672742,0.361395974101325,0.3783486683186364,0.32791724868454875,0.3483112377496519,0.3244384799824821,0.31858626631403847,0.3315401558284336
CAAGAAACACTTAACG-1-MM-2.138P,0.33215264875613604,0.2896982289599163,0.21151695980291838,0.39880635655196006,0.3622536139497065,0.3782954396980488,0.29767758904802155,0.33724150907975753,0.33001088202166007,0.3290556205062982
ACTGTCCCAAGGACTG-1-MM-3.138P,0.3425585428812169,0.25760489518900076,0.2378948557283426,0.35690865917852255,0.3773488009302182,0.32468067596713196,0.3437891909345187,0.3234527639489319,0.31782259803053636,0.3315312489239984
CTGATAGGTCAGTGGA-1-MM-1.138P,0.3258868779268969,0.29253338572217064,0.17598761651383202,0.3797785950795172,0.39128309553877316,0.3502255773608603,0.32157524018845995,0.34276705097966886,0.30072270451113636,0.3149631202170282
CCCTCCTGTTATCGGT-1-MM-1.138P,0.33885459381513694,0.28637033233286874,0.1380065287196666,0.38398373777281036,0.3869717293484199,0.3502981537375076,0.32316837999956755,0.35529694574469095,0.311347637250547,0.32887049028361737
GGACATTTCGCATGAT-1-MM-2.138P,0.32953248584549577,0.28761221995973146,0.22217486068598863,0.39885646698080157,0.36379713684744425,0.374997313568478,0.2995042391936894,0.33450724082380645,0.3303103023340602,0.33284339808981245
TACAGTGTCACTGGGC-1-MM-5.138P,0.35814506887045017,0.2606553647956354,0.1883091093970155,0.3441120887401636,0.3902022599160306,0.29865667434439586,0.3077904859770256,0.34735025059511176,0.32385466917037337,0.3483596993048954
ACACCCTCAGTCGTGC-1-MM-2.138P,0.3285352759411122,0.2908222003958275,0.21812740521614435,0.3991411936079161,0.3629932059388905,0.37873743660974674,0.29841988828875254,0.33527394914468556,0.32842910575171913,0.32922994229291386
TCAGGATGTCAGAAGC-1-MM-2.138P,0.32910135152196923,0.2906991922353613,0.23219464333455625,0.4020071514978102,0.36268526723578565,0.38454151715423357,0.2998283452196048,0.33394088331317334,0.3306117687171821,0.330456762948942
AAGCCGCTCGAATGCT-1-MM-6.138P,0.35596938878743656,0.2724199129600866,0.17845785739164874,0.3496933374948846,0.376947786959219,0.33605672115585045,0.2986520726263974,0.32823541235802534,0.2991431576012794,0.2980292639686813
CCGGTAGAGGGCACTA-1-MM-1.138P,0.3278473003927669,0.2925823196530764,0.17955149617005733,0.37840251401546665,0.39194294850954553,0.34934646163386557,0.31886725898990503,0.3435299966679079,0.2984499947386676,0.3186353364642598
CATCCACAGTATGACA-1-MM-2.138P,0.32837290527063107,0.29071920531585405,0.22346450773483803,0.40183774828523283,0.36291224183621057,0.38300329519902027,0.3003734518303028,0.335355975127739,0.3308480276766723,0.3276546493979857
ATAAGAGTCGACCAGC-1-MM-5.138P,0.3295363489098906,0.26648239046472894,0.18346852661717142,0.34598468295728235,0.3779636605529796,0.3158850601962286,0.28661113484678113,0.3280091396253644,0.29843476243099226,0.30399431987363396
GCACATAGTCAGTGGA-1-MM-2.138P,0.33026264716432974,0.2885156217295828,0.20727791928340972,0.400212591910962,0.3626253563548683,0.3798369417102322,0.29729177037114757,0.3364588243194369,0.3288187428541004,0.33094770119624606
GAGCAGATCTTCAACT-1-MM-1.138P,0.3273073359006229,0.28205868305590026,0.16562493194468123,0.37099086010396315,0.39106161592333644,0.3405476057632552,0.3127723209435456,0.3395463863409277,0.29758928808057966,0.3120856699236925
TATGCCCAGCACCGTC-1-MM-6.138P,0.3595259382832632,0.2729421551643203,0.18832049388637534,0.347777223757236,0.37705791634253377,0.33572513744496635,0.2955472122192644,0.32946643193122177,0.30047551037752357,0.30126637087765185
CGTCCATCACATTTCT-1-MM-5.138P,0.3323400814937972,0.28275761301000385,0.18649789281661164,0.34823162135305746,0.3756122835498056,0.3276516888838279,0.28721208829540246,0.3417816112900853,0.3098836677541429,0.31323544734850395
CGAGAAGAGACCTTTG-1-MM-6.138P,0.35472256555016035,0.27994835891260755,0.1812527697319267,0.34573963937417046,0.3743201007433237,0.340842552299008,0.292894644380523,0.3326523341515964,0.30165943311869464,0.3006475204771152
GAACCTAAGAATTCCC-1-MM-1.138P,0.3312992087802051,0.29256113231821257,0.15353961778216196,0.37844974880352916,0.3866535266137419,0.3465107054426163,0.3163542158680917,0.3469454090752845,0.304472064475406,0.3211608436177484
GAACATCGTAAATGAC-1-MM-6.138P,0.3876433020614901,0.2660886818561037,0.27447416837832317,0.3523761070258645,0.4087116503755779,0.32703041366802804,0.34292792755542206,0.3305458884294416,0.306229617321036,0.3051480711942982
CTCATTAGTTCGTGAT-1-MM-1.138P,0.34151354852386234,0.2826864428313899,0.1919334340241842,0.37787946595846733,0.4073273282867497,0.34222399509126245,0.3390213799978947,0.355274272526188,0.3039407111438943,0.3311292227883764
CTACGTCCATTGGTAC-1-MM-1.138P,0.3268568357741137,0.28518246366780114,0.1253731628489116,0.3717495373347778,0.38502957074145355,0.33512081090195783,0.30624328961454406,0.3397366606808949,0.3006030027506739,0.3124280005292438
AAAGCAACATCTGGTA-1-MM-1.138P,0.34608965586166257,0.28628704871079685,0.2544066264361276,0.3821901854946538,0.4153047839052788,0.340690745138171,0.35172372715525935,0.36661475842433616,0.31069571153973446,0.3312428967913649
GTGTTAGTCTTCATGT-1-MM-2.138P,0.33278220720135876,0.28897242434292847,0.21380528265123216,0.40219959732669996,0.3609338974987138,0.38201919766428205,0.3014742504417515,0.33829122869816114,0.33245926269592685,0.3365195688793267
GTCGTAACACATCCAA-1-MM-2.138P,0.3317503286704798,0.29106568979416925,0.20746545132263877,0.39954450287995985,0.36282657339918567,0.37921752382377777,0.2996622410048499,0.3377294597722766,0.33039283010069126,0.3289575753383997
CATATGGCAATGTAAG-1-MM-5.138P,0.3304458333586872,0.26668509416734126,0.2005019955650932,0.35052961068708083,0.3766042736019526,0.31771279637766386,0.28645127222633154,0.3206719309835778,0.2996200215470569,0.3171072050182366
CGACTTCCAGCTGCAC-1-MM-1.138P,0.33307579272311505,0.2937543566281583,0.18274496957591288,0.3790480833711911,0.3930430991855205,0.3486743163398105,0.32441327844070733,0.3497004788995527,0.30073091741942665,0.32789797154838773
CTCATTAAGGGTGTTG-1-MM-2.138P,0.3269384896340906,0.2883871636564284,0.22322844311850548,0.4041889146274326,0.3606883412376084,0.3793842051604318,0.30104519763407067,0.3344090616152762,0.33441207396485373,0.3294323707807905
TGTATTCTCATGTCTT-1-MM-5.138P,0.34529187027291075,0.27749312040190144,0.17215248947897363,0.33707759562329126,0.3787322561172526,0.30743879294788207,0.2961421497298584,0.3418142299662192,0.30202021605506246,0.31568042818919306
TAGTGGTAGGCATTGG-1-MM-3.138P,0.3343557292443785,0.2521634453624418,0.22776535490773708,0.355320982480884,0.38242725284005796,0.3231697305512018,0.35020653656952816,0.3140733381112667,0.31293806542040575,0.32358492178591436
CGTCCATAGCGACGTA-1-MM-6.138P,0.3509030477058636,0.27527169628188036,0.1858966984525815,0.3460824481078889,0.37337586307277193,0.33794762085888774,0.2898171466013422,0.3299212807218266,0.30352046924998943,0.29898085382753964
GACAGAGTCTATGTGG-1-MM-1.138P,0.33489983079695285,0.293071523456105,0.17694048776164967,0.3794680729172702,0.3943440724463022,0.34714016495032624,0.32443822895375557,0.3533895294059301,0.3000356810007091,0.3266355602821912
TTCGGTCCACATGTGT-1-MM-8.138P,0.3471793569899619,0.2637131732815735,0.22955713830887547,0.3670201335893288,0.3809606299667164,0.3395133345992106,0.3072097080901073,0.3355832547321993,0.3475335106860102,0.3046699683652465
AAATGCCGTGTCCTCT-1-MM-2.138P,0.3279244300881492,0.290711748980655,0.21533545792242137,0.40167821615993915,0.36368385776933,0.3812208109375909,0.30111587223239317,0.3374648416970948,0.3276500169406449,0.33150156358014216
AAAGATGCAAGGTTTC-1-MM-3.138P,0.34542385507319906,0.26188617037901313,0.26692782927182185,0.35985854901795633,0.3772100806293682,0.327745318435996,0.3523081842667097,0.3335669739462163,0.32185831451803704,0.3440820244720635
CTAGCCTGTAAATGTG-1-MM-1.138P,0.3346241214970033,0.2934467456588691,0.15518346265272548,0.38148699813293213,0.3878319449399879,0.3465853500037613,0.3209527201720408,0.35131911847348335,0.30817970637310765,0.3238697763194397
AACTCAGTCCCTGACT-1-MM-3.138P,0.3179523954377222,0.2554213334857102,0.24104752983175898,0.361515069548751,0.38769510974545357,0.32013141519084126,0.32944221310318056,0.3043856122882564,0.3000282778485349,0.3050234370869049
TTGCCGTAGGTCATCT-1-MM-5.138P,0.33882228226576466,0.286357658687435,0.17561451743327813,0.3433912308251571,0.3755553574513057,0.3219060996045373,0.2877766269749693,0.34805232437252337,0.31011237843030076,0.31787364365587417
GTACGTACATGTAGTC-1-MM-2.138P,0.3299712446520179,0.29097713665378355,0.2162407610292551,0.3999942329632301,0.3617441808858672,0.3741135859992679,0.2983655928753625,0.33942813416297735,0.3273323088194346,0.3265534076156401
GGAACTTAGGCTAGGT-1-MM-2.138P,0.3301946792267248,0.28840264472043214,0.20731952666711437,0.40119502357820785,0.36192194579623266,0.3802222626458761,0.30127601680500765,0.3366419410496444,0.3321048979286388,0.3311737076072179
TCATTACGTGTTGAGG-1-MM-7.138P,0.35930220635014637,0.2840317035769247,0.22539308024722243,0.36254808056669663,0.38464936109441206,0.346323603204566,0.34276119658585164,0.33407865329918773,0.31630235448458766,0.3101011807958833
GCATACAAGTAGGCCA-1-MM-6.138P,0.3593773104564231,0.2758379861681095,0.18505413696698805,0.34760037104350294,0.37476470676074186,0.3356687408080898,0.297646490482302,0.32981435984700547,0.3036593270249383,0.3063409349518999
CGAGCACCACTTCGAA-1-MM-4.138P,0.3251620865822064,0.25731719326457303,0.14237820696722103,0.37184066699884194,0.3862715575031138,0.34022699612457424,0.3405707165605866,0.33079033460631885,0.3198346797740179,0.2996794149826787
AGTGGGATCTGCTGCT-1-MM-2.138P,0.32778815458138405,0.28889567781233483,0.22124291195167095,0.39993336141058194,0.36259709042757793,0.37555830628211256,0.29986898732758693,0.3351731656918786,0.3313013490151653,0.3292891602699863
GTCACAAAGTGGAGTC-1-MM-1.138P,0.32128169864004585,0.2828508678759495,0.139795503703227,0.36588374069610224,0.38192368196623994,0.3315821039398348,0.2943571226162593,0.34370412143786794,0.30198927919395646,0.3150282075833561
AGATTGCTCCCTGACT-1-MM-1.138P,0.3295579103126809,0.2940497785666189,0.1519181473792169,0.37912439377663026,0.38710752815734567,0.34618328363497436,0.31786381319825835,0.3468016011383533,0.3026508831233489,0.3191284094056938
GGACATTCACAGATTC-1-MM-2.138P,0.3310846990306512,0.2895762849526505,0.21397396527952917,0.3989337116469726,0.36059761699666154,0.37822917282692836,0.29669416792199976,0.33767838369601155,0.32612157996440994,0.330508797155227
TGGCTGGCAAGGACAC-1-MM-3.138P,0.34250108604393675,0.2572088953898338,0.22345962254113963,0.35558858310784025,0.38175984950016323,0.3210689006328783,0.3499874428545967,0.32111140373373137,0.31803649928405586,0.3292088288773332
CCGTACTTCTCGAGTA-1-MM-2.138P,0.3287589624283549,0.2910965937835367,0.22141505625429558,0.4012935431438683,0.36260396821615604,0.38078740026748903,0.3004394962919281,0.33607612037719903,0.32890690409373685,0.3258610589248034
ACATCAGCATCGATTG-1-MM-6.138P,0.3557318698930506,0.2707723829921288,0.17709759886016066,0.3468734983290632,0.3732643261435923,0.3305762809174343,0.29550006195672884,0.3267914735089107,0.29840105198409983,0.3032002994106528
GTGTTAGTCTAACTCT-1-MM-5.138P,0.3334686132955214,0.2694813159617577,0.19125027267170244,0.3452935954480923,0.3754250035282385,0.32062746931364805,0.28245766096034997,0.33417323302671426,0.3060250366714939,0.31349293228971126
GGACAGACATTTCACT-1-MM-6.138P,0.355226485019466,0.2912344812493352,0.18742665335932115,0.3549994366966785,0.37500013945571875,0.3544728599726555,0.2945623514942737,0.33070707270970545,0.3074418619663659,0.3060650826702045
ACCTTTAGTGTGGCTC-1-MM-1.138P,0.3266333897232559,0.2955814215892972,0.1391129439979952,0.3788096984326445,0.3844436819052528,0.34442051711455157,0.31293291208852747,0.34417239188282955,0.3049735720782773,0.31711408995044066
GCATGCGGTCGGGTCT-1-MM-8.138P,0.3777371769172548,0.2873075676820711,0.261995659122779,0.3822875051120013,0.39147382253086527,0.3583456444654414,0.355618376211936,0.3713471750763689,0.38068022643749483,0.3363887594800356
ACGAGCCCAGCCTATA-1-MM-2.138P,0.3324895246321034,0.2901059920658404,0.209651395495759,0.4019452320204354,0.3610730616110963,0.38289006829400407,0.3012621090978473,0.33629076952916137,0.3338629820979936,0.33407781931386354
GGCGACTGTAACGTTC-1-MM-2.138P,0.3277494253212759,0.28980740355002205,0.22715812021289739,0.4001761649707369,0.3617342065302451,0.3759893398933552,0.2984764258835973,0.33785775749993285,0.32560625091189066,0.32786301340613205
ACGGGCTTCTGTTTGT-1-MM-1.138P,0.3287308074532105,0.29519712924586794,0.17592022822867517,0.3791917357488561,0.39015486477349526,0.35023324592492644,0.3209134302636242,0.3435502726516368,0.30043605930269834,0.31971446754300953
TACTCGCAGTGGTCCC-1-MM-2.138P,0.3320815515909446,0.2912166224449387,0.20939082648018884,0.40053216119839896,0.3606985881234831,0.37367017335272845,0.29834316003481737,0.3377399110227994,0.32995759832820487,0.32629968824162403
ACTGATGGTCAGAATA-1-MM-2.138P,0.3301674869852219,0.28844449279121376,0.20498689806999226,0.39830753689308435,0.36345304398067974,0.3778590296947318,0.2983759282165757,0.33637838229624295,0.3276661934119205,0.3260920657755728
ACCTTTATCGTGGACC-1-MM-5.138P,0.34138120794249294,0.2833805150248589,0.16892038614313953,0.35588559341244047,0.36925541993450606,0.3101778516574789,0.28239382101844906,0.35206703643682363,0.316570435288518,0.32013190540300374
GCGGGTTCACATTTCT-1-MM-7.138P,0.3714483630588251,0.27280601299552093,0.17840345224098975,0.36536762937000383,0.376920107171655,0.3536517280838902,0.3363922752098358,0.3455777350334669,0.34500307302822597,0.31788020504594616
TTCGAAGAGCCGTCGT-1-MM-1.138P,0.32366427780812823,0.2890117235094117,0.16220091968811076,0.37771241688775575,0.38604543827832283,0.34035076193801217,0.31259450631365304,0.33984935546307793,0.3035083946978387,0.311316120363459
CTCATTAAGATATACG-1-MM-5.138P,0.3429820551250144,0.27572537096773214,0.17327154969467676,0.3365934062428532,0.3785308200756783,0.308102569139296,0.2946397640281784,0.34287839433764833,0.30203008165339734,0.3136213802103268
CGCTGGAAGAGTACAT-1-MM-2.138P,0.32808536978923564,0.29115826328259486,0.22205852670286133,0.39929307635861755,0.36346963126219634,0.3788719853186781,0.2981677533437761,0.3349697488137936,0.32858708167575307,0.3245641704899213
TGTGGTAAGTCTCAAC-1-MM-1.138P,0.3300071244052063,0.29762810182572796,0.15814527329174485,0.3809279675661252,0.3879683005228248,0.3477179708135618,0.31846020339340075,0.34557361627686295,0.30224488924188686,0.32038801738974265
GGGTCTGGTAGCGCTC-1-MM-2.138P,0.3304675836454811,0.2879723121026548,0.20919532173602015,0.4038493273861873,0.36183011202850895,0.3844718124514185,0.3017267845718037,0.3367219012553039,0.3307187520736161,0.328726915146825
TGCTACCTCGCCGTGA-1-MM-1.138P,0.3393307277525744,0.28247257230758915,0.21749002798557784,0.3791519179284937,0.4082637630672258,0.3436881463678606,0.3419593425622718,0.3534751722903056,0.3066805100611228,0.3299629472848873
TTTACTGGTGTTTGGT-1-MM-2.138P,0.3304078774835508,0.286042284010917,0.21907314046570103,0.39747583193368347,0.3629583752386083,0.37333883895674125,0.29762608213343156,0.3362798769428765,0.3269513383429047,0.32743993533535126
GCAGTTACAAGTTAAG-1-MM-2.138P,0.32914773070051745,0.29029917150293266,0.2066633920802944,0.3993020768724117,0.3633207304633185,0.3777400364686013,0.29877910451962536,0.3387306585531787,0.3287342991507984,0.3274900320369961
CATGCCTGTGCAGTAG-1-MM-2.138P,0.3343800281650418,0.2862196022680729,0.23385974140336224,0.3977962348577803,0.3628841306117468,0.3760829881184197,0.29863980926426525,0.33324445200876907,0.33107734640658887,0.3293349000129004
TAAGAGAGTTACCGAT-1-MM-1.138P,0.3271603709050095,0.2861090323842295,0.1319457038228691,0.3714219844130036,0.38544508862685317,0.33481707154698903,0.3076492157657309,0.34033042223523297,0.2988390443292726,0.31332240102881403
ACATCAGCACCAGGTC-1-MM-1.138P,0.33529626177151683,0.2902577797080338,0.1809960012325049,0.37962502594338615,0.39399857575609426,0.3499106515075632,0.32753382246682755,0.3520484017876267,0.3020057992982022,0.3300784474215214
AAAGCAAAGGCTATCT-1-MM-2.138P,0.33116758298818405,0.28945891589710526,0.2176489106840449,0.39966887723798944,0.36163502954159177,0.37779927807295216,0.2973421657264539,0.33058704015053253,0.33185409768364843,0.3333289309661704
GGAACTTTCCAGGGCT-1-MM-5.138P,0.3351345204626487,0.2715796796398012,0.17848240678865174,0.34308591420704104,0.3752256802227084,0.3125759207738221,0.28663211382212883,0.3273256250124912,0.30060007727246446,0.31184957870582264
TCTGGAAAGAGACGAA-1-MM-1.138P,0.3715684497483452,0.3014539400475373,0.25217670227494066,0.3760126936790506,0.41249999697926154,0.3332786859477114,0.3662295587402075,0.3883486271068552,0.3463689707045807,0.3803053910297737
TTTATGCAGAGGTTGC-1-MM-1.138P,0.33709706139099316,0.29143968933081693,0.17368985547109297,0.37461993905443375,0.3925232039151697,0.34380179597487076,0.3222980040302699,0.35302119437619894,0.2988845405452563,0.32855658819005723
ACGGGTCTCATGGTCA-1-MM-2.138P,0.3260401245188425,0.29071767533706067,0.22675810363753102,0.3994949353324966,0.36302480036622503,0.3767696688734895,0.29783046899514776,0.3353056456842372,0.3272822316945967,0.3253032432808659
AGAATAGAGTAGCCGA-1-MM-1.138P,0.32707338671365066,0.29571885520895747,0.1878652175643362,0.38196489426993013,0.3930789575666569,0.35183222454025376,0.32680983538993724,0.34592430177525746,0.29997265619122215,0.3186541696570821
CACCAGGTCTTCATGT-1-MM-5.138P,0.3292354825811185,0.265986635887027,0.18684227877971218,0.3496307536339946,0.37528587561593246,0.3121018038359611,0.2901411264593757,0.32732036847570484,0.29794851743629475,0.31233046456370883
TCGCGTTGTACGCACC-1-MM-1.138P,0.3368108878507385,0.2891906877090007,0.1383511558806931,0.3726368472914514,0.38337672815539786,0.3353646528784721,0.3077076836111677,0.3490465597417911,0.3047552182398139,0.32810356558558795
TGGCCAGAGCGTCTAT-1-MM-2.138P,0.32572553600963233,0.29259135695536365,0.238257677778061,0.3993577890556631,0.36434198442237714,0.3796027924310945,0.2999393885565473,0.33572619457446623,0.3298466954502337,0.32586356459808036
GGGAATGTCGCAGGCT-1-MM-2.138P,0.32870614714188423,0.2895447397243894,0.2080214330081824,0.40018625002681485,0.36384452220466984,0.37802693906366774,0.2989971573203764,0.33805417213094885,0.3310473950033953,0.32756965576261887
CTCGTCAGTTCGCGAC-1-MM-1.138P,0.3229223593800654,0.2852402743544578,0.14379318809406394,0.3711241655451789,0.38357705315513513,0.3354933056721132,0.30272106278677496,0.3348819616416999,0.29929235262289977,0.3117224275142788
TACAGTGAGTTTAGGA-1-MM-4.138P,0.3212541245039919,0.2516733963756573,0.1607681634478887,0.37122778560389685,0.38869369508174445,0.3370358787865501,0.34410816239366104,0.3264326966898377,0.30971461638735254,0.2998123588847981
TCAGGTAAGGTACTCT-1-MM-5.138P,0.34751440867627204,0.28252161223858346,0.17909305212315413,0.33706764002125444,0.3782820925478152,0.3041428531265375,0.2961410979948784,0.34897938110546717,0.3049814198230393,0.3123246671951717
CGATGTACAGTTTACG-1-MM-6.138P,0.3526818505100567,0.2753940238841863,0.1883562856732809,0.34870889566657365,0.3726585769567862,0.3405082628860918,0.2949891380677756,0.3303883659702247,0.30458968471420694,0.30391676813100416
CTTAGGATCTCTGCTG-1-MM-1.138P,0.3309563871006734,0.2920471871755036,0.1801347443170453,0.3782332181355274,0.3929452206745172,0.34727453320098556,0.3225688466521603,0.34759486707354875,0.29804227696988495,0.32220028165475156
CAGATCAAGCGTCTAT-1-MM-1.138P,0.32161922632073825,0.285505300227003,0.15605880065280275,0.3754011625132418,0.3865678734364263,0.3409233207894471,0.3109113224302409,0.33151346860558795,0.30070542516385523,0.3073103880746909
ATTATCCTCCCTCAGT-1-MM-2.138P,0.36832087497176963,0.2789197783259164,0.29386823778427024,0.37693518516931074,0.39374656376851425,0.36654222533627867,0.33868084941823423,0.35853590469691665,0.3454769930773293,0.35453176327505176
CATCAAGCAAAGCAAT-1-MM-5.138P,0.3338028895866213,0.28481796094746614,0.1755270934113757,0.35032518344977437,0.37188497188829717,0.323164825826851,0.2826177233915548,0.3479644015344636,0.3119522763219294,0.32012427459066384
GCTCTGTGTCAACTGT-1-MM-1.138P,0.33446450153829155,0.28809231118200923,0.1840040192786403,0.3770985254733404,0.3965225473118531,0.3506773777065012,0.32300796191958353,0.3474013609381218,0.2999139659261422,0.3255194183423064
ACACTGAGTACCAGTT-1-MM-3.138P,0.33967759345989607,0.25658530258950063,0.22192935909151576,0.3578808276345727,0.3755367245896405,0.3258034070812784,0.34356723243195525,0.3202989756317743,0.32125645796428637,0.3284069260538124
TCACAAGGTAAACGCG-1-MM-1.138P,0.33138590466663415,0.29087763548628054,0.15412840824993307,0.3732333161279573,0.3838209499948953,0.3386709290044399,0.31267526845886306,0.34207555118638633,0.2969369093203548,0.31857082951049653
GGATGTTTCACTCCTG-1-MM-1.138P,0.32830583462796786,0.2872823227114375,0.14548663231789177,0.3752588209800804,0.3883648224974943,0.3438484491286077,0.31584947229972266,0.34503564592381725,0.30238452466229965,0.3149426085700086
CAGTAACCAACTTGAC-1-MM-1.138P,0.32576010704847064,0.2912157754301547,0.14719352040623665,0.37594327671316635,0.3840439194962642,0.3394211207442722,0.3066403529095082,0.34137290660592995,0.3007871516638597,0.3115348270424189
CTGAAACAGGATGCGT-1-MM-1.138P,0.32694899393593385,0.2952276624357579,0.18361862532252352,0.38068931087107344,0.38937471263099266,0.35063923907756045,0.32149859770420347,0.343644828479787,0.3018941491726586,0.313971211208929
GTTTCTAGTCCAAGTT-1-MM-6.138P,0.36209283872942266,0.29696775875669396,0.18540189792492998,0.352847109589678,0.3764341439025811,0.35219294181888977,0.29867548273764727,0.33698989700810134,0.3140010420662915,0.30503218776168045
TCTCATATCCAACCAA-1-MM-1.138P,0.33314874030644054,0.2965522261267759,0.18378571052659232,0.37960723864348683,0.3929035781054267,0.350248069604874,0.32504091441928246,0.34585354837490756,0.3030006125726216,0.3225446137591247
ATCGAGTTCTGATTCT-1-MM-1.138P,0.3354446201569458,0.2859764303794021,0.1881759226157057,0.37508015423360974,0.39800873870314407,0.3443954669348625,0.32921007065339625,0.35602062594122,0.3070070957276643,0.3342824260610487
TCTCTAATCTGATACG-1-MM-2.138P,0.3316805353803526,0.2902167848576207,0.20638996175662191,0.39968792867922837,0.363321250172829,0.3750823251958861,0.3002240755348709,0.3392045451963201,0.3291970498220499,0.3324399637658847
CCCTCCTTCTACTATC-1-MM-2.138P,0.3299155078437495,0.2876318500673393,0.20830094812210007,0.3984395161856284,0.36169491109765184,0.3753446674928729,0.2982170660377623,0.3361035067320627,0.33010500224048456,0.3271605482794692
TCAGCTCTCCGCATCT-1-MM-2.138P,0.33008929816702404,0.28917105143314326,0.2190116492908533,0.4012052376008245,0.36026533534469246,0.3775764396046121,0.3036575539675578,0.3373132505354689,0.3279382205166244,0.327065777274942
CATTCGCTCCCGACTT-1-MM-6.138P,0.3536972641329539,0.2717462742957305,0.16591535777542682,0.3496605017975562,0.37595878989166853,0.33572478125739963,0.2987840917633808,0.3279231712005134,0.29518288545861726,0.2965702918285796
ACGAGGAGTTAAGATG-1-MM-2.138P,0.32569443942177095,0.29349088125753836,0.22404847611060644,0.4003870681427904,0.3622158078844954,0.37911839032705336,0.29816074358582156,0.336860995601354,0.32802542200212514,0.32665813796552423
TTGGCAAAGCTGCAAG-1-MM-2.138P,0.3303567146788366,0.28675290931466946,0.2160222714833922,0.4011053336239235,0.36256995577258416,0.38038202523519987,0.3003341289729175,0.3343521773573814,0.33106711483793455,0.32711326798560575
CCCTCCTCATCGGGTC-1-MM-6.138P,0.3576887590273558,0.2700015569863089,0.18281394159076492,0.3492043261189692,0.3769025121900452,0.3403652961199712,0.29715386869285493,0.3281197722168487,0.2973176934413551,0.2949892151966657
GACGTGCGTTCCCTTG-1-MM-1.138P,0.3392143048561477,0.3183348581934727,0.23351902553700318,0.3671672125990782,0.3940476034512554,0.3459272116524735,0.3088974463410077,0.35576069055853027,0.3091532433861541,0.3274737680127632
TGAGCATTCTCAACTT-1-MM-2.138P,0.3324242373756953,0.28843639517948294,0.2126266863550563,0.4005010127164067,0.3610278331060161,0.37596041919183104,0.29788353939115925,0.33991898972842083,0.33302141863245915,0.3294558484159636
ATTGGTGAGGAGTAGA-1-MM-8.138P,0.3578679239841264,0.2620632078215932,0.1926786849477612,0.36795650326360174,0.37817467817626005,0.34564949868859773,0.3090514720140615,0.3450210698550361,0.33832682002566894,0.3015813918244103
CTGATCCAGTGTTTGC-1-MM-6.138P,0.3493045180518564,0.2737374533791325,0.17877021382161326,0.34465031924772144,0.3745916957717714,0.33447512441069815,0.2909014316105127,0.3282470247373783,0.299601539257327,0.29766710342184216
TCATTACTCCAGGGCT-1-MM-3.138P,0.3401479353254635,0.25927881508386513,0.22293660008699978,0.358379454921717,0.3754616265068043,0.3229051733068019,0.34374539699090634,0.3246072126719762,0.31673909176129367,0.3310225967311602
ACGATACGTCTGCAAT-1-MM-6.138P,0.35819464661828415,0.288876409508767,0.19375443681673246,0.35068467313647417,0.3734479708751865,0.3461186442830423,0.29764124546135234,0.3374421154108014,0.30777860743831803,0.31097787326655474
CGGACACAGGCTCTTA-1-MM-5.138P,0.3343213036145902,0.2726211728568877,0.17611145667623307,0.3458269466109821,0.37433250797354745,0.3155191667881404,0.2852247424463975,0.32773300281817164,0.29941444901205394,0.3113239824607693
GAATAAGTCGTCTGAA-1-MM-2.138P,0.3316769415800478,0.28879606178708955,0.20831065710346772,0.3992254788268436,0.36199721165781906,0.37591292299180146,0.2994884985799231,0.340878364085395,0.33248523476473635,0.33023881644433456
GATTCAGTCTGAGGGA-1-MM-5.138P,0.3341775758783105,0.2677746748843242,0.19867188824088425,0.3469558430720807,0.37812614786571164,0.32060231300155834,0.288461259998359,0.3309374174668177,0.30183250383749916,0.3158827268040939
AAAGTAGGTTCGTGAT-1-MM-1.138P,0.3287180215602081,0.2912665540017714,0.14505986287721437,0.3769043810577364,0.38651851185547337,0.3417314456053848,0.3150964570462756,0.3428636498068968,0.29925482060178094,0.3162706316003903
CTAATGGCAGTACACT-1-MM-6.138P,0.3454707125331668,0.2632228340830007,0.19259725794461696,0.3431322311863627,0.3829425208351968,0.33394185715683783,0.2994629459620054,0.326429573828698,0.2964301368968709,0.3001601429264017
GGGTCTGTCTGGGCCA-1-MM-1.138P,0.3258844037952229,0.29238885394730385,0.18889437179931928,0.37804553240325656,0.3922272207333187,0.34981070958275895,0.32284710959824287,0.34662164802800155,0.3035127819639367,0.3201451202684623
GGGAATGTCTGATTCT-1-MM-5.138P,0.337866270008893,0.26987143850926876,0.17362360748121017,0.34299056692552155,0.37561145838229437,0.3118951465187195,0.2852970158045505,0.32708352990804457,0.3010222721911377,0.30895401716215887
CTTCTCTAGAGTCTGG-1-MM-8.138P,0.3751916655335081,0.27973525090391554,0.2539578607407774,0.37493814129942304,0.3922879681644709,0.352706963014929,0.349225161093084,0.3662189487740795,0.3744867878636651,0.3446841115690533
CTAATGGGTTACGGAG-1-MM-1.138P,0.32763342924360783,0.2959552737438905,0.1663135341646585,0.3805991258548861,0.3865301379319209,0.3482139906527327,0.31784965344930344,0.34481394937748533,0.30392848742302403,0.31722101135707087
CTCAGAATCGAACGGA-1-MM-2.138P,0.3316989625798617,0.2853111781192906,0.20022616928032064,0.39650521314769527,0.36243059493119517,0.37413629042283736,0.29940335996778517,0.336905242586297,0.3273587320911106,0.32846157320275576
GAGTCCGGTCTAACGT-1-MM-6.138P,0.352492043127583,0.2698564993380347,0.18470916498295617,0.3457504327479327,0.3735402210334867,0.33344546089801186,0.29408307381728566,0.32998461302955845,0.2988319785966924,0.30227257462505935
CTCACACCAGGCTGAA-1-MM-2.138P,0.33250239376688445,0.2911998195693972,0.2158339394714856,0.40023449708943526,0.36195027585559525,0.3815780601205964,0.3006948852616684,0.33383675055740814,0.3343034389331976,0.3309377598505836
ACTATCTAGTGCTGCC-1-MM-3.138P,0.33829376878366374,0.2543037009419697,0.238118058971069,0.35819405657023096,0.37892994520272594,0.32727638420978383,0.3487828759302106,0.31971014147506455,0.3179093511152241,0.3269541649854318
GAGTCCGAGCTGAACG-1-MM-2.138P,0.3306239466007199,0.29166056695727294,0.23657967319284953,0.4049397636935537,0.361359483704583,0.3844252815202865,0.30823766560657667,0.3385570969140182,0.3330449241482031,0.3266319814704366
CCGTACTTCCAGATCA-1-MM-8.138P,0.37018963815286465,0.27516963238347586,0.26881640577435245,0.37446246705007097,0.38579954732901917,0.35312516672105343,0.3346295647876161,0.3651239014637707,0.3708005122548181,0.3391976577341893
TGTGGTAAGCGATTCT-1-MM-3.138P,0.3383886383246659,0.25697819888989687,0.2284669141505695,0.35894568062057,0.3781236243405269,0.3245452833629289,0.3475220728343717,0.3210373999845398,0.31735088025957403,0.3260199771263
ATGTGTGGTAAGTAGT-1-MM-3.138P,0.3343113778633694,0.25042591738008635,0.22506097387767365,0.3576737575938933,0.3822977726408272,0.32686064423989525,0.35179019610558543,0.31656391190817784,0.31012091684079657,0.3223609716377208
AGCTCTCAGGGTTTCT-1-MM-4.138P,0.32148639693560793,0.253490765161178,0.14641817692427744,0.3717787399818015,0.39396385791053334,0.33558934864441975,0.35204648881629735,0.3328061073298801,0.30965131748638786,0.2990959939135869
CTTTGCGCACGGTGTC-1-MM-2.138P,0.33220350132924187,0.28887747277795256,0.20614958572505082,0.3979622130716334,0.3618310253771323,0.3768126284471315,0.29755449768889053,0.3345941383968801,0.3304178304114468,0.32811582704083647
TTCTTAGCAATCTACG-1-MM-1.138P,0.32875269235276283,0.28933943001866685,0.14034223296967965,0.37627143600252355,0.3884481502015053,0.3391065658592138,0.3166448079524466,0.34020421113981075,0.29673694847338994,0.31183449297818344
CTTAACTTCGTAGGTT-1-MM-5.138P,0.3659454183568208,0.2956713795025433,0.14348732736738448,0.35648536965838346,0.3918292099421306,0.29560431979512364,0.32360104011093255,0.37848054384971985,0.33635939969531387,0.3570997213884217
CTCTAATGTATAAACG-1-MM-1.138P,0.3303252062035025,0.28752635807594307,0.17084943483465578,0.37374213188306055,0.39217342822199913,0.34577575695988805,0.3175555314127722,0.34409324136158037,0.30004260701905583,0.3163956186427192
AAGGAGCGTATCGCAT-1-MM-4.138P,0.32147257981703276,0.25260083776184433,0.153083520118682,0.37172513857105394,0.3922765117632143,0.33660912548166955,0.34829649993468215,0.3265344303263391,0.3078365603225269,0.3007698303028489
CTGCGGAAGTGAACAT-1-MM-2.138P,0.3297596082773915,0.28840413138367577,0.20841739579892657,0.40322909565543613,0.36226334948293987,0.3806337946809696,0.2997370191483035,0.33619673713086257,0.33104730767667007,0.33510233650027493
TCAGGATGTATTCGTG-1-MM-1.138P,0.3375246187366263,0.287462001742176,0.21323554338497847,0.3809350073325385,0.41252760591623283,0.3403611878972892,0.35028886847157764,0.3624986307643515,0.31118641381687684,0.3306508029885655
CCAGCGAAGAGGTTGC-1-MM-2.138P,0.3259038791413915,0.2932095018216468,0.23405272778327257,0.3986655492419655,0.36311016266913587,0.37773637352507783,0.2966361520555477,0.3357181149950946,0.32815613634452717,0.32435743691051394
CCATGTCTCTTAACCT-1-MM-7.138P,0.3478359968792527,0.2901503545698137,0.2077544168624494,0.36535930678028006,0.39084885477418196,0.341324650945427,0.34974608971931337,0.3305825711435278,0.30540929232463043,0.3133078118406569
GTCGGGTAGGATTCGG-1-MM-2.138P,0.330245176467728,0.29364699132786864,0.2231201572187579,0.4011393791245479,0.36419454313327326,0.38416836642511887,0.3014318340194799,0.3353886400883169,0.33344218139699605,0.32483787148056703
TCTCTAACAATAAGCA-1-MM-5.138P,0.3418684064480447,0.2934998539861956,0.17234449963170842,0.3539087208702941,0.3680357833673711,0.32357402125258156,0.2792862794001529,0.35360664701385147,0.31571200323411364,0.32308328225911487
ATGCGATAGTATCTCG-1-MM-2.138P,0.32782890310311624,0.2919197023295045,0.21641419362643563,0.4004549614762338,0.3633622047666771,0.38025480028103026,0.2993417322113947,0.3370928436460026,0.32943416452714447,0.32510009629982256
CGAATGTTCTATGTGG-1-MM-5.138P,0.3497700535378433,0.2998342980997891,0.19888396583084464,0.35907703696279203,0.36699483596089877,0.32115898010081834,0.2880475871710717,0.37506680171502293,0.33788880407055816,0.3431635512639515
ACGCAGCTCTCTGAGA-1-MM-8.138P,0.4118420623428654,0.3028258307583809,0.3081793511937859,0.37893238998453266,0.40991034856078445,0.3597226990214812,0.3803797710401321,0.3927558064190522,0.3955770280627024,0.37348329353952564
TAAGCGTCAGTCAGAG-1-MM-6.138P,0.3538304844215523,0.2903717927684517,0.1900370123374704,0.3551973373687611,0.37517636185576897,0.35472548820778976,0.29408587585046614,0.3293629485552638,0.3067105529034824,0.30451965652381086
TACCTATTCGAATGCT-1-MM-8.138P,0.4232181460084385,0.31303793098306776,0.29951625745978616,0.38254636754568705,0.4155676703006909,0.3607220172514209,0.3899859026591383,0.4032293237906752,0.40533617660247157,0.38692676839598855
TCTTCGGCACGAAACG-1-MM-2.138P,0.32931519368995915,0.2916627974847611,0.23936538479482225,0.4024810008716082,0.36300973962650224,0.3849973506160043,0.3020790906999496,0.33565559428632785,0.331767959718188,0.32872495806217034
CTAGAGTTCTCTGAGA-1-MM-2.138P,0.33230959581755326,0.2868383534296265,0.20380331488892905,0.40018806253797035,0.36290328615247536,0.374681765927104,0.298044243294645,0.3363557669080111,0.3306753058656336,0.3247006731502297
AGCGGTCAGATCACGG-1-MM-2.138P,0.3324495404871341,0.28968049979856125,0.2007875570145149,0.4049685997872003,0.3612206402264988,0.3820964599863396,0.3020462461792479,0.3389918711428715,0.33200509719825766,0.3344611797757188
TGCGCAGTCCTCAATT-1-MM-2.138P,0.33023366867329473,0.28917156026951685,0.2295187873654097,0.40157061365080104,0.36338123887044377,0.38580764585309296,0.29835940858661925,0.33562558071136295,0.3341904520887305,0.32882161410913974
TTGGAACGTCCTCCAT-1-MM-2.138P,0.32895938966476945,0.2894512664105895,0.21947042989988585,0.39931275831590557,0.363615464871802,0.3778487656949205,0.29826704118393177,0.3364126036633119,0.32946767746415195,0.32757440129158755
ACCTTTATCCAAAGTC-1-MM-2.138P,0.3276633912781961,0.2903227654772506,0.1968965603714929,0.39936677773271273,0.3646137846482197,0.3787976646278015,0.29880370375954524,0.3381783494757537,0.32694388464704455,0.3309829882323911
CCACCTAAGAAGGTTT-1-MM-1.138P,0.3355782854181522,0.2938972258257275,0.19883397773471073,0.3802234344368788,0.3948832398422887,0.3508220306552735,0.32487442949007533,0.35131278129651133,0.3022194483648195,0.3271484310034035
GGGTTGCCACCCATGG-1-MM-3.138P,0.3372428532334955,0.2529745800885272,0.20286817525146933,0.35675568749629955,0.378484845770455,0.3257995362623808,0.3451735433662851,0.31618423442694443,0.3152013600568025,0.32415480795246243
ACGCAGCGTGCAACTT-1-MM-2.138P,0.33175337484946277,0.29092130867050087,0.21119110982105008,0.3993000518926746,0.3621511394387586,0.3798697378623616,0.29863374141979154,0.3356236076257741,0.33248127129704746,0.333477826122802
ATCCGAAGTCTAAACC-1-MM-6.138P,0.3897981151102871,0.26582752570611395,0.26382531862870695,0.3518995316779065,0.4088691670096491,0.3282721459025031,0.34364511444987644,0.331754693381453,0.30846034364571495,0.30677884454561977
ACTTGTTTCAGAGCTT-1-MM-1.138P,0.33164254063645643,0.2872506594275789,0.16462552728284746,0.37271779088347085,0.39229720946064744,0.3451320196357093,0.31443005638892085,0.3401670150184352,0.29818418287270365,0.31229832144816605
AAATGCCAGCTTATCG-1-MM-2.138P,0.3288056896072449,0.2881259742952819,0.22094290475492906,0.4007654159742296,0.3630204576546032,0.38250855093029035,0.29835544028660366,0.3345659207318509,0.33071390085742447,0.32881445736803255
GGAATAACATGGGACA-1-MM-1.138P,0.33119330455324575,0.2869629458532494,0.15631766207433626,0.37731865954634003,0.39163536458338594,0.34957800848585624,0.321476215347036,0.3429830571126478,0.2954373070717036,0.315798585819433
GAACGGAAGCGATTCT-1-MM-1.138P,0.3279199416557996,0.2925489292709659,0.15197220046210272,0.37852941338122936,0.3847306205482847,0.34714612417079743,0.3151385201666778,0.3428954388240779,0.3042027418282891,0.3106080017608667
AAAGTAGAGAGCTGCA-1-MM-3.138P,0.33498842335709417,0.2552333198368651,0.21139139133765922,0.3581305562069607,0.37651466031974556,0.32632683638402543,0.3444610788184269,0.314857743625802,0.3170402435166638,0.32384092074492793
CTTACCGGTTATGCGT-1-MM-2.138P,0.36330676798717754,0.2797823686457887,0.3156204884848756,0.37977598450470146,0.39061198186558865,0.36524412430999426,0.3387393863637267,0.3575403658225678,0.3444871612293671,0.3493842410057917
CCTTACGAGGATTCGG-1-MM-3.138P,0.3374663660639627,0.2519655157240529,0.2363905422942918,0.35600784153603016,0.37920632291762835,0.32737046236092177,0.34778024555019543,0.31545441755362946,0.3185283692517687,0.3270074701570977
ACACCAAGTGACGGTA-1-MM-3.138P,0.3402080968763338,0.25435758860708996,0.20391313204305744,0.3609049794795102,0.3783604644432245,0.3253208687570836,0.35582100219138685,0.33100355294192435,0.32440724961000456,0.33857270331878486
GTGCATATCATTATCC-1-MM-3.138P,0.3437656890511531,0.26311166412249515,0.2496767247178785,0.3588894811929193,0.3750911948289621,0.32706757698578875,0.346896911671883,0.3308942304169015,0.3208184558335241,0.3383261143686083
GGCAATTAGCTGCAAG-1-MM-2.138P,0.3276471895836226,0.2924033221193815,0.22305483527004927,0.3995765843922432,0.3638748621549987,0.3790766598756981,0.2983327030747764,0.3359466898231692,0.3293929164546598,0.3257816227781373
AACTCAGTCTAACTCT-1-MM-5.138P,0.3340075591473671,0.28298262603046587,0.19047462156867567,0.34805029109557506,0.37647699247928135,0.32851562727879496,0.28880252674518536,0.34300999908743446,0.310460846521656,0.31415039737553835
TGGGAAGGTACTCGCG-1-MM-1.138P,0.32878364008634997,0.29535278850507146,0.15710966739820326,0.3801201434149773,0.38441960348206367,0.3462997134141646,0.3130043807088951,0.34007478544776926,0.3113097823264069,0.3120395650917553
GCTTCCATCTTGTTTG-1-MM-1.138P,0.32764699101181105,0.29063445697765833,0.1823351857080287,0.378464241641969,0.39404780385928073,0.35007284000544686,0.32326862387166827,0.34339123877588756,0.29755609811632555,0.3187776213691621
AAAGCAACAATCGGTT-1-MM-2.138P,0.3283187323207486,0.28805557390738384,0.22142480304887133,0.400204083536204,0.36268579812603124,0.37721372487312155,0.29960795388557004,0.33408772968504247,0.3274164092189695,0.32565832654493043
GCATACATCCACGCAG-1-MM-2.138P,0.3330286061676822,0.2877781142800195,0.23061990016212638,0.4023465231179661,0.3632585126802782,0.37462937965683923,0.3017079972199353,0.3378269510966515,0.3330666357505401,0.3261793525156596
AATCGGTCATCTACGA-1-MM-1.138P,0.3360257778989315,0.29341177467243057,0.19971668797110137,0.37844593427285084,0.39741180709227397,0.35178372763078347,0.32546531930231426,0.34973919983428814,0.3015377195624846,0.3276552804629073
GATGCTATCCATGCTC-1-MM-3.138P,0.3373828644535662,0.26385457480379276,0.234846325097148,0.3561160984343408,0.37482022505176044,0.3295359926945738,0.3408003765085975,0.3269008634037196,0.3161920356828891,0.33440306686703486
GTCGTAACACATCCAA-1-MM-8.138P,0.37092093813880145,0.2828080024154956,0.2868640072510331,0.37398026509098126,0.38933085027623504,0.3565111622270706,0.340410085838503,0.3624123561910126,0.37709137011761223,0.34416627865452804
CATCGAACACATTTCT-1-MM-2.138P,0.3417399031938783,0.29695879965962174,0.19504693163628525,0.4066838449295186,0.36037114208711835,0.3860822062360894,0.306818053812927,0.33914646217362865,0.33666101188273656,0.3372100142742682
TCCCGATGTTGCCTCT-1-MM-2.138P,0.3318402359999999,0.2889043251789626,0.22253142565742104,0.3987908487954426,0.362352237449644,0.3790547958250356,0.29813612178101395,0.3344673857937795,0.32955690503754315,0.33319960198552623
TGCGTGGTCAGCGACC-1-MM-4.138P,0.31634923454017816,0.2536568704785234,0.17536216675734614,0.37516737209161705,0.3877593989077301,0.34278112239110864,0.34590998420755925,0.3272733632771966,0.3064796344083148,0.2989642110052574
CCTTCGAGTATAATGG-1-MM-2.138P,0.331265676209797,0.2892281990092499,0.2174913267423404,0.39997960475900357,0.361169198719732,0.3753159588591424,0.29977029180139064,0.34037037100191786,0.3332802999181214,0.3299626418720605
CTCTAATGTACTCAAC-1-MM-7.138P,0.3467980331455146,0.29138890618421953,0.20967700371018164,0.36564143372720714,0.3913833090571453,0.3411346447971179,0.35042878211224604,0.33114647250945334,0.30465140931260815,0.31439597021192534
CTCTACGGTTGATTGC-1-MM-5.138P,0.3324247003255767,0.2686012904171705,0.18474790733663668,0.35213297392858445,0.3732059232942695,0.3160780882461142,0.2852115466419952,0.3319594492719329,0.3006689477795978,0.31469129224598075
AAATGCCGTACCAGTT-1-MM-1.138P,0.33516497742288087,0.29150510079709363,0.1954353738317655,0.3771360489439633,0.39693476460052973,0.34942768323505247,0.32543340610389304,0.3500711614542658,0.3006786793471707,0.324906810868601
ACCAGTATCTGTCAAG-1-MM-1.138P,0.32960180775138576,0.2925577663503869,0.14707499822117076,0.374001497847994,0.3818776757963621,0.3362070409824976,0.3043682755886645,0.3441988647771723,0.30253253578000433,0.3136672667271569
TCAGATGCATGCCCGA-1-MM-1.138P,0.3302202715277088,0.2875278577557389,0.17239017721357916,0.37527298512648277,0.3934817672624963,0.345978718527666,0.32050483234310584,0.3465432119608625,0.2961817209972211,0.3174657419236378
TCGAGGCAGCGTGTCC-1-MM-1.138P,0.3425866845182321,0.2839362597361243,0.1903006240034153,0.3823257284938844,0.3969359563338842,0.34766207773838803,0.3312874565587862,0.3591461946805822,0.3118744158687122,0.33214995462882785
CATCGGGCATACTACG-1-MM-2.138P,0.3272932232823665,0.2961942229807423,0.2394427326915061,0.40105029278086346,0.3628490126171299,0.38043254738288595,0.29963962425553037,0.33728120463497757,0.33197350482532584,0.32743630401101204
GCTGCGAAGAGAGCTC-1-MM-5.138P,0.33280548840523977,0.27469513685744296,0.19763902772556288,0.35736390640472643,0.3702694292578853,0.31485860335592575,0.28932825252118455,0.34206597294589103,0.3102198722411362,0.32474744573858566
ATAGACCCAGTTCCCT-1-MM-2.138P,0.3395142854327956,0.2921785761998866,0.19204546973813666,0.4002510612359035,0.35969253253243366,0.3781000897186558,0.302688987001243,0.3405230393502295,0.32774870948542745,0.33915726705882804
AAGGAGCCAGATAATG-1-MM-1.138P,0.3318651820370788,0.2896345160290245,0.17368979052622366,0.3754689709200786,0.39201196791923815,0.34526893977398354,0.31724132053124066,0.34688209387921376,0.2999474206484009,0.3207537437536876
ACCTTTAGTCTAAACC-1-MM-1.138P,0.32538085409385686,0.2848122955347373,0.14971003025253252,0.3731615161734821,0.38624099412577917,0.33785390407247434,0.307134971399915,0.33510452112697575,0.3036108468200811,0.3088550297368874
TAAGAGATCGTCTGCT-1-MM-1.138P,0.3249935870243369,0.2886560819508041,0.1442229441792724,0.37132621154261836,0.3840761593968193,0.33800872018803113,0.3055984740358882,0.3338071629632826,0.29911022048731206,0.3103871704471061
GTAGTCAGTCGTTGTA-1-MM-2.138P,0.3285005572901664,0.2916438351539134,0.21146665365000672,0.4004615028272421,0.362821969108745,0.3797487237824442,0.2985267049279389,0.3373983007560498,0.3295155496374567,0.32658426053892536
TTAGGACCAGGTCCAC-1-MM-1.138P,0.33437938211228896,0.28513358841483927,0.20332885201491732,0.37908685454353036,0.4000775799518495,0.34885624080253924,0.329630418975772,0.34939098638566446,0.30274329027455965,0.3261923910661128
AGTGAGGCAAGCTGGA-1-MM-2.138P,0.33036674688808365,0.2877030387126299,0.2080240718394108,0.4019859782193173,0.3614865131215164,0.3808257692698944,0.3004412383749356,0.3316633483852839,0.3307376332679123,0.3285163624961786
TGAGAGGTCCCTTGCA-1-MM-2.138P,0.330755950306205,0.28721673082575266,0.21682480540969323,0.399723679762094,0.3624946912628811,0.3802989403849382,0.29898424212447106,0.3343829992568088,0.3301437420434362,0.330351151582887
GTTCTCGGTCAGAATA-1-MM-2.138P,0.36530147688915793,0.27534455899703536,0.29400593320309204,0.3821619588046026,0.39045850415785427,0.37447808167807894,0.33592879619483046,0.3533133341664293,0.3448203587388026,0.327513420089203
CGTAGCGAGTTGTAGA-1-MM-8.138P,0.39100932131719845,0.2942481506796072,0.2969472734536086,0.3800115449754213,0.3980670333543988,0.3628661839239475,0.36171193654516426,0.3801986572453221,0.3842861465098835,0.3565132812381131
TACAGTGTCAGCAACT-1-MM-4.138P,0.3519762869362738,0.269665485509725,0.2097122290006945,0.37073434697516783,0.4170859155454644,0.32410168362867997,0.3788076150117516,0.3566628397703351,0.3245808129319716,0.3323290531486843
GTGCATAAGCGATATA-1-MM-1.138P,0.33705665151915964,0.28354751114633575,0.20976843762524822,0.37866805771578865,0.4040071989911597,0.34681594038497404,0.3360509959436348,0.34961563662386486,0.3032949894684782,0.3273146573556212
TTTACTGGTACATCCA-1-MM-2.138P,0.3304499956543223,0.2884607244236998,0.22524866133238472,0.40130484909171354,0.36059938242637685,0.37826214602619534,0.3002087917944858,0.33843652550117986,0.3344994077430861,0.3321292594445088
ATTCTACAGATCTGAA-1-MM-2.138P,0.3303271048059376,0.28979067749965054,0.2204526241855901,0.40120153355796684,0.36295659796982327,0.38377359442491465,0.3006418980817236,0.33524701942386376,0.33369784135947983,0.327872734699879
CAACCTCGTCGATTGT-1-MM-1.138P,0.33114564044601114,0.29412700664443586,0.18994788489522801,0.3805347070163532,0.39351674272336773,0.3509620094503434,0.32449147878530993,0.3490028251948749,0.301142040465653,0.325411010791833
CCTCTGAAGTACACCT-1-MM-3.138P,0.3425131372972951,0.2586850280294382,0.23929930812352423,0.3580217265479605,0.3768632119689797,0.3248483234868431,0.34387146624379145,0.32501721905144754,0.31819248338717177,0.33276298245232017
GGGATGATCGAATGGG-1-MM-2.138P,0.33018923582242826,0.29064449858461033,0.21462556794226606,0.40113612080150396,0.363330938074882,0.381621417661766,0.29892663916538836,0.33367263593591384,0.33295901562908503,0.32936297622070787
CTAACTTGTAGGGTAC-1-MM-1.138P,0.3364148377007535,0.29572279518049893,0.1434665347324564,0.3807285102575308,0.39043457004100546,0.3485078085454768,0.31960568220200086,0.3520190754490564,0.3133609648693784,0.32352007658798315
TCACAAGAGGAGCGTT-1-MM-6.138P,0.3606476211280383,0.28616528785541245,0.19562354097858675,0.34845589662396176,0.3740503216441715,0.3385901936414718,0.29941006005643095,0.3404791277204455,0.30485574441170776,0.31181247379484717
GTCTTCGGTTAAGTAG-1-MM-4.138P,0.3171649100975667,0.2550341035661621,0.15864197855379858,0.37322932873769615,0.39124599952257394,0.33818062633790885,0.3508192032418982,0.33059775700699623,0.30961972471862914,0.29857326272285284
TTTACTGGTGGCGAAT-1-MM-2.138P,0.3276530243404094,0.2926914928213712,0.19851164900002052,0.40105133318730807,0.3619953779096071,0.3815974300084739,0.29997746899337885,0.336382731907743,0.32797504885414597,0.331143473059572
CGGTTAACAAGCTGTT-1-MM-2.138P,0.3304364865131613,0.28814059841508105,0.2179504171976115,0.4032102888198744,0.36355476940429915,0.38402810412995925,0.30165080399231053,0.3353838380070853,0.33300331169620295,0.32810148062838007
AGATCTGTCACTTCAT-1-MM-1.138P,0.3330540968476692,0.28721437247057735,0.16027273112208892,0.37629985073786065,0.39551243209413,0.34815641135637454,0.3213308694111244,0.3514726309105348,0.2997782811201343,0.327004535405233
GTCGTAACAGTACACT-1-MM-3.138P,0.3349851809212635,0.2567754389439434,0.23444575743448365,0.3650556796495964,0.3777988442256996,0.3277841105257542,0.34869705114583555,0.31978568597439955,0.3143395392769586,0.32540852649314045
AATCGGTGTTGTCGCG-1-MM-6.138P,0.3589095703380552,0.2826801562249829,0.19057256198793926,0.3447452662616194,0.37440713591822933,0.3390463288663929,0.29152162402853976,0.336566422102587,0.3086736095058435,0.30125973713798315
TTTCCTCTCTGAGTGT-1-MM-1.138P,0.34414679507355933,0.28806093940914546,0.13155605384861174,0.3835004370307258,0.38922332014530536,0.3498496104573281,0.32828729559697284,0.3582103557575177,0.31774537796217756,0.3326559878232371
AAATGCCTCACGGTTA-1-MM-5.138P,0.339100107094067,0.2820497624622251,0.16202933726458954,0.35359215260845567,0.3695202074229443,0.31445919135720674,0.2804393392127397,0.3516882221184956,0.3102449312677234,0.32345578974110256
AAAGATGTCATCGATG-1-MM-2.138P,0.33211297567393394,0.29037655329199275,0.20017321991917553,0.4000917440275243,0.36210402636988065,0.3802599352552771,0.29920051543404014,0.33425215324630775,0.3333435182402366,0.32914397809090484
CATGACACAAGTACCT-1-MM-2.138P,0.33213050598835003,0.287464708147408,0.20976383985543534,0.4017684889602954,0.36113307742905426,0.37664084933837394,0.2979735200690838,0.33997498265825377,0.3344184386117036,0.3315828146150981
TTTGGTTCAAGTCTAC-1-MM-2.138P,0.3369802296677952,0.28982313957743494,0.19226400686622963,0.40055756638248824,0.3612244687603433,0.37481054355821153,0.2992573499975347,0.3415867630089944,0.32931773265671294,0.33467822272923275
GTGTGCGCATACTACG-1-MM-1.138P,0.3291394704535795,0.2885830379566147,0.1368016609802673,0.37419588463529785,0.38488251336662793,0.3376701956529573,0.309866267822563,0.34563759883586115,0.30312557741626994,0.31824509347729846
TAAGAGAGTGCACGAA-1-MM-8.138P,0.36456615967160405,0.2742935417391196,0.26473210668233227,0.3751550404285623,0.3872593879952496,0.3522349660486262,0.32711059470139703,0.361969587383891,0.36676347711987184,0.3389408798051164
CGATGTATCGGGAGTA-1-MM-5.138P,0.3364722566845801,0.28627797052714404,0.14941689492843188,0.355642296850691,0.3679658511841153,0.32201703800199755,0.2788227319211675,0.3529320035754233,0.31413757124136504,0.3209536415294151
CGAGAAGCAGTCACTA-1-MM-6.138P,0.34531227967566996,0.26220387050529115,0.2648414288212594,0.3498566441856193,0.3756965236559708,0.31285775472710636,0.3161423138915448,0.2925412955196352,0.28100646496472514,0.2945208180225345
TCGAGGCGTCTTGATG-1-MM-5.138P,0.33570956585591766,0.28649501651373344,0.15877837790369176,0.3503757999352372,0.37098070182680093,0.32198892660737183,0.28074767140772666,0.35087515616902715,0.3129425609051516,0.3261462335089008
CAGTAACAGTGATCGG-1-MM-6.138P,0.35474880533177344,0.2721487087216617,0.17590506903254308,0.34572532037303,0.37398768651111725,0.3310766625975747,0.29774241622976744,0.3284105549141786,0.29858596058144304,0.3021132407565332
CGATCGGCAAAGAATC-1-MM-5.138P,0.3546031763358371,0.2913563758303246,0.15475909335821064,0.35387393249423393,0.3692863399425679,0.3104413295400286,0.29301482968749554,0.36884278553610517,0.3257285411148877,0.33748017290717786
GGGAATGTCGCATGAT-1-MM-2.138P,0.3300658757571692,0.2905180242281097,0.20120156363108047,0.4013162090396318,0.3620229530591568,0.383339814712572,0.29681131192293614,0.3324350501176383,0.33170958542307355,0.326249264353949
CGGAGTCCAGGATCGA-1-MM-5.138P,0.3350016556352465,0.28468601802985843,0.17573029147781533,0.34719853892483926,0.3719216810666451,0.3196640518461821,0.28175635898654766,0.3472742112194543,0.3136285653338092,0.3233950240529616
TTGCCGTCACTTGGAT-1-MM-5.138P,0.33664013462958886,0.2737245765656968,0.19279340749630824,0.3579162708402239,0.3704755935201963,0.3145650659162342,0.290605838886215,0.34998769058276746,0.31612463420398534,0.3286803460949185
CACAGGCCAATTCCTT-1-MM-2.138P,0.33089344799078535,0.290920602844722,0.2151420948173646,0.39955664513133965,0.3607592245060783,0.3761521030755,0.29887919499240495,0.33944633295816556,0.32974485881851057,0.3264183677143958
ACATGGTCATCGACGC-1-MM-3.138P,0.3203245103971836,0.2549526604558404,0.2331182753976484,0.36149705337287297,0.38549786256625906,0.32555745874924696,0.3306084161617623,0.3032818901169646,0.3013329635913465,0.29750711639075006
CGATGTATCCCTGACT-1-MM-6.138P,0.3542903777741721,0.27654977073974557,0.18307293847404368,0.34876762493394053,0.37325704841501095,0.3386566570691854,0.29619672918929535,0.33075788159289876,0.30869971263029267,0.30740681810217185
TAGGCATAGCTGCAAG-1-MM-2.138P,0.3312287221329671,0.29126722593562854,0.21258002144097746,0.4042709207841093,0.3610109533505963,0.38000694420973735,0.30067833259661586,0.33897795090714167,0.3291101494616499,0.3364753776526947
GGACAGAGTAAGGGAA-1-MM-5.138P,0.3353276187204644,0.27527484744415454,0.1728372461599561,0.34323598821814055,0.3747083483972595,0.31601088897077784,0.28679849983498423,0.3326802391588963,0.3026441092958398,0.31240245438514863
ATGAGGGCAATAGCGG-1-MM-1.138P,0.34140992174820806,0.29020487126426425,0.21794003081298516,0.3805527444848714,0.4173888311672871,0.3384180976296565,0.35100346681122024,0.36566901803320734,0.31236054919669587,0.3350966378810337
ATCCGAAGTAACGCGA-1-MM-5.138P,0.3336629613975121,0.27102876243367807,0.1786860529272777,0.3448619164332916,0.375580781492605,0.3164339581155581,0.28550636812086594,0.3256256083109702,0.297738814575709,0.30711709238014745
TAAACCGCATATGAGA-1-MM-1.138P,0.3292434541312219,0.29455266295017823,0.18682288197593966,0.3811483556398185,0.39368908059750407,0.3511620257958343,0.3246632007781546,0.3471761368721803,0.2984153138701028,0.3212124447993099
GTTTCTATCCGCTGTT-1-MM-2.138P,0.33192408092840564,0.2872918176669543,0.21109107555020507,0.3983201639768838,0.3617156481224693,0.3756350361241407,0.29734962289498473,0.33629443646084517,0.3300802070358487,0.32892080965165305
ACTGTCCGTAACGACG-1-MM-1.138P,0.3259753495776803,0.2876100833924202,0.1343094725022545,0.3737038835362364,0.384358459748852,0.3375397276237806,0.30679348049483274,0.33833424608929075,0.29916730592848223,0.3114744361457594
TCGCGTTGTAAACGCG-1-MM-3.138P,0.3394704826577484,0.2575252904939079,0.221589083490779,0.35642335609551506,0.3798574731897441,0.32247415099257326,0.34716367668037523,0.31988367745435853,0.3178166619776002,0.3268811436034722
TTGGAACAGCCACTAT-1-MM-2.138P,0.3294717392921509,0.29341478604754395,0.2138516156508313,0.40008711675662306,0.3616730350830547,0.37677467004632736,0.2980466419963123,0.33899410942303854,0.32831832224313706,0.32620333567951726
CGACTTCGTGGTCCGT-1-MM-2.138P,0.3280088753601617,0.29124615609845556,0.22575379563664413,0.40015878801453864,0.3633906018922405,0.37660888185019425,0.29948431385654734,0.3363481610923038,0.3286139197846417,0.3276732573486424
CGAACATGTAATCGTC-1-MM-8.138P,0.41290796895174636,0.31287177678578393,0.30327486925513425,0.3900101165938615,0.4169671640347778,0.3647469471826859,0.39504256493925205,0.39876797230466676,0.4041756188878874,0.397512563434329
GACACGCTCCGTAGGC-1-MM-2.138P,0.3307205341737587,0.2916784119849514,0.21233377968149805,0.3993226154265294,0.3610189735915457,0.37733687476646305,0.30168881398852876,0.34311640005791494,0.33296090415805185,0.3324386470248944
AGTGTCAAGTACTTGC-1-MM-1.138P,0.3274032910797215,0.2963458087761897,0.16190340100835032,0.38124833745724745,0.38368881336142346,0.35138303818278965,0.3082524743371605,0.34925530035877517,0.31890057569342767,0.319947794995002
GGATGTTCACAGAGGT-1-MM-6.138P,0.35202087542749316,0.26967083416855303,0.18656160471462455,0.3460458410304777,0.3732807879845108,0.3343773481207663,0.2935184783196369,0.3296407878072468,0.2983665795234957,0.30278061652015104
GAATGAAAGGTACTCT-1-MM-1.138P,0.3300951770863888,0.29267227972335536,0.18065540350781756,0.3785928248041415,0.3928154252795536,0.3490113474765623,0.3198805266498792,0.34754075012185537,0.30680914263761133,0.32231708322400615
CACAGGCTCGTTGACA-1-MM-2.138P,0.3295108735089365,0.2878913531813006,0.22993002555527642,0.39661954135045757,0.36325585555140416,0.37598893206685285,0.29849206322684524,0.33451355059054283,0.32880701342246665,0.3312583482463066
TGAAAGACAATGGAGC-1-MM-8.138P,0.3834733916631515,0.2906269662151161,0.2801992542909776,0.37980098295079084,0.39449517999048483,0.3628943824893788,0.36166171956134896,0.371654159122186,0.39014867991006474,0.3603762806485478
ACACCCTGTTCGCGAC-1-MM-8.138P,0.3789675545926338,0.2775486523914867,0.280015115750963,0.37562065698622743,0.389531837988407,0.35099420278355076,0.3422391864005765,0.37135296949563384,0.3793449106338716,0.35016676276857733
AATCCAGAGGCTAGAC-1-MM-2.138P,0.3272909481281677,0.2913888787749979,0.2203673957920872,0.4007345597920349,0.36223255100691554,0.3775413511303193,0.2993521991868598,0.3369417505376283,0.32918372929454415,0.3241874772168393
GACGTGCTCCACGACG-1-MM-6.138P,0.3560323311572191,0.2787475100559042,0.18979744400334456,0.34599775087293017,0.3733270651607072,0.33707842495723606,0.2938728963638948,0.3372310480959218,0.30204823854231144,0.30581088051392913
CTCGGGATCTGTCCGT-1-MM-1.138P,0.3290542320257075,0.2922068433747907,0.1267960541657514,0.37752890180013565,0.3844931535307209,0.3431150048869322,0.307385794022374,0.3478089145125407,0.30461615861617763,0.316660222948289
TACACGACACTTACGA-1-MM-8.138P,0.39099346915418315,0.2929920771748339,0.2844634207322417,0.37826654111606667,0.3972327468104899,0.3506899075376278,0.36218338403431527,0.38522886970005393,0.3865319136751935,0.35246902785902184
AGTGTCAGTAACGTTC-1-MM-1.138P,0.3264698115561424,0.29433620260811394,0.14613390121511974,0.37827337978540315,0.38505695574946835,0.34238463188115426,0.31084591969660397,0.3421090685095138,0.3017790096823746,0.3128736187048542
CGACCTTAGTTCGCGC-1-MM-2.138P,0.32764336758491264,0.2905279803607076,0.2349222124788181,0.40346170279074955,0.3631107127197352,0.3860944296681405,0.30156975155213245,0.33577726168764,0.3312348353731331,0.3296257047867664
GTACGTATCACCAGGC-1-MM-2.138P,0.33050230289087223,0.2902141650405158,0.21037095172521808,0.39973229649910647,0.36201559625554924,0.3816293944747773,0.298694121926472,0.33497919586456126,0.33104804247375125,0.33040219801654663
AGTAGTCCAGACGCAA-1-MM-3.138P,0.3367470606083016,0.2590426089331995,0.2347389581976957,0.36274587454489887,0.37927174484755705,0.3284924253508649,0.3508476533453874,0.32355966758470717,0.3200934781100042,0.3259625443369314
CTGTTTATCCCATTTA-1-MM-1.138P,0.32893961390160104,0.294380279686996,0.19178332175020063,0.3808107637622734,0.39389865010506686,0.3530040223997083,0.3258201319580462,0.3462045240624215,0.30035475966812153,0.320562618019051
ACTTGTTGTGGCGAAT-1-MM-7.138P,0.35294321972256815,0.28292441324721146,0.20531451199423195,0.3633406189164098,0.38701371063098483,0.3455696120444647,0.3453638759334665,0.3303864725636647,0.31196304618424076,0.3103812607256487
CCTACACAGCGTGAGT-1-MM-5.138P,0.3385280161248787,0.2858852979829254,0.16712376634888787,0.3555937900093457,0.36920824516236855,0.3150691012326546,0.28298631706504546,0.3580607620727164,0.31990440152289723,0.32629031560559757
TCACGAAAGTGAACGC-1-MM-2.138P,0.32469360192511854,0.28999367474464166,0.2479550006366288,0.40599978812279836,0.36322034709003514,0.38955345221555926,0.3051711506421523,0.34041581347869965,0.3360026854721157,0.3367683484887017
GATCGATTCGCCCTTA-1-MM-2.138P,0.3313216193795238,0.2888360962351817,0.20360891582955837,0.39899532264067117,0.3612749395961981,0.37410616769698657,0.2990395035013145,0.33839342596506494,0.3302033684465937,0.32585037603113165
GGATTACCAACCGCCA-1-MM-3.138P,0.34165553055179704,0.2575579160293826,0.2239802162351179,0.3563492358461199,0.3802507912205283,0.32237494974613273,0.348196162142869,0.32242528180328683,0.32026303611810397,0.3300815671205511
CTCCTAGCAGCGAACA-1-MM-2.138P,0.32761065850074783,0.29195003907174893,0.2209548337559203,0.4006159088287835,0.36249508663578744,0.37537693852158066,0.2974251503743753,0.33803255223686424,0.32779642962567973,0.323987921334326
TGGCCAGGTGCCTGTG-1-MM-2.138P,0.33132188920141786,0.2891053133803149,0.21762179072983093,0.39918836662472956,0.3630714224040469,0.3777346195106642,0.29937587075897576,0.3347512858527949,0.33054296660107824,0.3348257404526844
AACCATGTCGTCCAGG-1-MM-2.138P,0.32958388646649067,0.28927079338079886,0.21293300073817018,0.4004599191115779,0.3628644181904504,0.3816394890465483,0.29952287350107343,0.3357331328517517,0.32862529925247513,0.33215354344139914
TGCCCATTCAGCTTAG-1-MM-2.138P,0.3325548372377158,0.28741205558667876,0.21726336452030431,0.3977585925307609,0.3623982797586577,0.37424190914550076,0.29885019315706846,0.33609941779485475,0.32859005049335305,0.329839104818714
ATCGAGTGTTGCGCAC-1-MM-6.138P,0.35508467869667965,0.2764919787909495,0.19437883395826944,0.34551688470730524,0.3745683501271751,0.33296552442006927,0.2984689066799931,0.33865567908543687,0.2992460346576337,0.30656130198662124
GAACGGAGTTAAGGGC-1-MM-2.138P,0.32648861480540825,0.28979790305322034,0.24226324018145132,0.4049581189356501,0.363274608178882,0.3884345912445391,0.3026814813432376,0.3390486769058609,0.33295149814862784,0.33161713188406877
CACAGTAAGGACATTA-1-MM-2.138P,0.3265455296797575,0.2928043310538059,0.23806928268119054,0.40030328248296704,0.3617627877846719,0.37858170470156677,0.2982387495727995,0.33621543185236763,0.32914946508752585,0.3266456398223644
TCGAGGCAGTACATGA-1-MM-1.138P,0.33113830501794067,0.28989468981090916,0.18271148549281702,0.3792488409501438,0.39604934651748075,0.35161637382197913,0.3274592492175115,0.3490519484194145,0.3056221518508191,0.32999013761002327
ACAGCTATCGGACAAG-1-MM-1.138P,0.32632508212429623,0.295456652660991,0.15473215868726384,0.38076021104891056,0.38554214463452485,0.34841741199625137,0.31622312436417566,0.3410411624381174,0.30464567119727165,0.3138737928219613
GCATGATGTCAGTGGA-1-MM-7.138P,0.367983126697404,0.27671246518965464,0.18293880198342594,0.3645311854068082,0.37944554065280073,0.35434721510730877,0.34043908962807085,0.3400624970851085,0.33357126993490077,0.3132047543794833
AAATGCCCAGCTATTG-1-MM-2.138P,0.32745454908244964,0.28714773361102813,0.234733430392086,0.39907276534669606,0.3633734039477752,0.37166411041239283,0.2993630988554084,0.3370456025473395,0.3318538469443353,0.3277442468068016
GCTGGGTTCTATCCTA-1-MM-4.138P,0.3195645030264064,0.25725905098106777,0.1687402157394871,0.37169212793848766,0.38923046137000916,0.3374205063955013,0.34013403209061244,0.32753232759744577,0.3139340590685956,0.29700921347652603
TCGAGGCCACCAGATT-1-MM-1.138P,0.328911955237864,0.2910154413621007,0.17620857280461646,0.377990381706046,0.39209680494547666,0.3482219331209994,0.32132451560163683,0.3447068919038502,0.3012570246635334,0.31593741828309146
GCCTCTACAACGATCT-1-MM-2.138P,0.37545338580574084,0.2907537074023428,0.3145978701792269,0.37273106686639884,0.4029320106775433,0.37065137324744746,0.34150415738519196,0.3597744253554354,0.3562561424694774,0.3703233202293499
TGACTAGCAATGGAAT-1-MM-1.138P,0.3262285022994731,0.2888942189254034,0.1556089105230633,0.3742766206171321,0.3878845016872982,0.34402133970478116,0.3148460082834343,0.3398602998842707,0.29506458198724117,0.3134371561984946
GTCCTCACATCTCGCT-1-MM-1.138P,0.3248829316931611,0.2862736217231755,0.1580199897315584,0.3739202182457533,0.3875174365538975,0.3418855849907371,0.31174018344814824,0.3399205707106796,0.3043241798077468,0.30973004783407465
TTCCCAGTCGGCGCAT-1-MM-3.138P,0.3428442842693506,0.2566410667689743,0.22422249394367452,0.3548405675109547,0.38195873779441314,0.32183622615802865,0.3491668477016718,0.3215534444199876,0.31972472375893385,0.3346060495546948
TTCTACACAATAGAGT-1-MM-5.138P,0.33984511632952946,0.28913370876455724,0.16737758593932703,0.34748486970349285,0.3713985901633689,0.3219218835033832,0.2816519061294721,0.3556621695680502,0.31665821347900897,0.32487582820589905
CGGAGCTGTGAGTGAC-1-MM-2.138P,0.32824505566805295,0.29095935665589245,0.22230297631563803,0.3995348694632137,0.36408355673972626,0.38054198810875756,0.2976995350618562,0.3359920065230535,0.32739578867729463,0.3262191078215059
ACGATGTAGTACGCCC-1-MM-2.138P,0.3418722308505602,0.2847229515078849,0.22308514079499026,0.3944607952376057,0.364334542969708,0.3673375995276646,0.30449361573456823,0.35611029806958966,0.33501221771079853,0.3507242524097529
AGCTCCTCAGCCTTGG-1-MM-2.138P,0.33012049315957287,0.2890612087359607,0.20802508625489757,0.39882878213983036,0.361861235143209,0.37726564722128036,0.29776352249762544,0.338354994001044,0.3297046417387138,0.3286811874482639
GTTACAGCAATTGCTG-1-MM-1.138P,0.32960717738218626,0.2933208204833289,0.1672887975001347,0.37790041540625585,0.392103856602695,0.3472054960223232,0.3180016274132686,0.3429502989907751,0.30540234350756024,0.3157138625595221
CCTACACTCTTGACGA-1-MM-7.138P,0.39578917319533,0.2817901763066912,0.27228063154709287,0.36052605857431785,0.4046107130857559,0.3425510864482394,0.36530214675077105,0.35612927608326306,0.3432043384044796,0.33691785633815147
GTCACGGAGGTGTTAA-1-MM-2.138P,0.32999738256510514,0.28821729224330694,0.21496130707921976,0.3976840191382663,0.3637267062992829,0.3738505614170632,0.29852256296356217,0.33423915982768965,0.32943273967491093,0.32959225351922183
AAAGTAGGTGTTGGGA-1-MM-2.138P,0.32795076023169206,0.28856410020895645,0.22247296275865605,0.4004806888946781,0.3635138490290286,0.38072985049506186,0.2980904600881661,0.3359738154618265,0.32995664609464875,0.32920518902344614
ACACCAAGTAGGAGTC-1-MM-4.138P,0.3176428203027511,0.2601836682055446,0.168190677900209,0.37286792166714144,0.3883760917983922,0.338155024439075,0.33462771353820164,0.32698440913831117,0.31466155241357335,0.29253312945875454
TGAGAGGTCTCCTATA-1-MM-2.138P,0.33122701591289866,0.28940865520127507,0.2076362307625701,0.4004893278410528,0.3625516753013773,0.3806612118874342,0.30052529847520076,0.3342870710682776,0.3308789581296584,0.33275871731786466
GATGAGGTCCCTAATT-1-MM-5.138P,0.34916284027214856,0.2872213868365897,0.19245196965959935,0.34590579791997844,0.3725498441580256,0.31491438131169464,0.28954107016000247,0.357931289094103,0.3121357172633075,0.31920900167781485
GAGGTGATCCTACAGA-1-MM-1.138P,0.33774727822114897,0.2951000253148014,0.17446652638543508,0.37635529178289545,0.3940865636364675,0.3457301075712484,0.32318565110750075,0.35289247349941266,0.2960426538968489,0.32221063363478936
GTTACAGTCTAACTTC-1-MM-2.138P,0.33466818201366444,0.2889077397163689,0.20505820103525385,0.40031731850033386,0.36044098109168266,0.3766919351769507,0.2983926118155568,0.34184490988234373,0.3312977953431799,0.3341417261979687
GGGTCTGTCATCGATG-1-MM-5.138P,0.34392591015557306,0.29195143947343266,0.16135047578534661,0.35551856972806467,0.3675390886877054,0.3152570622764967,0.2793444107421365,0.3553488575517291,0.31883237506224266,0.3281505386691213
GATCAGTAGCTTATCG-1-MM-3.138P,0.3381150417341512,0.25338600328137145,0.2308462203640202,0.35306796675176966,0.3837069210379707,0.32084966015955213,0.3492208072168265,0.3152685397279963,0.3135740801915798,0.3303727359953094
GTCGTAAAGGATTCGG-1-MM-2.138P,0.3306403775299568,0.28809124462488955,0.19594053229488978,0.40073650310988934,0.36317776090271886,0.37995627870342186,0.29977707622000066,0.3366408725296642,0.33250062932709223,0.33068812100225187
ACATACGGTCGAACAG-1-MM-2.138P,0.32933210919159567,0.2887387036989219,0.21280502408783825,0.4013491781420572,0.3628208651050492,0.38049704252664873,0.2996966338420573,0.3361473521302001,0.33021875564109315,0.3294601211982604
TGACTAGAGCGTGTCC-1-MM-1.138P,0.3273879823369211,0.2833101151866316,0.14595845223539922,0.36721252783075164,0.3835232582047568,0.33144656965232666,0.3047161481683357,0.343061918993988,0.3026259666775277,0.31558298616537866
TGCCAAATCAGAAATG-1-MM-1.138P,0.32637662724372163,0.2931373932697665,0.15012064859607532,0.3802530167130763,0.38593411819047657,0.3468220934081562,0.316608884492367,0.34112332930704675,0.30647588645985746,0.31157348260021683
CACACCTAGGGTGTTG-1-MM-1.138P,0.3334729606949679,0.29145589604562,0.20208307253213723,0.3798718833969064,0.397970006992465,0.35382721750300633,0.3296428211000999,0.3506281313197207,0.30192430245459984,0.3300608096385402
CCTTCCCCACTTAAGC-1-MM-3.138P,0.33661549800291335,0.24989239508765726,0.23316221973299156,0.35701217428964305,0.38218850209175614,0.3242058062639876,0.3528344265960365,0.31727803002404,0.31190101521389074,0.32313434559191906
AGCCTAAGTGTGAAAT-1-MM-2.138P,0.3294668798541859,0.28825687626111296,0.21055763160243327,0.40017187737719073,0.36274279179680213,0.3766611350952265,0.29843457692580894,0.3371231442279482,0.32993537034962017,0.3286115684290148
ACCGTAAAGCTAAACA-1-MM-2.138P,0.3328226133231554,0.28842208418034787,0.20791968595226848,0.39503049455746064,0.3615062492621929,0.3725263348793865,0.2994035345572116,0.33373108840748406,0.3302541520179872,0.3316104603732389
GCTTGAACAGCTGCAC-1-MM-1.138P,0.33069702290119274,0.2907269647521054,0.1780983932716881,0.3776582815546308,0.3952839924699219,0.3500604568252623,0.32097006470397904,0.3441442041533834,0.29906644196717486,0.31737562933263674
CGATGGCTCGGATGGA-1-MM-2.138P,0.3279503588708688,0.28997074432732217,0.21544903315125455,0.39891133535170525,0.36394093144180295,0.3787138189506376,0.29745098608390524,0.3363770845075161,0.32741694361679335,0.32675921044856926
GCTCTGTAGACCCACC-1-MM-6.138P,0.3528207842047609,0.27127976015637734,0.1695460085942772,0.34573096283279076,0.37350969246494564,0.33386917032567837,0.2939052171321954,0.32947022899062695,0.2980018356051125,0.3000829509582676
TCGCGTTGTTAAGATG-1-MM-6.138P,0.34801797058972855,0.2747806093321408,0.17891731889271847,0.34408021747017953,0.37550825881516187,0.333192103002531,0.2946553299438275,0.33034020304391887,0.30064354545459965,0.29520151387047744
AAGTCTGCACGGTAGA-1-MM-1.138P,0.3424627850136136,0.2800522680897079,0.21261259582656986,0.3754429173503569,0.4101280588905578,0.3401252401930846,0.34510133213974814,0.3540575488499274,0.3037542947030257,0.32573068123092713
TCGGTAAGTTCCACTC-1-MM-6.138P,0.3540519862198361,0.277254754032085,0.18387928420190117,0.3523081393294167,0.37568203327635913,0.34973824314231927,0.2975955708525199,0.323297410161166,0.2995491041364309,0.29460068999572214
GAGGTGAGTTCAACCA-1-MM-3.138P,0.33920792940072053,0.2538646316066625,0.23008504221749593,0.355802732264835,0.38433149938090994,0.31947561929038987,0.35123913392668943,0.3164694087139551,0.31392232962170763,0.33045758513526013
GCCTCTATCAGTTGAC-1-MM-8.138P,0.3900514602301387,0.293027938273231,0.2988283180863629,0.38156957534446406,0.39930513249515065,0.35924276546588896,0.36882483322476434,0.3799673365092192,0.3947825178885666,0.3611271573206243
AGCCTAAAGGACAGAA-1-MM-6.138P,0.35648061662267677,0.2921522512113988,0.18316735313728055,0.3549025366674358,0.37437461567909813,0.35646902526107355,0.29500001008803606,0.3312624518442847,0.3080731532532374,0.3069847329805932
ACTTTCAAGAGGGCTT-1-MM-6.138P,0.35140931821506144,0.2838330891267653,0.19073424922777396,0.3551407796480101,0.37563182423447117,0.3556195705669736,0.2977463965742829,0.3270948265404046,0.3034019124088543,0.2978350169402148
CCTATTATCTAGAGTC-1-MM-1.138P,0.33683781299305043,0.28878773555411735,0.16724734676972913,0.38147622121963604,0.39198653818860096,0.34982635771909887,0.32505261699283133,0.353188380282223,0.3124019188606399,0.33004495984941234
CACAGTAGTCCGTGAC-1-MM-5.138P,0.33768495204199384,0.2899803257379225,0.2059390139259036,0.3556728194107647,0.36738239068520256,0.32323042370583804,0.27779676982951235,0.3589677970448218,0.3229287671782419,0.331781391048473
GCGCAACTCTCTAGGA-1-MM-5.138P,0.3457672899700759,0.2935355887664653,0.170057758012247,0.3567780535689299,0.36737052347783805,0.3147640127428548,0.2869295656359552,0.36952657575359776,0.333142071086578,0.33629329081782394
CTAGAGTTCGTAGGAG-1-MM-5.138P,0.3633781183502018,0.28669209234891213,0.1187192144581052,0.35028555923649296,0.38593197612657026,0.3016774091745048,0.31699196841120275,0.3734043691976845,0.3356969586901896,0.35331278471189276
CACATAGCATGGAATA-1-MM-4.138P,0.3507002330793154,0.2688192457955187,0.19572474322116412,0.37135986100382623,0.41577971115814516,0.32518081757610373,0.3775671426407691,0.3544846481926698,0.32243911989085916,0.33085261462555365
TATCAGGCAAAGGCGT-1-MM-8.138P,0.37019054055034434,0.2679737716766073,0.22096165168810764,0.3690768053832496,0.3829920474293594,0.3422281177815683,0.3287772509289183,0.35663938449933663,0.3626218646568719,0.32351475771595234
GTCTTCGAGTCGAGTG-1-MM-2.138P,0.3307289433879163,0.2878233353497695,0.21269627042857725,0.40124377757971286,0.36083474918696573,0.37594913443981914,0.2994764134233116,0.3379293741393653,0.33342898227982354,0.3296046548321951
GACGTTAAGCGATAGC-1-MM-1.138P,0.3289385893818168,0.29197515673801755,0.13557342706295103,0.36993172561406745,0.38238421662522676,0.3377117533045647,0.30546453328418005,0.33982246053119625,0.29599291870970995,0.31674272950243754
TGGACGCTCAGTCAGT-1-MM-1.138P,0.3276149846641299,0.2932663391979153,0.18612607999896785,0.3794491548812673,0.3919761967605207,0.3496554956758085,0.32234194933089527,0.3480348901162767,0.3034696429673808,0.3241096602742338
CATATGGCACCATCCT-1-MM-5.138P,0.3268352757136004,0.26911968471227954,0.17646586232007702,0.34687612041868443,0.3761268116680605,0.3142669822440897,0.2865539830847537,0.3296155810918359,0.2947503754075271,0.3052980062125966
ACCGTAACAAAGAATC-1-MM-1.138P,0.3269865893335071,0.2941718430338546,0.18614946037872693,0.3791120658286441,0.3940894025033011,0.35036915261951446,0.3240840631845715,0.3441352862007326,0.2987803985457758,0.3184900709589953
AGCTTGAAGCCCAACC-1-MM-1.138P,0.32848296361811685,0.28474655584720016,0.13666444129302416,0.3693470393593945,0.3795105573756324,0.336289843981466,0.29637037163980073,0.3482789092510101,0.3063792742644938,0.31613926830328715
CTTAACTCAAAGGTGC-1-MM-1.138P,0.32711821304543054,0.28479132691936326,0.13204116863409163,0.3657852431509299,0.3806761323875609,0.33253566469300383,0.29645411739643945,0.3429279487234118,0.3013543608313619,0.31766020448195387
TCAGCTCAGATAGGAG-1-MM-7.138P,0.3600976681810564,0.2855235083455068,0.23867039970457532,0.3625105674659154,0.38679895763562805,0.3447775256938582,0.3440021839516781,0.3294099288020929,0.3154069610942333,0.3117442355834498
CACTCCAGTGCTCTTC-1-MM-5.138P,0.36624402368118925,0.2960461173808152,0.1441426318052602,0.3566030039572008,0.39164781100883694,0.29627952520736395,0.32368681541791783,0.3792445063132396,0.33587006838157235,0.35660337560574423
CAAGGCCGTACACCGC-1-MM-5.138P,0.32780340089774973,0.26967886278171577,0.19484983710937553,0.35168464388760096,0.3750871028597748,0.3177209525586878,0.2869691489176819,0.32933228048409696,0.30014173922726395,0.3096670899109551
TAAGCGTCAGTTCATG-1-MM-1.138P,0.32736840248739263,0.29250891182566674,0.14888768637923513,0.37862847582532594,0.3865510145833475,0.34318556848588533,0.3141181667024097,0.344352209499807,0.30077240337845546,0.31725715229446233
AACGTTGAGGGCTCTC-1-MM-1.138P,0.332453277921132,0.28885379402612643,0.16677130211543253,0.3770883673616499,0.3899782030554829,0.3433593958352243,0.318856708910456,0.3446900321028292,0.3004747209254432,0.3195175668558189
GAGTCCGAGCGATAGC-1-MM-3.138P,0.33492056649170787,0.2525291112880731,0.23422642471849153,0.3599662859787389,0.38085482160642453,0.32821466147391365,0.3519211515326988,0.3154141408031709,0.3123632818284398,0.3216080778667428
ACCTTTAAGTGCAAGC-1-MM-2.138P,0.3311956073174944,0.2905958713201932,0.2154048125019575,0.4009053277069863,0.36191144837144146,0.380173424245952,0.2999761966749447,0.3378850640527177,0.3340131720461904,0.3312702514864309
CATGGCGGTGTCTGAT-1-MM-5.138P,0.3382759445150746,0.28190638320616784,0.16324612012499418,0.3423959506546514,0.3745801340513361,0.31010910283049903,0.28691945731983365,0.34180489576260514,0.3058100560423054,0.3179945090896221
TTCCCAGTCCCAGGTG-1-MM-2.138P,0.33173892892097934,0.28787532048611164,0.2169377669521132,0.39996929131097825,0.36226659411861545,0.37952275307047995,0.2993796472228168,0.33486501911645256,0.32956683793406016,0.3303648726979232
GTCACGGCACGAAGCA-1-MM-2.138P,0.3390871647276543,0.30284664085768365,0.2174877696911412,0.4115393716483741,0.3609834593106029,0.38980558792690484,0.3058093236654695,0.3378938635502048,0.3378140831890971,0.33320257378131735
TTAGTTCGTACAGTGG-1-MM-3.138P,0.3416485823545833,0.2561247923084045,0.23437573270111445,0.35767945383030186,0.37962002439327897,0.32472974129104404,0.3502651164711055,0.32451210608844205,0.3214888783968683,0.33206444072199753
TAGCCGGGTACAGCAG-1-MM-2.138P,0.3293878224322901,0.29100909593798313,0.20559392814526253,0.40135442425718953,0.3610816446789169,0.38119901884782115,0.2984368456239839,0.3324803693511111,0.3323743274205801,0.32685718275086856
GTGCGGTTCAACACAC-1-MM-7.138P,0.35277960458865676,0.28413235995947633,0.23341743645632979,0.36228856893856043,0.39521740184605364,0.33750150051647304,0.35076650545915555,0.328120563622925,0.30127814977258766,0.3128889127353679
AGCTCCTTCTAACGGT-1-MM-6.138P,0.3565608895868645,0.2836821303156786,0.19271026312564277,0.35267306848549757,0.37559871764903435,0.3515158775596755,0.29524628677579956,0.3288768826242881,0.3055346354295985,0.30396260669968145
AGTGGGAGTAGGCTGA-1-MM-2.138P,0.3300504342559941,0.2944673284193635,0.215104151632623,0.40032869165185386,0.36300020829672,0.38031044053053725,0.29926175886013484,0.3365195413284398,0.3301864538320773,0.32465468475417164
ATGTGTGAGAGGTTGC-1-MM-1.138P,0.32315512880147407,0.2934496437034867,0.17845614485876038,0.3797402197761427,0.3898957987526188,0.3509668215309107,0.3207029731444746,0.3402383566725879,0.2994182714740026,0.3139712593040328
TGGCTGGCAGTAACGG-1-MM-2.138P,0.3309266950222054,0.28791183135831033,0.2028589813203026,0.4015807644244557,0.3619667238272338,0.37840609842161643,0.30014653585244305,0.3405898809828998,0.33304523701030414,0.33202451423328855
CGTCAGGAGTTGAGAT-1-MM-7.138P,0.3473572359656012,0.28953652054244167,0.21358153739032892,0.3647397506110963,0.39151852678906734,0.3414018855996326,0.34911620478593813,0.3292206392193119,0.3058480972512378,0.31188531550141807
AGCATACTCTCCGGTT-1-MM-2.138P,0.3298343552067423,0.288306424321279,0.22143832415976022,0.4003544239490024,0.3631983442908141,0.38134564165187756,0.29814197280559523,0.3341295811984748,0.3302567762208828,0.3282254611252441
GTCTTCGAGTTGAGAT-1-MM-5.138P,0.3476255033561113,0.2918983284269833,0.16576692634543472,0.35185122537490804,0.3681687741805787,0.3180895682515256,0.2848618134798528,0.3618153760685292,0.3164605530522765,0.3297106852081097
TCTCTAATCAGAGACG-1-MM-2.138P,0.33264664251894327,0.28913427443435263,0.20272144136669984,0.3999635615532793,0.36173870366860666,0.38064115419511735,0.2996269444845369,0.33611229614756616,0.33016603338226175,0.3327036741129758
GATCGATTCACATACG-1-MM-1.138P,0.333094771106997,0.28933883308355596,0.14460737497716616,0.37791556172433577,0.3862458824568402,0.3471898121094082,0.31794523105372013,0.35143514468377185,0.30911146323141847,0.32607542395271055
CGAGCCAGTGTGTGCC-1-MM-4.138P,0.3215143210740073,0.2556733094105751,0.1656507009001517,0.3704839084398927,0.38941689178093236,0.33626803263994326,0.3423490018688409,0.3265973338995831,0.314928442326709,0.3007885133674571
AAACCTGAGACCCACC-1-MM-2.138P,0.33174958895533313,0.2871279314826557,0.20891047210533967,0.4050071825788846,0.3627120105548629,0.38302461037112784,0.3024431141819083,0.33902434092098044,0.3329574161375946,0.32896798871398936
CGGAGTCCAAACGTGG-1-MM-2.138P,0.33910668372127234,0.2834199066622628,0.2186410459453292,0.3934695982674698,0.36335143039992146,0.36597774482881784,0.30598772942371466,0.34698792332490136,0.3348854597614603,0.34409248258089
CCAGCGACATCGATTG-1-MM-2.138P,0.3294179398085508,0.2867805129208867,0.2182223105042923,0.3958755023495033,0.3633013353599587,0.3752033047150558,0.2984419861560772,0.33318770836070466,0.32782001180588993,0.3296459727641154
ACGGAGAAGTCCCACG-1-MM-5.138P,0.3339703630789515,0.27076897886381546,0.20313690871491835,0.3553454720765983,0.3701949416134102,0.3150819253821918,0.2859405010595066,0.3427970907122474,0.3078514852293344,0.32187033557376643
CTCCTAGAGTCACGCC-1-MM-2.138P,0.3289432036343676,0.28796803775623936,0.2139137467986361,0.3978617762448789,0.36283673458407284,0.3768523073713909,0.2984408594089846,0.33538493301390426,0.3292112116352638,0.32922523699676076
ACGGGTCTCCAAATGC-1-MM-1.138P,0.34067127171288825,0.2972918335929773,0.17508317297737286,0.38320186703992903,0.3893513569790177,0.35121276874657625,0.32437769700944674,0.3524746555544828,0.3043234678240571,0.32946635904852556
TGGGAAGAGGGTTCCC-1-MM-2.138P,0.32830474754762917,0.2897147611282051,0.2300050646083219,0.4005485444662107,0.36191790323233547,0.37647500117686794,0.29779660610218306,0.3388103375353268,0.3278414969591947,0.32763053137199255
TGAGCCGAGACTGTAA-1-MM-1.138P,0.32810281235930633,0.2891186482383419,0.17698706339390308,0.37890210056369605,0.3929437630674247,0.34882230185399404,0.3225786524795269,0.34429425935240576,0.2949332540276145,0.3156961189213651
CTCTAATAGACAGAGA-1-MM-5.138P,0.335875690497869,0.2684901093163222,0.19615366483384877,0.3503626960895992,0.37883310366266754,0.32311986558005074,0.2894877279611657,0.3291323169934921,0.2995046063482126,0.31327023396371745
TCTCTAAGTGTTGAGG-1-MM-2.138P,0.32951111684249795,0.29287554155319045,0.2061604619227322,0.40117194793360367,0.3617544535327168,0.38218524060986286,0.29933597887583674,0.3368329766711071,0.3317350877901401,0.32993923585082224
GGATTACAGTTGCAGG-1-MM-2.138P,0.32752763150136094,0.2903490211468018,0.22049781528255297,0.40110006318020114,0.3647452064497894,0.37801907646045185,0.29972601186917097,0.3381319575885026,0.32873916742507114,0.3265797889698632
TCGCGAGAGCCCAACC-1-MM-1.138P,0.3269666078272827,0.29351567025363395,0.147016302094038,0.3790202483842281,0.3858906790949041,0.3454705902923654,0.31634275841775544,0.3444704359496667,0.3046638731519826,0.31264978511106745
CTAATGGAGAGGTACC-1-MM-2.138P,0.3377055727951866,0.2960379287920057,0.20075293668898161,0.4071013617903497,0.36001934882595277,0.3855961610205318,0.30213346590839235,0.33942221670371614,0.333733541100768,0.33426737036311643
ACGGGCTTCAAGCCTA-1-MM-8.138P,0.3606594028398539,0.2724243575628711,0.23070777308595494,0.3727646970433343,0.3834514872450114,0.35141994357905576,0.328029600820261,0.34973697256597414,0.3606985687316841,0.32371425915435237
CGGAGCTCAAGCGAGT-1-MM-3.138P,0.3341987199390548,0.2540663725374205,0.21813084607601652,0.35586463505439037,0.3802784380468669,0.3247306558570001,0.34828315657372466,0.3139548803299048,0.31537137329168435,0.32718103497489
TGCCAAACAGCATGAG-1-MM-7.138P,0.3533821054152886,0.2841120761955492,0.2275647327382088,0.3624156683232013,0.3907781487612166,0.3406065743573513,0.34664829875218767,0.32611290110771574,0.30494257356283505,0.3103336673871069
TTTGGTTAGAGGTTGC-1-MM-6.138P,0.3518407515556126,0.26922769630734644,0.17713754923981279,0.3470546949552694,0.37551321519379544,0.33614587460243656,0.29496257035775025,0.3285420369148866,0.29495389905378033,0.2961834992484933
AGCAGCCGTCCATGAT-1-MM-1.138P,0.3302141791052891,0.28984671777890963,0.1747876520440391,0.37904823458473025,0.3940310754233935,0.3494513648584248,0.3224657067936419,0.34694444575291017,0.29658695648699235,0.31960785072854797
TCAGGTAAGGACAGAA-1-MM-1.138P,0.3368138857285143,0.2903393268547623,0.1860045912174895,0.3747232754040742,0.39345585372040304,0.34520333410453025,0.3154654575200287,0.34855769981103196,0.30188130620016557,0.31924412486008125
TGAGAGGCAGGCGATA-1-MM-1.138P,0.3313733375175791,0.2926967092039013,0.12390268911434178,0.3779340688100312,0.38638738523722643,0.34116413387788064,0.312823388629183,0.3481525876853978,0.3076164817381939,0.3217558466549928
CGTAGCGCAGACTCGC-1-MM-4.138P,0.3243254423510891,0.252421082223774,0.15597763083374494,0.3705664765210224,0.39451498460325146,0.33533925975017503,0.35068631964271646,0.32579890284624635,0.30625323514008446,0.3020551796005339
CCCTCCTAGCGTGAAC-1-MM-2.138P,0.33177588258332513,0.2895458532172717,0.21682214388698112,0.3997577378402687,0.36188604602277935,0.3799782878021952,0.29902329507147485,0.335857447524755,0.3311186246897414,0.33461393980057086
GAATGAAAGTATGACA-1-MM-2.138P,0.3291205335139905,0.2911747445870506,0.21863566175109372,0.3997829754219654,0.3632537172674987,0.37812043476481594,0.29853774524093507,0.33558460973375526,0.328811375368528,0.32592706042253783
AAGTCTGCAGGTGCCT-1-MM-1.138P,0.33117279166783936,0.29088416505194187,0.18279924313333515,0.37866410790864957,0.3952853026941758,0.35054911582966797,0.32203339059570696,0.34777211428225485,0.2996791239362642,0.32247478130034335
CACATTTCACATCCAA-1-MM-2.138P,0.3299150881598225,0.291611543374312,0.1978391768919184,0.39809217895697613,0.36144028388690275,0.3739347144338014,0.3004581951952738,0.34052526008442763,0.3243763244869445,0.32752201386572305
CAGCTGGAGTTAACGA-1-MM-2.138P,0.33114548391383175,0.288713760972354,0.20802171252197219,0.40268410542770106,0.3632803362780533,0.3847177415443316,0.3007459613501563,0.3358175903586939,0.33153548647874787,0.32816808858873614
TAGCCGGAGATGTTAG-1-MM-1.138P,0.3299322405921558,0.30323963132823895,0.23665771801446484,0.37518156452154555,0.39254895907317133,0.3503641531359487,0.31442074719015695,0.350046278919529,0.307353020945429,0.32081435913978856
CAGAATCTCTGCAAGT-1-MM-2.138P,0.32825926112836995,0.29243550289693854,0.2210229127187661,0.39988191811517204,0.3635221691938051,0.37735941828598224,0.2981330003312497,0.3367854918723359,0.32857841290099427,0.3264017020781347
GCTTCCAAGGACAGAA-1-MM-2.138P,0.3311725720231159,0.28907793145896765,0.20996421662295336,0.4014719172599051,0.3616388524531512,0.38150477338125516,0.3002614442567978,0.33622105968230687,0.3324812451106195,0.33160252260242357
CGTCACTAGGAATCGC-1-MM-1.138P,0.3333254144362158,0.28710886175217315,0.1657747551532787,0.37518436253255966,0.39466406730306125,0.34410055349899005,0.32218666749188174,0.35039742273531094,0.2992891206120899,0.3233178074932295
CGCTATCTCCCTTGCA-1-MM-2.138P,0.3760423983610863,0.29219043553695717,0.30889444737520005,0.37374214901732566,0.4026898055152119,0.37134624449346065,0.3422618122253571,0.3589710114874008,0.35545128072779725,0.36833296079970007
GCTGGGTCAAGTTAAG-1-MM-5.138P,0.3318376805400999,0.2803594118409282,0.18006642388976007,0.3503099614203479,0.3728907508532729,0.32431062256130855,0.283851964645073,0.3455007070877977,0.30991106646893507,0.3161302873044166
CAGATCAGTCTCAACA-1-MM-1.138P,0.3315086212120716,0.2846269256431238,0.14578797015561018,0.37262360590165305,0.3904375856936464,0.3400516265933711,0.31306786467292114,0.3414304651476123,0.2985900036871397,0.3121573041242474
ACGGGCTTCGCATGAT-1-MM-2.138P,0.328105536709955,0.2925488561144371,0.23649760140818568,0.4001456953744315,0.36324528403668727,0.37597180387498186,0.2966606403848211,0.3376215688060119,0.32956800530755453,0.3250869318893894
ATAACGCCATAGGATA-1-MM-1.138P,0.3285928991766138,0.2953538735401313,0.13550972612943163,0.37578572818220723,0.3843722072375048,0.33801250527658966,0.30975213552542946,0.34324991715708175,0.299856652096135,0.31411031144052237
CCTTTCTAGTCGCCGT-1-MM-1.138P,0.3348198767022181,0.29443358829291455,0.1397583213034083,0.380067598328875,0.38511025697956686,0.34725977514551915,0.31635253607750924,0.3523744144872098,0.30821459836146686,0.3294961465762394
GTCAAGTTCTGGCGTG-1-MM-2.138P,0.3259047950725544,0.29048570907852955,0.22688635153193223,0.39981634776480446,0.36368428719233714,0.3793531795412441,0.2994530778664731,0.3364467420423583,0.3290263579605921,0.32919592061209135
GAACGGATCAGAAATG-1-MM-2.138P,0.3308046980295114,0.29033173962658065,0.19849388008106367,0.40051673197670684,0.36288150624565735,0.38045325046583633,0.29793299791121586,0.33465671445583317,0.3290998755012937,0.3251827785558487
AACCATGGTCTCAACA-1-MM-2.138P,0.3351298251468994,0.2888975569751583,0.2186362090677991,0.3962342305677986,0.3616803529280661,0.37211250259405465,0.2997222524722755,0.34112989724519427,0.3293247217026391,0.32760752426599693
TCTCTAATCCGTCATC-1-MM-1.138P,0.33107026932855876,0.29066964660819394,0.17343550398056093,0.3785901819498103,0.39017885416013964,0.34563643952988476,0.32140767137578025,0.3431798193881939,0.301153630428725,0.3180224601587474
GGAGCAAAGCCATCGC-1-MM-1.138P,0.3324127472838758,0.2911430287080087,0.14571782821475815,0.37347566293439943,0.3837841662879025,0.33803413465719034,0.3067175643998254,0.34937949906138643,0.30161552563302524,0.32893788083626524
AGTTGGTGTTAGAACA-1-MM-3.138P,0.33501579402877285,0.25492848178017696,0.21801084642049093,0.3572217768226189,0.37753952964917764,0.32719274799648834,0.34675310720604685,0.31465018164490355,0.31713955726548876,0.32357954156794877
GATGAAAGTGCCTGCA-1-MM-1.138P,0.32695364427007384,0.28704328223200776,0.1418056485392464,0.37185588143172976,0.3828060988290727,0.33470845043715824,0.3042544753260716,0.3395852164931913,0.3042400821062955,0.31114269482053997
GTACGTAGTTGTACAC-1-MM-3.138P,0.3326320947527553,0.2512754962558391,0.2289441229420387,0.3569933026382702,0.38195773803717487,0.32654246654475877,0.3507845660718167,0.3150103789741953,0.3132663174052279,0.32561114079635406
CTACACCCACAAGTAA-1-MM-6.138P,0.34884390765022694,0.26778918560988285,0.1755127044779366,0.34360669071299454,0.37736705403646736,0.3334931224888753,0.29651019197249046,0.3273724622889181,0.2952875958271122,0.2916746845338825
TTCTCCTAGTTTGCGT-1-MM-3.138P,0.34041849431341314,0.25519263598776504,0.24204630400706376,0.36005734066609957,0.38255540174828856,0.3222048536238125,0.3544348632584632,0.32343843590081406,0.31212506811423446,0.3288712454184025
AATCGGTGTCGGATCC-1-MM-1.138P,0.32539583631058694,0.28987182703294395,0.16801732597332494,0.37574448784208037,0.3890634096391589,0.34592016357942545,0.31622022087731416,0.337044355765382,0.2960802319151498,0.3144643156846201
CCTACCATCTTACCGC-1-MM-2.138P,0.33633490148643164,0.291607432752934,0.20327339859895388,0.39919867074752574,0.35957071846189936,0.38132784728695174,0.3014713788773708,0.33917602724958473,0.32956447976735587,0.33701868738686436
AGTGAGGCAGGAATCG-1-MM-1.138P,0.3302696604312416,0.28812818905799,0.14960231579657673,0.37789516753826313,0.3863742313149087,0.3432365233321763,0.3163915178310569,0.34440183739744645,0.3015770618481706,0.3166881181638426
CCCATACAGGACCACA-1-MM-3.138P,0.3391969427466246,0.2557214432421651,0.2221047200591372,0.35964455585144883,0.3769743988320757,0.3251837389872895,0.34933357885823146,0.32494892709034656,0.3201237766560755,0.32942187416048513
GTATTCTTCTAACTCT-1-MM-1.138P,0.33655746693116056,0.28920587331240677,0.168973479329874,0.37641653762432564,0.39288516513433375,0.34490893281853463,0.323090527576168,0.3521285978553713,0.2997864828945349,0.3280255832185625
TTTACTGGTGGAAAGA-1-MM-5.138P,0.3446699144057446,0.2911117049838435,0.1682234973766048,0.3574798924168178,0.36652630253885204,0.31369182094053943,0.2843896696458421,0.36308818856277386,0.3218554872427466,0.3269132508285282
ATTCTACGTCCTGCTT-1-MM-2.138P,0.33071194364976925,0.28815099705878805,0.2238448257734586,0.40157677718481116,0.36167437931006985,0.3808668837454231,0.30202281705891687,0.3364940143305571,0.32914544786654104,0.33105148584744976
CGTGTAACAAGCCGCT-1-MM-2.138P,0.3279315244838642,0.2909862658621248,0.21399168466198587,0.40033139765911896,0.3614610948290866,0.37654036615138337,0.2974975540479687,0.33857777114079735,0.32685770872876463,0.3223539678908784
CTTGGCTTCGGCTACG-1-MM-5.138P,0.3332805036850224,0.26814278596518165,0.20137133727371342,0.3475766946349144,0.3773587546993217,0.3225629232070991,0.2875108461795156,0.333094950869803,0.30473707280905105,0.31629689781701426
GGGTTGCAGCACCGCT-1-MM-1.138P,0.32949972655419074,0.2852885430384938,0.1334545632842833,0.3691207961255022,0.38117270360367816,0.33214498938576037,0.3006769625169957,0.3452965754350124,0.3037893592575026,0.3162755418521715
TACCTTACAAGCCTAT-1-MM-5.138P,0.35743592608426583,0.2920653549059719,0.15605343503528118,0.3539637850095235,0.3691984457200495,0.3111942831301458,0.2952098194515118,0.36853221485451354,0.3233009030678723,0.33760486035575876
CCTACCATCCTTAATC-1-MM-6.138P,0.36499498804342256,0.29246200284957996,0.19572018026792506,0.350117569884899,0.3750232713895799,0.34570975761380734,0.29982203271534735,0.34066982762637854,0.31092811785061797,0.30665402798778124
CTAACTTCATTGGGCC-1-MM-6.138P,0.35294416577976745,0.278137260931685,0.17528725605997808,0.3471518130262479,0.37367301538830605,0.33246435825682624,0.30258384154979406,0.33096519960167625,0.29290305587989873,0.302459910871578
GACACGCAGTAGTGCG-1-MM-8.138P,0.37892339268286535,0.2899759329571935,0.27316109348232726,0.38285595860724236,0.3922154992379743,0.3625725784294362,0.35752460098948136,0.3751966675752691,0.38105319534748394,0.3409897262150404
AGGCCGTCACTTAAGC-1-MM-2.138P,0.33144389295838317,0.29088629886334183,0.21805081206027335,0.404305737067209,0.3618195556782281,0.3804919326707522,0.3007378831450542,0.3342452524968024,0.329961636879849,0.33198770088976165
ACACCCTGTCCTGCTT-1-MM-1.138P,0.33089433355526965,0.2873060663560948,0.1600397824346542,0.37475287868767915,0.3891999151606532,0.3448913244844997,0.3181447866366253,0.34754030395924196,0.30222854868466853,0.324421005039084
TACTTACCATGCGCAC-1-MM-2.138P,0.3275956205818562,0.2897787910585341,0.2313008687010792,0.40311213474363394,0.3630927294905821,0.38618022975173893,0.3013539226850413,0.3388325722454716,0.3316114823974409,0.3282540180709635
AAACGGGAGCACACAG-1-MM-5.138P,0.327204459198219,0.2702240067816319,0.18573458481001337,0.3533716048939312,0.37323877242000036,0.31480570923888423,0.2888427863654529,0.3316024661787784,0.3009569981121542,0.3096836486310262
AAAGATGGTCTTCGTC-1-MM-6.138P,0.3440277246364612,0.27311569659880747,0.22105985108681445,0.36828607242816264,0.3765626661796674,0.3320816567462613,0.33032615360767176,0.2938972412924978,0.30067832185674553,0.27353513052934925
TTCTCAAAGCTGTTCA-1-MM-5.138P,0.3387922638564922,0.2904896788402642,0.17636747793479393,0.350457507875973,0.3690781138793658,0.32060088403079023,0.28036267906199847,0.35071870333319527,0.31308875793208585,0.32376835633301054
TCATTACGTAAATGAC-1-MM-2.138P,0.33270522149224624,0.288473705199425,0.18934501836814976,0.3975930212225297,0.36205815147897136,0.3742961820928625,0.2988733214272191,0.33407726519816644,0.33067268942665273,0.32747812504363316
GGGAGATCACATGGGA-1-MM-1.138P,0.3289171121345368,0.2931762064976478,0.16983932278700492,0.3790548915464577,0.39137361874799176,0.3493659020605662,0.3178314460529392,0.3436166317510053,0.3005817845819631,0.3182421957205253
GTGCGGTTCGCCTGAG-1-MM-3.138P,0.33501389016385297,0.25023712179505403,0.197059335626914,0.35686460472021697,0.3831517793674886,0.33117851516796404,0.3515830470054855,0.3141707490654646,0.313501623705115,0.3295785374927114
CCAATCCTCGCCATAA-1-MM-5.138P,0.3381627972773326,0.27338006622658056,0.1969907405088058,0.35690308198057963,0.36994430075087803,0.31423160478989837,0.28723411233319407,0.3494226567532238,0.3137332963341807,0.32790157495164274
GTCAAGTCAATGGACG-1-MM-2.138P,0.33221245187865744,0.2870720762360465,0.19624024081361932,0.4038152810838535,0.36067026488919607,0.3741910112721755,0.3021836462329074,0.3414359302636608,0.3309728067359298,0.3307391070699823
CCATTCGAGTGGAGTC-1-MM-2.138P,0.3294879238822446,0.2901514190561188,0.21678865492145757,0.39883342573279146,0.36326591769221356,0.3793693831423498,0.2979972202553794,0.33666373654686166,0.32794618253083546,0.3292457256399716
CATATGGGTAATTGGA-1-MM-1.138P,0.3303101246992091,0.29133442785370056,0.1286693571325492,0.3791515316884882,0.38373770566402815,0.34313014963420824,0.31490352832557167,0.3548594131600804,0.31374736682975224,0.3192382427301351
TAGACCAAGTAAGTAC-1-MM-1.138P,0.3404437590571155,0.2836980053544456,0.2122006197710488,0.3804462123386123,0.41014984667643906,0.3437060455180931,0.34693842970776123,0.35431758932241053,0.30869302649537006,0.3337846368306491
ACTGATGCATAGAAAC-1-MM-2.138P,0.3312034594237761,0.28790560201805565,0.210025873927109,0.39839168705963035,0.361543196065422,0.37850101409311354,0.2972293625388126,0.3349555633184038,0.32873892013969974,0.326858262943947
AAATGCCAGAGCAATT-1-MM-1.138P,0.32887937183208926,0.28538166983627045,0.1378346269532664,0.37311879795700015,0.3846235264638331,0.34146249405996715,0.3131310669483317,0.34178393582468813,0.3014401416452137,0.3159150141773481
AGATCTGTCATGCTCC-1-MM-3.138P,0.3410364858281236,0.2573496737028649,0.2186675172511852,0.3561839213692889,0.3788735833159186,0.32473044496688347,0.34589939653370927,0.3223822406018839,0.3188739572679459,0.3292247426221461
ACAGCCGGTACCCAAT-1-MM-5.138P,0.3383350015406139,0.2777623364505517,0.19480665170019246,0.3507956233030769,0.3711173796911579,0.31367541331640314,0.2827171414690821,0.3502908506408333,0.31603699563789234,0.31973811473183633
GACGTTACAGGGTACA-1-MM-3.138P,0.33106995181865256,0.2518506529312934,0.2267735830329228,0.35840498748053273,0.38172717294990766,0.3279697537049409,0.3508798449882644,0.3133677152480554,0.3112109441262174,0.32268687830913256
GCTCCTAAGTCGAGTG-1-MM-2.138P,0.3310303938675738,0.29029471215223224,0.21638800214497578,0.40391189948712436,0.3624927061279858,0.3818099674735798,0.30016631871661376,0.33503940266826304,0.33085612771154516,0.33200240656006097
GACGGCTTCGATAGAA-1-MM-1.138P,0.3234520694604566,0.2905729629500195,0.15893526474047662,0.3769678469803516,0.38709488592977814,0.343329271332917,0.31486595583568505,0.33492820728980216,0.30341707075591906,0.3099979645289927
TGCTGCTAGCATCATC-1-MM-2.138P,0.3399948471968749,0.29706355291923603,0.2327670253737235,0.40948053391909006,0.3611197855803327,0.3880539626360863,0.3051271206932492,0.3404974270811066,0.3333114278779526,0.3369500563412185
CCACTACGTAAATGAC-1-MM-4.138P,0.3207008453328072,0.25489598812503117,0.16631444855320948,0.37339691220094745,0.39035641860776715,0.34429457738685754,0.3491556327729344,0.3314213797641472,0.3150146782551348,0.30148410647887586
TGAGCATAGGACACCA-1-MM-1.138P,0.38290471601537646,0.30998197444017705,0.2562951578816889,0.3838836880605444,0.41687383190556104,0.33604817120704894,0.37118845943995504,0.3942476480194977,0.35269866463630345,0.3914352062183602
GTGCGGTCACTTAACG-1-MM-1.138P,0.3246479414062428,0.2934760767380547,0.24191160218609545,0.38247424733533125,0.4019259022484913,0.3564604953834007,0.3261396585910891,0.33318393882899033,0.30001190678071155,0.3019381166728395
CCGTTCATCTTATCTG-1-MM-2.138P,0.3315141104231145,0.29480797408084475,0.21461175153744527,0.40075152701706324,0.36050200833388674,0.37634851817486736,0.2999962144650655,0.3371577596789592,0.32974506796521635,0.32368872579689184
TAGCCGGAGGCTAGGT-1-MM-5.138P,0.3345094326546726,0.2844652001618152,0.17850781193687407,0.3464130527196532,0.37113527486771775,0.315389462123064,0.27943839977570695,0.3466066142055402,0.31214893293090035,0.32295470268719706
AGCGTATGTGGACGAT-1-MM-1.138P,0.32675657400321845,0.2872026262442707,0.15223178590845177,0.37335970615529757,0.38864043893613287,0.34388558775640504,0.3132241158564792,0.3393536670880812,0.29422677551921556,0.3100117785878529
TCAATCTCACGACTCG-1-MM-2.138P,0.32973117196687984,0.2901066215635282,0.20858855785466274,0.4033901284236845,0.36284627859003804,0.3855522432820342,0.3012811362253531,0.3390430812991966,0.33322476636350656,0.33408328967560236
GACCTGGTCAGGATCT-1-MM-2.138P,0.3266446556001602,0.2937418965041509,0.2282664320885914,0.40028575701034375,0.36440159811839995,0.3784559885773979,0.30044017742440265,0.3358112338673434,0.33046781148615084,0.3260210186866805
TGTATTCAGTGGGCTA-1-MM-1.138P,0.337109200990005,0.29394259617869245,0.1907305225322635,0.3728804796537941,0.3914243656825779,0.34647081776569566,0.3093413243180059,0.3475302367928039,0.30253375256737103,0.31439290338152687
ATCTGCCGTCGGGTCT-1-MM-2.138P,0.3310669134816472,0.2893572734577199,0.213116563884914,0.4022465998341914,0.36384446390626984,0.3883421379837825,0.3013041946432009,0.3365157973351311,0.33427892885197447,0.32926745964992915
GATGCTAAGCAGATCG-1-MM-2.138P,0.3264879855751161,0.2899027390253089,0.21798998511425893,0.4006390463958093,0.3611983123725031,0.37743596247728645,0.2988296167204312,0.3382157848411601,0.3284392450691041,0.32486764794848955
AGCATACTCTATCGCC-1-MM-1.138P,0.3288101499234925,0.28804756094082284,0.16164722002963505,0.37579661463993197,0.38958859471003476,0.34501175589181066,0.3194711612548422,0.3445826043630934,0.3011938563616986,0.32116733726891494
ACACTGAGTGGCTCCA-1-MM-1.138P,0.32550650929383207,0.28987302474269905,0.16307094351467466,0.37397843410517884,0.38833489270478516,0.3413472713082824,0.31203450753552525,0.3402904678999549,0.299060517565101,0.31309242307862145
TCGTAGAGTCACAAGG-1-MM-2.138P,0.3278436177964626,0.2907168610704395,0.22122029226085982,0.40115653579855987,0.3628801997796247,0.3777969142871823,0.2987366265159755,0.33699935345884835,0.32906814103628396,0.3269016325143179
CGAGCCAGTCTCTTTA-1-MM-6.138P,0.35676057557384006,0.2943358292130061,0.18410944485949154,0.35412241425655566,0.3742838717171645,0.3546229923102859,0.29514146249974355,0.33454343392731817,0.3092184702887729,0.3075585060182559
CTGTGCTCACCATCCT-1-MM-1.138P,0.33282067316113734,0.2852430376475279,0.15722906689116614,0.37391341549256335,0.3930286896004766,0.3429164732522276,0.31995116228112364,0.3511107535007621,0.29882482990926584,0.3231775352408702
AACTCCCGTGTTAAGA-1-MM-1.138P,0.3414423654907634,0.295640607949957,0.17593544685726908,0.3751568377956253,0.3951815635340613,0.3462146620303189,0.32756435478891327,0.3563228270578628,0.30137443032183936,0.33428827052855253
CATCAAGAGGAACTGC-1-MM-5.138P,0.3351332721409949,0.28533492892720125,0.16255787318875076,0.35098548807024893,0.36971992059795483,0.32179447482787166,0.2809947579617537,0.3494230789416388,0.3132862511354683,0.32346478981170884
TAGAGCTCAGATCGGA-1-MM-2.138P,0.3294306799415442,0.2888071387767897,0.18922629733200796,0.40614770811969386,0.3621287029052063,0.38697532875937524,0.30324264564394576,0.33915361449973175,0.3355180888524953,0.33461698535036166
CCTTACGCACTAAGTC-1-MM-1.138P,0.32938287065759847,0.29194061213645023,0.14591487561904445,0.3784602793528621,0.38857003259290973,0.34304095116914585,0.3167033501519094,0.34362330080458,0.30312921359404105,0.31602281978552715
GGTGCGTCATCCTTGC-1-MM-6.138P,0.35183045178933814,0.2844437078869355,0.18934608666027786,0.35160218557799783,0.37298983829179566,0.3483732667440421,0.29292257920443143,0.3275218977384169,0.30127358513659924,0.29898013415044544
CGTGTCTAGAAGATTC-1-MM-6.138P,0.35843855670056757,0.2797460686125767,0.17896986851161398,0.34485429302985376,0.3736313601496664,0.3414448667407694,0.29168229218575403,0.3344324891693286,0.30604826780865363,0.3030387134311113
CGTTCTGGTTCTCATT-1-MM-2.138P,0.3303408105926922,0.2905584386276071,0.2202012961268504,0.3999761395679871,0.3617883440209961,0.37664599780945784,0.29914957897175626,0.3369789162534409,0.3277497871268379,0.32822127840887144
TTATGCTAGTACGTTC-1-MM-2.138P,0.3275113646900258,0.29404498623032016,0.21757611380408884,0.40034696643444595,0.36315694998099296,0.3745788641668157,0.2977590894258564,0.3376922332836955,0.32713517712517726,0.3289204470751511
TGCCCATTCAGAGCTT-1-MM-5.138P,0.34755759595915786,0.285488800701501,0.17616388278189876,0.3423755792597863,0.37471013615356125,0.31945516684201825,0.28982496361367255,0.35408923376959517,0.3051451572358987,0.31708567072673705
GATGAGGGTCTGGAGA-1-MM-2.138P,0.32884264670944297,0.2904854014187844,0.20851823579210838,0.4003234843872509,0.3630676040976449,0.37854104881293754,0.29855301955120034,0.33672044411623103,0.32854401117000487,0.32902001060617553
CGAGCACCAGCCTGTG-1-MM-2.138P,0.33152147981010555,0.2870780696558173,0.20122715275958244,0.40384274215198496,0.36025909203002277,0.37592714927294835,0.30142208253214176,0.33878021481079285,0.3303922759279449,0.32633850444002754
AATCCAGAGAATTCCC-1-MM-6.138P,0.35788530934292717,0.2823459362391961,0.18487777305414918,0.3494887093089276,0.37527785732553437,0.34471789798343955,0.29409010871868607,0.33291967755578816,0.3024072502642467,0.30484612013473233
CACACCTTCCGAATGT-1-MM-2.138P,0.33905046783085346,0.2925843495346496,0.19462228450526983,0.40029633837034395,0.36013348784698646,0.3807575900844824,0.30186162329800875,0.3389813831737677,0.32956667494301894,0.33672627593892
TGACTAGTCACCTTAT-1-MM-1.138P,0.32694162017341866,0.29150326582460717,0.1828652025511764,0.3776654633912468,0.3942461021630925,0.35094236529567363,0.3218071463041878,0.3400405436014799,0.30019382073675394,0.3163426042662908
TCAGCAAAGTTACGGG-1-MM-3.138P,0.3366188680091239,0.25647474901930806,0.23843710627380604,0.3627552696703943,0.3748700144153148,0.32627267216802464,0.34115311482731386,0.3227354717808413,0.3136206370002141,0.3300661224225655
TCACGAAAGTAACCCT-1-MM-1.138P,0.3273840025598407,0.2875260244873689,0.15914398724896203,0.3742052069855319,0.3911995607297605,0.3448484057119294,0.31773113109733625,0.34050109718262134,0.29695249203475266,0.3113640121353253
GTGTGCGCAGTACACT-1-MM-5.138P,0.3348665682531255,0.2761494240669918,0.1722068621931292,0.3414101595418295,0.3786471494435779,0.3125375956661433,0.29068586254327977,0.3405158158399259,0.3042116575814365,0.31191671691492945
GACAGAGAGACTGGGT-1-MM-5.138P,0.340569767506934,0.2848504757450857,0.17025021745698135,0.355770606420287,0.3685957141330873,0.31782718274472016,0.2800628631216142,0.3570731349258475,0.32005989067046536,0.32793297716938064
TTAGTTCAGGTCATCT-1-MM-2.138P,0.3282432445302943,0.2922837595973873,0.22554915630751113,0.4005876292920556,0.36264814664771994,0.3731700745552341,0.29943695347315125,0.33830055524562264,0.32739156916403206,0.3245167891013386
TGAGCATCAGACGCTC-1-MM-7.138P,0.35363459993406493,0.2843666438786237,0.2011746442434963,0.36341147365524407,0.3870528249784409,0.34470133714160256,0.34615696021775694,0.33210864473017265,0.3113489018665466,0.31312990695271226
AGGTCATTCCTAGGGC-1-MM-8.138P,0.35182804512114224,0.26835230830664075,0.27652663494943647,0.36497118363640824,0.39089153796885917,0.32511724836317957,0.32756279798393184,0.3039541042954073,0.29169314206747105,0.28950442172575247
CAGCTAACAGTATCTG-1-MM-2.138P,0.32989297688050706,0.2917060246477498,0.2199981593790989,0.3999950077374781,0.3623187979670546,0.37580747256489816,0.2981866917259821,0.338224709084306,0.32743362813817545,0.3248078591237251
TGCCCTACATGTCGAT-1-MM-2.138P,0.33037415154339145,0.29041151836728957,0.2104073361537421,0.3994373930038791,0.3627805797701772,0.3747097021587101,0.29994847209691616,0.3360510000822782,0.327910374747639,0.32742120376352996
CAAGTTGAGGCACATG-1-MM-1.138P,0.32373919938698825,0.2868748681944134,0.14835068735343784,0.3733126429023387,0.3857131783221676,0.33887363739467297,0.3081464627310166,0.341889238475151,0.29761574097546273,0.3113485268980279
ATGCGATTCTGCGACG-1-MM-2.138P,0.3266783307107607,0.2932011838421902,0.21431098486925296,0.40162076386862483,0.3632218643228525,0.38188378611309903,0.3008913320849911,0.33520061745974133,0.33065817363245414,0.32548610404995143
GACACGCCAGTAACGG-1-MM-1.138P,0.3303505888826755,0.2932153787643707,0.2088038228445102,0.37579521205423655,0.3926849654316567,0.35182695876042913,0.3171579398498326,0.34573996867668916,0.3034838665038482,0.31801066071446743
GGACAAGAGAAACCGC-1-MM-1.138P,0.32591848644959276,0.28962063059232607,0.17399666159472812,0.3780720347205376,0.39192962176981544,0.34865892115904523,0.31900758274593083,0.341163136452641,0.29828650769518783,0.3149299945448475
CATCGGGAGGTGGGTT-1-MM-2.138P,0.3272093342670158,0.2912717614971655,0.22459259415554372,0.4033224405320537,0.36082813632257943,0.37811764544143606,0.3005960405256375,0.33643877265782074,0.3338275573421922,0.33373123838194624
GTCGTAATCAGGCCCA-1-MM-5.138P,0.3410674932012547,0.28998883334004005,0.17186212789952535,0.34823226042655836,0.37170730192909474,0.32000131772064316,0.28374847814789367,0.3508214076448179,0.3095879977880089,0.3256466516973779
TCCACACGTGCCTGCA-1-MM-1.138P,0.32742465949166777,0.2952602291469628,0.14634309002354598,0.37941943462144484,0.3849085135559963,0.3447049377037786,0.31341181334678,0.34381645654400755,0.30328684173655274,0.3145621278247151
CGAATGTCATCGACGC-1-MM-4.138P,0.32028116701679654,0.25640275734446166,0.1485814309031548,0.37353786968899805,0.3926008227056913,0.3367550538414776,0.3521521437322068,0.3298634812174321,0.30975099902399483,0.2965124047941843
ACGCCAGTCACCACCT-1-MM-5.138P,0.33540652632969603,0.2696392381216358,0.19158753780752977,0.34520667310133407,0.3762942272539413,0.31506424062947475,0.2846712963188934,0.327071268470337,0.29876710249788596,0.311711420234513
CTGATCCTCTGGTGTA-1-MM-8.138P,0.384343656468886,0.2846721642540012,0.26025177131494753,0.3762039175821626,0.397685315101379,0.3518987211194419,0.3574936915555699,0.37698759551941596,0.37859670695725633,0.35751407904442234
GAAGCAGGTGACGCCT-1-MM-1.138P,0.3332510253247023,0.29054791854129774,0.18416010357913024,0.3791372705864209,0.39579824819776327,0.3511658815055753,0.32658616820390496,0.3491970017355941,0.30749318957537897,0.32743566226926407
GCAGCCATCCGAATGT-1-MM-3.138P,0.34056531774110904,0.25923176775750467,0.23655570418802538,0.3590585347340493,0.3762472054079319,0.32475716886474865,0.34323376974096925,0.32600500791544984,0.31884680694367307,0.3332487269630772
ACATCAGAGCTAACAA-1-MM-5.138P,0.33733113178969804,0.2816585776659185,0.15773237688515546,0.3527536093512466,0.3692290076965196,0.31733681843828815,0.28073988364951313,0.3509733143263895,0.31079573667054905,0.3212060460388436
TGATTTCGTCAACATC-1-MM-1.138P,0.3249678979340078,0.29510494967520307,0.19280229953772435,0.37883996953200616,0.38940670318957094,0.3520254964880422,0.3182412897314996,0.33858694334208495,0.30086761292267494,0.310411567604694
CAAGAAAGTATCGCAT-1-MM-5.138P,0.35370607249705616,0.2928853723081599,0.15823565475605422,0.3546791075877916,0.3681139780740609,0.31328806672800924,0.29113928200698314,0.3671694182750122,0.32279478162416136,0.3357697912534263
TCTGGAACAAAGGTGC-1-MM-2.138P,0.330955347175123,0.2874879512843462,0.216051250331016,0.3995796997686484,0.3619938770053946,0.37626239679751133,0.2981065871292852,0.337336923410663,0.33351862586083286,0.327573595844771
CGACTTCTCTGGCGTG-1-MM-1.138P,0.3317830691218222,0.2916292578914899,0.19241921985074406,0.38095400966271775,0.39408557816656975,0.35206406914013166,0.32750625925923665,0.3475305594171657,0.3032732453143749,0.3236146384362416
CCGGGATTCGTTACGA-1-MM-5.138P,0.33577349851795957,0.28242528067101996,0.18010523712623858,0.3437117598983089,0.3758684835134893,0.3192459922052117,0.2861353935748153,0.3516798242195846,0.31905541659690523,0.3181341903090015
ACTGCTCTCAGCTCGG-1-MM-8.138P,0.4158370852121673,0.314073618105888,0.3105697061687853,0.3894287298702392,0.4181730987451837,0.36546660345977017,0.3971258570990236,0.40079214868248836,0.40587761999590793,0.39806015868098515
TAAGAGAAGCTCAACT-1-MM-1.138P,0.3342792907954568,0.28338869511359327,0.14662506598665856,0.3705758086183261,0.38265853084338863,0.3367097354052983,0.3092652082946189,0.35101861686811997,0.31088655908770174,0.3250671511714673
TGAGAGGGTCCTAGCG-1-MM-1.138P,0.35918844790558785,0.2907641404503075,0.24842231816308322,0.38195499022036783,0.4146970593445622,0.33604027656460556,0.3563457007240545,0.3809236782880367,0.33024140157866566,0.3611538872724441
ACGATACCACCCATTC-1-MM-5.138P,0.33735964926967105,0.2902767178342585,0.2172355554649742,0.34980406250334156,0.3704090833177129,0.32518223373147437,0.27557090532018974,0.3535575794876222,0.3186026261689062,0.33122308434989406
GCCAAATAGGCCATAG-1-MM-1.138P,0.32602524733546073,0.29218503472337193,0.15581093280628738,0.37807499313552045,0.3859875589592626,0.34356472002304134,0.31295382677695865,0.3429331655451442,0.30115366916144015,0.3140518198331834
CCTCTGAAGCTCAACT-1-MM-2.138P,0.33038587173163664,0.2919052228910618,0.21234814220657525,0.4012370264874925,0.3610355540819629,0.3780056426519523,0.30025195223901413,0.3389080845815738,0.331246033853029,0.3271721240232065
ATCGAGTGTAGCAAAT-1-MM-1.138P,0.3289398956913711,0.29600507344098326,0.19112200490268053,0.37853772420193016,0.39264219950527535,0.3507731193042034,0.3213159355773394,0.343866210944628,0.3000325348844578,0.32105760895609237
GATCAGTCAGCCTATA-1-MM-8.138P,0.3820961797804212,0.28767881810986545,0.2765106340828679,0.37965734379041366,0.39547243094218465,0.3572255970996775,0.36016948102697344,0.3760319186124241,0.3835921567016569,0.34533601322458113
GATCAGTCATCGGGTC-1-MM-1.138P,0.3366676273173526,0.287452493381026,0.19011436501324763,0.37914789296650775,0.4020233169881514,0.34805206507236297,0.33097309700198074,0.35029080268698626,0.3043609668708331,0.32765053042899656
CATCGAAAGCGCCTCA-1-MM-6.138P,0.35975372500038005,0.2782801485030287,0.19120502849866283,0.3456920676914244,0.37383975674432424,0.33556828160091245,0.29255109938180307,0.3394899583099203,0.3057170506759061,0.3075609879176272
CCCAATCGTACAGTTC-1-MM-8.138P,0.4224164922615362,0.31654937481154355,0.3108327632632854,0.38701949606499164,0.4186431331308616,0.3619529729468407,0.3960939544508341,0.40210833526763357,0.4123366650912754,0.3939722283803174
CCTTACGTCACTCTTA-1-MM-1.138P,0.3399896318534749,0.29052236677273796,0.17007930669071236,0.376416425198094,0.3939241089802868,0.34441185646268085,0.32735721464766765,0.35571552044911187,0.3001334170755467,0.32760285325930655
GTCACGGTCTGGTTCC-1-MM-2.138P,0.3728047834853945,0.28381276914179954,0.29456925938512063,0.37617683099886656,0.39224767817825207,0.3631967071519384,0.34193205657807174,0.3536320487377685,0.3468687354234175,0.3521039275556567
TTGCGTCCATGCTGGC-1-MM-1.138P,0.32914876791985803,0.29586720742033157,0.1416926898016765,0.3795415667439702,0.39009464313637454,0.3475210797642876,0.3171056518538807,0.3402849281140323,0.3004233491455433,0.3189259539972685
ACTGAACCACAGGTTT-1-MM-1.138P,0.32907701432842473,0.28631867619465495,0.1597042132512873,0.37306416519370766,0.38985091143390077,0.3437120549255628,0.3160970575204941,0.34184110890332453,0.2964612512207424,0.3132124308200485
GAACATCAGCCTCGTG-1-MM-1.138P,0.33023805669763007,0.2890975078996518,0.13922363296308535,0.37655447475247344,0.38662296418440223,0.3459025523320594,0.3161246770893469,0.3506321344375768,0.30346146886479225,0.32356464792322703
GTTCATTCAAGAGTCG-1-MM-1.138P,0.3326861759203985,0.28782689961548275,0.18446511210868946,0.379223794114696,0.39815466151639317,0.3551431559517928,0.32840941018586267,0.35049538047071627,0.30091123327316044,0.32372127417472313
CGGACACAGGTGATAT-1-MM-5.138P,0.33278723000522453,0.28449871701350726,0.1811554992871861,0.35151949721242154,0.3707817266015498,0.3260831740536231,0.28098489447886815,0.3481730870859098,0.31162893145468823,0.31895005352280287
GCCAAATTCAGGTTCA-1-MM-5.138P,0.33464842611883333,0.27211568505042094,0.17948431993370992,0.35357583216375515,0.371837922590023,0.31597482943117605,0.2830805675602836,0.3328565151440138,0.30452067751304185,0.32056069083737926
GCTCCTAGTTCGCGAC-1-MM-5.138P,0.3314687881845477,0.26550829628370515,0.18282221479213837,0.3494589394337384,0.37731710328764756,0.31268801289243076,0.2896087142748202,0.3283123757305224,0.29603265007273777,0.31304168123001175
CAGCGACCAAGCGTAG-1-MM-3.138P,0.33926530640904057,0.2585851317389946,0.24625530351198874,0.36013336994623435,0.38139440961894155,0.32653971232676293,0.35226737258553115,0.32387439797640116,0.3164441325232357,0.3291629756475724
TCTCTAATCCACTCCA-1-MM-5.138P,0.33791465125308584,0.2880375275325286,0.17908851067337003,0.3560488878692238,0.36879233608927714,0.31799700111740725,0.281185089774177,0.35964729917658694,0.32099253813296413,0.32889293810678816
TTAGGCAAGGCCCTTG-1-MM-2.138P,0.3269059116009922,0.2923744472756462,0.22441280282466622,0.40077926543665915,0.3621121181066425,0.3789029956349079,0.29880028224283184,0.3350175741606388,0.32951202545206176,0.32611975832635465
CCCATACTCCTCAATT-1-MM-1.138P,0.33258949056017256,0.2895222756288819,0.14283991680468383,0.3710462652813413,0.3816063988648072,0.34357245894992183,0.3089715832117664,0.35191132036017053,0.31083834650418,0.3270364516113511
GTGCATAAGCCACTAT-1-MM-1.138P,0.3318050723503708,0.2878284628213519,0.15040548331745054,0.3764474548956891,0.3895705382053995,0.34415081809226844,0.31728970810377904,0.34861722301269793,0.30109998386678855,0.32082177060122663
GAATAAGAGCCATCGC-1-MM-1.138P,0.32357010957772064,0.28576028359777184,0.1471181933779418,0.37203700483175,0.3839618523635709,0.3352255943973977,0.30453137432754057,0.3373522974403859,0.2991351266316012,0.309899021193109
TACGGATCACGCCAGT-1-MM-1.138P,0.32879499083885627,0.2846933452065698,0.13289291437668432,0.37370106708249423,0.3821567163377845,0.34004611425496545,0.30623796545880255,0.3476553329547354,0.31053016176572057,0.31656613042427756
CGTCAGGAGATCTGCT-1-MM-2.138P,0.3278636529089307,0.2945833900562165,0.22294103314890423,0.3999701671518287,0.3623764505328991,0.3766097994333817,0.2980559697756686,0.33535308431964056,0.326482040951846,0.32808031320520814
TTCTCCTGTTATTCTC-1-MM-5.138P,0.3332532742047703,0.27436432481049383,0.1879481471608418,0.35822539412591914,0.371735220990479,0.3163918182355459,0.2926821464984812,0.3436339804385727,0.31285044153756475,0.32444683589997797
AACTCTTTCAACGGCC-1-MM-1.138P,0.3606144320717061,0.29738128659695234,0.27111941742155726,0.3741582920476147,0.41134237804800944,0.33310748957778463,0.36209642097010214,0.38535316373747586,0.3426746212928071,0.3724768414131705
GGGTTGCAGAGGTAGA-1-MM-3.138P,0.341155605761298,0.2571761265231536,0.2251889203342767,0.3578734636117173,0.37752023139758717,0.32743167485032026,0.34566379189558344,0.32460636655197117,0.31935662267208187,0.3309827207636419
TTTGTCACACGAAAGC-1-MM-6.138P,0.3512147691606479,0.28316716371541956,0.18665092118436058,0.3532372866343579,0.37500433682393997,0.3531354535135441,0.29667884926043264,0.32485089510756626,0.3006844821439958,0.294143637143946
TTAGGCATCTGTCCGT-1-MM-1.138P,0.35789084854121683,0.29200633220712113,0.2572937116654808,0.3749276551877516,0.4098620654010807,0.3328578606443319,0.35657807666431834,0.38116254529644406,0.3352965516609337,0.36438183692506754
CACACCTGTCATATGC-1-MM-5.138P,0.33226491904273747,0.2641533141697868,0.1828226527784815,0.34910253901158056,0.37795619695479776,0.31969830254038867,0.28755314730669496,0.32725162401701313,0.3002460479859419,0.30777631637328295
AGAGCGAAGGACACCA-1-MM-1.138P,0.32755010238218224,0.29496524238895566,0.16591107307088843,0.37986749430350086,0.38902049412883677,0.34846816078894066,0.3183587802648499,0.3432112788127825,0.3029009640985249,0.3196364963218598
TCTATTGTCTCTGCTG-1-MM-2.138P,0.33162527589756485,0.29173849709911276,0.205843342888967,0.39969986017640685,0.361190342615596,0.3713595064881334,0.29794964798694623,0.3379839978768156,0.3312270620498059,0.3242825039357896
CTCGTACGTTATCACG-1-MM-2.138P,0.3273751751394117,0.29083440900422175,0.21267277746041194,0.40065366421934867,0.36398819115752495,0.3797684175279778,0.3004722573537291,0.3333030523276397,0.3308624996093342,0.3203545238385865
AGATTGCGTACATCCA-1-MM-2.138P,0.3303964210071571,0.28847125125846285,0.20621652879296765,0.3995941152538339,0.3618554085349904,0.3789885792353555,0.29971750473751063,0.3365968182492244,0.33301999979847696,0.3297191338909993
CCATGTCGTGGGTATG-1-MM-5.138P,0.33074390280881666,0.2698859318901288,0.17626418449107986,0.3458748566067923,0.3738755803332469,0.3151326893903696,0.28519745155069837,0.325431887055916,0.2956520594225542,0.3045846915331764
CCTCAGTAGAGTACCG-1-MM-1.138P,0.3320195079563022,0.2953470984815905,0.159215961646801,0.38022419989908496,0.3888416275853453,0.3476605509245302,0.3201960243463591,0.3459244300312565,0.3012310895477692,0.31704677824546507
TTGTAGGAGTCACGCC-1-MM-6.138P,0.3599280397225708,0.2906298431282227,0.17814173905652678,0.35092887508286846,0.3747227708788113,0.3509479057804358,0.29456798267654366,0.33427673421069337,0.30668797631718253,0.30423004945096727
GGACGTCTCGTATCAG-1-MM-1.138P,0.33413492732432765,0.28779260016397096,0.1404265683115887,0.3722779708157604,0.3812848833003535,0.3338871004123208,0.3046938229349082,0.3470431562982713,0.3030680797641331,0.32010697245837294
ATTCTACAGCACCGTC-1-MM-5.138P,0.34031764857126984,0.2891420606286814,0.1721294333274722,0.3452728356673445,0.3738974118789456,0.32349673222152825,0.2878155500946548,0.3474504867200767,0.3094738805228524,0.3167596468912028
CATTCGCGTAACGCGA-1-MM-2.138P,0.33775749899391816,0.28752268137455744,0.24625275134352587,0.39906812271813535,0.36493461226480384,0.37794235754252714,0.3033544785189038,0.3369378239249033,0.32794925917147777,0.3315790755731902
GGTGCGTAGTCAAGCG-1-MM-6.138P,0.35779842485927554,0.2773993847365787,0.19245695272343408,0.3451614844342026,0.37422857376729046,0.33465036042860746,0.29689582501832856,0.3391120709272306,0.3013444251796384,0.30835963964604285
ACTGAACGTACTTGAC-1-MM-1.138P,0.3273281410034269,0.289642386405855,0.16467093990090317,0.37890084622597114,0.39239197614774435,0.3490970786864569,0.3206461920834502,0.34496338188473813,0.29918851402049623,0.3180943023482366
TTTCCTCCAGGGATTG-1-MM-1.138P,0.3441477165572435,0.28492039420710646,0.22112359179488805,0.3807339006706621,0.41447749377422743,0.338301789204266,0.34803322358919964,0.363717208628275,0.30914817223727864,0.3345834833919673
CAGCTGGAGCTACCTA-1-MM-3.138P,0.3405565652075548,0.2564467480452007,0.21976210228594822,0.35796826798841647,0.37693070175648485,0.3233274414593266,0.34691387568970156,0.326372364998963,0.32159181353423993,0.329956534615276
AGCGTATGTATATGGA-1-MM-2.138P,0.3308632587238984,0.2869454115062182,0.20690040645962013,0.40104184665289944,0.3617192468057386,0.3802091677577916,0.3007821832951001,0.33707768321944204,0.33201390402083114,0.33202121625730346
CTAACTTTCATAACCG-1-MM-4.138P,0.31766784789621955,0.2573951217040537,0.15602609260074524,0.37183251736159645,0.38827547502700777,0.34244620855212776,0.3466585022892985,0.332680965248613,0.31453900155042624,0.3053050987506661
TAGAGCTAGATGGCGT-1-MM-1.138P,0.3295113912798261,0.2939800716339496,0.17896457267549903,0.3798712583166517,0.3919555220719394,0.3494126483121363,0.32192390528704573,0.34486445344068223,0.299724818575181,0.31908736371774443
GAGCAGATCCGCGCAA-1-MM-2.138P,0.32840841766190637,0.2867843691309732,0.21701989963490667,0.40313354120023237,0.3619725721568034,0.381690182477581,0.3004462318560733,0.3346494635086033,0.33053327328310367,0.3289731163200416
CAGCTGGCATGCAATC-1-MM-1.138P,0.3325461570840327,0.2904528832050713,0.1837826267667012,0.3755704841541397,0.3929994705238936,0.3463098092739938,0.32099442243750276,0.3494694133484415,0.2979007653432395,0.32283847863261156
CGTCAGGAGTAGCCGA-1-MM-1.138P,0.3252972273764461,0.2814308557167146,0.14680298510510284,0.36946208453040674,0.3846591466364045,0.3349441223609041,0.30183606409237446,0.33594887063813655,0.30381838017126334,0.3085076312914916
CGGACGTCACTTACGA-1-MM-1.138P,0.3370981290323632,0.2912202986957085,0.13656592722803287,0.3726889693418877,0.3834744472467553,0.3370729666471164,0.313580667582687,0.3488739383324599,0.30273269602607245,0.3291171916062051
GTACGTAAGCTGTCTA-1-MM-1.138P,0.331826944711541,0.3011231003748152,0.15084422492203517,0.3791162305177237,0.3860914733521009,0.3434305251252577,0.31459951558046634,0.34531922787292485,0.30256995824694843,0.3240306956507074
TGTATTCAGCCCAACC-1-MM-5.138P,0.352746759458085,0.2901671816056109,0.16291685999359365,0.3608004249532373,0.3668135826975619,0.31909195508378324,0.29060659669832706,0.3744193217324498,0.33701691901425407,0.3329255079834037
AGGCCACTCAGTGCAT-1-MM-8.138P,0.40664452579687066,0.2969706147722347,0.31190318005752077,0.37720780090952855,0.39973397618698026,0.36399968974543156,0.36693689760070897,0.3964166760634905,0.4037509429754615,0.38654507028579027
CTTAGGAAGTGACATA-1-MM-2.138P,0.3230048765216009,0.2926795045271319,0.23267056368729813,0.4008837476504758,0.3622858160404974,0.37589219206576097,0.29975820746146215,0.33465716993908773,0.32964585689632553,0.323476052604287
CGCGTTTGTCAACATC-1-MM-3.138P,0.33574065235759887,0.2514035123488812,0.239935333485136,0.3596435788737015,0.38064924996389976,0.32668750121838397,0.3525796366333065,0.3164492648842706,0.31287380105594015,0.3221878220206798
GACAGAGTCGCCCTTA-1-MM-2.138P,0.328231465246383,0.2915143168937067,0.22014224688172884,0.4001494243783092,0.36370821314068386,0.3790406170831057,0.29920162757263996,0.33662948004022814,0.3301288370298361,0.3260800802712186
GCATGCGAGAGGACGG-1-MM-5.138P,0.33987956026390154,0.293213611454021,0.18153731626922348,0.34551757755558543,0.3745466994347353,0.32548252135243344,0.2880681705996189,0.3503501274294692,0.3098808359806017,0.32432985115028495
CGTGAGCAGGTCGGAT-1-MM-8.138P,0.3610211110620764,0.2699587098576634,0.2564302502591767,0.37185078762462964,0.38478336210949904,0.35010161910307014,0.3206196290033106,0.3544042125363611,0.3617643849496022,0.32776807476956027
CCCAGTTTCTGTCTCG-1-MM-3.138P,0.33890007395545013,0.2562981806057563,0.2162899236206918,0.35751434438961305,0.37539149125327465,0.325195118300006,0.343778487396072,0.31846101154648665,0.3182252749125794,0.32604605956924654
ACTGAACGTGACCAAG-1-MM-1.138P,0.332685973557915,0.29205021986783136,0.17417196710781413,0.37842423143979526,0.39381134834828013,0.3468059532964253,0.32005694232001386,0.34927692167575924,0.29928728087563916,0.32068736938035874
CGGACTGGTAGCGTCC-1-MM-3.138P,0.33796560451092417,0.25677968890680003,0.22832115583881282,0.3583450454824341,0.37734581750460905,0.3259859405844044,0.34695408923799986,0.3183812708944912,0.316698653762918,0.3230959798120396
GTCAAGTTCTGGTGTA-1-MM-5.138P,0.3359120704306626,0.28690297225746064,0.22344558439676915,0.3479307447666043,0.37306436222078626,0.32689545601672054,0.277086587322244,0.34703105338812196,0.3132936504487921,0.3250120252338707
CACAAACTCTAACTGG-1-MM-8.138P,0.4128532429346254,0.30189989192528266,0.2902571813377752,0.3789635135303448,0.40914795239830815,0.36071045672738095,0.3820589432034512,0.39914070034770466,0.4018952343788349,0.3835255329692373
AGTTGGTTCACCCTCA-1-MM-2.138P,0.33038762481281403,0.2855502627306965,0.2118906783483934,0.4003719847923826,0.3620731427651413,0.3776525913168528,0.29952093808709623,0.3386673333962681,0.3343427199647433,0.3287647953340124
ACGCAGCCATTGGGCC-1-MM-8.138P,0.4285190835511014,0.319765675917933,0.310703621405403,0.3818272552726747,0.4181627274925946,0.361313045008113,0.39550546946681603,0.4083934760827648,0.4118319525769057,0.39958730726306024
GTGGGTCAGCTAGCCC-1-MM-2.138P,0.3321326714299205,0.2862200051609212,0.20567353333088484,0.39987026594983444,0.36216259265264344,0.37562369360608966,0.2989630410077159,0.33819049737356144,0.3320212149049273,0.32442008128980593
CATATGGTCTCTGCTG-1-MM-2.138P,0.3290956410853501,0.29143941737618917,0.21186331222290078,0.3995895269431609,0.3628617780157015,0.3799206577511482,0.2996695451852535,0.3358334578433358,0.3305286506971088,0.3282848085429994
CCTCTGACAATTCCTT-1-MM-5.138P,0.3453150295962646,0.27582558876075525,0.16372077372770005,0.35701957026894104,0.3685592730612025,0.31339312642450096,0.291530061112143,0.36476782701125254,0.3286022214061434,0.3318279425706518
ACTTTCAGTTGATTCG-1-MM-8.138P,0.40503429167257454,0.3075319895441601,0.30567842120962496,0.3869837786416388,0.41395032625065575,0.3621381082590087,0.3911347304943047,0.39687318132229626,0.4011061517893734,0.3852804658964712
CTGGTCTGTGCCTTGG-1-MM-2.138P,0.3325744714735794,0.29285204850130353,0.2064184792403899,0.3980728457952538,0.36180382864824784,0.370468718542877,0.29653988188835007,0.33940264232266826,0.32772224222243684,0.3265426920096518
TCATTACTCTCCCTGA-1-MM-5.138P,0.3391990515399564,0.27302413871349124,0.18018047270838128,0.3586106479589868,0.3725443227034228,0.31583677047990333,0.2960251075858487,0.3542705653594576,0.32172878007753775,0.3304966918165696
ACGTCAAGTAAGTGTA-1-MM-7.138P,0.349632553781351,0.28855932382085775,0.2235122236881165,0.3645813851965851,0.39046039238461566,0.34054183383344144,0.34807598287953256,0.32793838843532286,0.3051541860087755,0.31116673562886915
GGTGAAGGTGTGACCC-1-MM-1.138P,0.32281680247708894,0.2833548113164719,0.14897338919819378,0.36911880681817877,0.38421156368386805,0.3356803777063409,0.3015233511658748,0.33472633162338733,0.3039455936164646,0.3072559275288933
CACCTTGAGACTTGAA-1-MM-2.138P,0.33061599171740347,0.28620969187370726,0.20826027173457745,0.39882486503015574,0.3626948136223627,0.37671665606322696,0.29741464605826734,0.33814147350716367,0.32993699519563796,0.33125433934005877
CTAATGGAGCCACGTC-1-MM-2.138P,0.32993600718667054,0.2905563186130251,0.20805415694667648,0.3996663679371237,0.3608411473797535,0.3810484995466886,0.30069517592017475,0.33344651169712564,0.33430991443693925,0.33010171010787964
ATCATCTGTCCTAGCG-1-MM-5.138P,0.3391221127732353,0.2907076625344442,0.21841032997644327,0.3507239913224061,0.37016650611552543,0.3232494010234645,0.2761835203082795,0.3569467549111479,0.3209731365353178,0.3336854379760699
TCTGAGATCATGTCCC-1-MM-8.138P,0.39807223357515903,0.30152684528346435,0.3012030532117573,0.38635302459793364,0.40445470591432126,0.36348253738434316,0.38160918433688923,0.38559348473404675,0.39250911430279767,0.36987503879596084
TGCACCTAGGTCGGAT-1-MM-2.138P,0.325652726427342,0.29257567384324445,0.22592930021485733,0.400087660299976,0.3627562137038336,0.3760698336235336,0.298155525567821,0.33714859786483653,0.32791150941762875,0.329637542057736
TAGTTGGAGGCATGGT-1-MM-2.138P,0.32914460862559447,0.2915076881314603,0.20515198983854957,0.40002577843556786,0.36271187111526354,0.3804635052238229,0.2983521404125814,0.33901450023461593,0.33052107762158967,0.32632201197292204
AGAATAGTCACTTCAT-1-MM-2.138P,0.32679864251029656,0.2888464256672442,0.21551712923255206,0.4022149019991035,0.36310995978058547,0.3798227615426572,0.3013582507230769,0.33760909441523546,0.32896165022968654,0.32740827901702657
TCGTACCTCCGTCATC-1-MM-3.138P,0.3386503690601876,0.2540736391226482,0.2113626467612406,0.35971535278425887,0.3769899773642916,0.3256070273248008,0.3523343327259751,0.3276585693751837,0.3215536928069056,0.33136853299096697
TGCGCAGTCTGCTTGC-1-MM-1.138P,0.327519030255034,0.2821593734305392,0.12343772075574203,0.36463391137978696,0.3806640048338651,0.3319450245479937,0.2956024451462943,0.3449988883899223,0.30356908817272266,0.31984182629075003
TGCCAAACACCTATCC-1-MM-3.138P,0.33971945248801355,0.25791616760126396,0.24406851529902238,0.3590939284306627,0.375428387224283,0.32606032513187705,0.3396619104466659,0.32296152395887345,0.31702004832455655,0.33222786355564643
CTAATGGGTAACGCGA-1-MM-2.138P,0.3260014929838494,0.29132003855274274,0.2286978419252965,0.4005162667454425,0.36230950164779324,0.37835675910117805,0.29850380728155546,0.33602950209811216,0.32840358724408575,0.3255407568414056
TCGCGAGTCGCGTAGC-1-MM-3.138P,0.3343911538930975,0.2526165162774636,0.22192838920736188,0.35620089002905264,0.3803294606888345,0.32455573875320437,0.3485272812448224,0.3143648425061165,0.3131124901748611,0.3235679696725628
GAGTCCGCAAGAGGCT-1-MM-1.138P,0.32889034352061114,0.29385676006954176,0.14049241133469084,0.3771708450099858,0.3835855894374005,0.3413870513590923,0.30476525828075857,0.3451409134465165,0.3056651212289547,0.31645388569255856
GGATTACCAGACACTT-1-MM-1.138P,0.3413554786182604,0.2933317591897059,0.1248016633056847,0.3677737278454621,0.3823411018920323,0.3359830716039947,0.30532441090124346,0.3494801933931979,0.3000966707237563,0.33179503929694426
CTCCTAGTCGTTACAG-1-MM-2.138P,0.3315718315585454,0.28982707088745385,0.20740971456397964,0.4012090822251704,0.36179611857681065,0.3794242310866531,0.2996619303239326,0.33510374452102715,0.332255163922055,0.3311346166277549
AGTTGGTCATACAGCT-1-MM-8.138P,0.37071552745534647,0.2757708051769939,0.26508138284316507,0.374119553051822,0.38428575468383724,0.35314064478441765,0.33100453216187314,0.3642023416705088,0.3713898889956113,0.3394543502937403
GGCAATTAGAACTGTA-1-MM-1.138P,0.33592999984662963,0.2857978899747998,0.166522862683045,0.37674070128463527,0.3923848325187527,0.3453665452442103,0.32096301113606795,0.3540928105658708,0.30519894554964866,0.3332438013208467
TAAGAGAAGACTGTAA-1-MM-5.138P,0.33789128103722665,0.2896446387763782,0.23772922724655512,0.35016009268048426,0.3711618790392386,0.32791236377630206,0.2753134173362026,0.35124965939908626,0.3159227297159257,0.3305382762375476
CGGCTAGCATTGGCGC-1-MM-6.138P,0.3532962340571127,0.2739692191874799,0.17320943135315592,0.3469320606219848,0.374133497820355,0.33452829398430783,0.29327039137677735,0.3295082309406356,0.3007415182046692,0.3002823527732934
GCGAGAAGTCTTCTCG-1-MM-2.138P,0.3283518488364947,0.29304349628648085,0.21186723900663013,0.39986091277955826,0.3623090509975607,0.3773989779473532,0.2978863952242237,0.33713852448339615,0.32842818622535447,0.32890358140461196
TTGAACGCACTAGTAC-1-MM-2.138P,0.3300669236016591,0.2907647305178331,0.2230678957451854,0.4023382207691085,0.3621750551614873,0.3817911091660489,0.30132654709513096,0.3380270583036345,0.3309401555895107,0.32927230846023825
CAGCAGCTCTAACGGT-1-MM-1.138P,0.32923569598186814,0.2874492304359569,0.14066928622490726,0.37552790251291984,0.3842704482711221,0.34061679463764033,0.3081862454051708,0.3433177748167652,0.3066392040095578,0.31739807714896834
TCTCTAATCAGCTCTC-1-MM-8.138P,0.3675228621288885,0.27104236485021166,0.23333195411837923,0.3706202209474488,0.38299802603010397,0.3495565664115165,0.3293646368736313,0.35559271409238685,0.3634875540059865,0.3281574693612075
CTAAGACCAACTGCGC-1-MM-1.138P,0.32998830070034074,0.2913463148225923,0.1860963085887192,0.3780332894302291,0.39480030211282924,0.3511096709865156,0.3228603960655831,0.3439308569468436,0.2992472815845467,0.31696217914683433
CATCCACAGAGTACAT-1-MM-1.138P,0.33601003202438684,0.2951522679062663,0.1622800580675429,0.3746256545352335,0.3920792311043497,0.3448066224533486,0.32206990902581295,0.3518741423088544,0.29791070271685494,0.32380474284106975
GATCGCGAGCCATCGC-1-MM-1.138P,0.33072446753091267,0.2939547311136231,0.14960659625522785,0.3752228602968019,0.3869930180417125,0.344034040244349,0.3136323049885668,0.3392017547303882,0.2989478177678162,0.3133855675073639
TGACAACTCCAATGGT-1-MM-2.138P,0.33116522203704707,0.28709541430970037,0.2176126315020709,0.3984978364371942,0.3622890060997,0.37922278489890293,0.2980949665962186,0.3341754323621101,0.33107841468918636,0.3288340562320453
CCTAGCTTCAACGGGA-1-MM-1.138P,0.3381174586038866,0.31525685985789004,0.22451103354442997,0.3682475244399448,0.3922029859425152,0.34641510044238144,0.3094301370058013,0.35458269576514645,0.30804559231880535,0.3288208581286159
CTCACACTCTACCTGC-1-MM-1.138P,0.33149827653804514,0.2924659702761356,0.1723113543607813,0.38090064753887215,0.39172884949109343,0.3492183112468362,0.32351933038787806,0.3467348878581531,0.3030374760736356,0.32137591115469716
CAGAATCGTAAGTAGT-1-MM-2.138P,0.3291124783474494,0.29046133341957286,0.21412505369923093,0.4007308276526731,0.3631898937134278,0.3812546477118435,0.2974165985324879,0.3340964106876607,0.32914616685926334,0.3272578417249978
GTAGGCCCATGCCACG-1-MM-1.138P,0.33730698223955996,0.2895945434730034,0.18515589417904554,0.37854601747355765,0.39587040134708623,0.348775472737809,0.3260033025275332,0.3539079331043621,0.30144450817013824,0.32861462771364675
GGAGCAACATTGAGCT-1-MM-3.138P,0.34337842020201204,0.259888285070222,0.25305743631326316,0.3591339288141376,0.37701464420408115,0.326599894336031,0.34771451366604095,0.3294330707766226,0.3188809603494146,0.33652478552460036
CAGCTAAGTTCAGCGC-1-MM-3.138P,0.3369365482129181,0.25623643585141026,0.23019791408805937,0.35939052133996,0.3754561766074894,0.3285487330215027,0.34263077262774844,0.31852625543914,0.31764253991640645,0.3265706352053506
TGCCAAATCAGCTTAG-1-MM-2.138P,0.33232968310650324,0.28741931467386794,0.2222515301363921,0.39853432351758383,0.3619414994471258,0.3771940707855071,0.3009434319944636,0.33523449613592116,0.330449460080714,0.3310293559079643
AGATTGCGTAGAAAGG-1-MM-2.138P,0.32586405718381667,0.29203671027108313,0.23441361235014016,0.4012971312050375,0.3621653142047357,0.37771602018203937,0.2988583348829703,0.33732254234139963,0.3290889872937174,0.32626947850529564
GGCGACTAGAGCTTCT-1-MM-8.138P,0.3349913484817748,0.26346880523103733,0.20091679136654905,0.36651899428845375,0.379624102145106,0.3370826079857995,0.31380949138085834,0.3296559947432228,0.32810530482247896,0.30186635204898
TACGGGCGTCTCATCC-1-MM-1.138P,0.3269322153209118,0.2911863812406441,0.15764951156033516,0.3767509036737755,0.3873300976638188,0.3452039862310464,0.317245629986838,0.33953539624346224,0.29798118967054804,0.31104107785830276
TGCTACCGTTAGTGGG-1-MM-1.138P,0.32746524984018244,0.28821522935127736,0.15334418268975397,0.3674190166895538,0.3822440428971201,0.33428310384033316,0.29814548783201933,0.3452183712122745,0.3034443013744752,0.3225464680732428
TTAGGCAGTCATACTG-1-MM-3.138P,0.3317071164988193,0.2502071107478839,0.21457864505773394,0.35801530950809185,0.3816588807016697,0.3299820004717933,0.3502853449019115,0.3143898572468257,0.3142064873041929,0.3271541590944651
ACACCCTAGCAATCTC-1-MM-2.138P,0.3316527298246118,0.28965050233972744,0.21587191973398265,0.39881284648968734,0.3613508045303169,0.37123273496297426,0.29792653368106553,0.33956828316919463,0.3291887634073362,0.3290972153612814
ATCATCTGTTGTGGCC-1-MM-2.138P,0.3369396522590234,0.29281734016250055,0.20004855482323342,0.4000489668761068,0.3618899095856975,0.3719173259270827,0.2986106374876886,0.3426544341971413,0.32699698765947316,0.3288706609419291
GTCATTTTCTCCGGTT-1-MM-5.138P,0.3541694385067829,0.29259751656403815,0.17399731220310352,0.35465247403908007,0.3677596085474716,0.31299676881746125,0.29541468787501574,0.37076609167357283,0.32489422746285196,0.33737248691480287
CTAAGACTCATCTGTT-1-MM-2.138P,0.3430898116010865,0.2829257284755862,0.2115334957831121,0.3927139699569755,0.36462169689060087,0.3641422555828154,0.3044256704402726,0.3550008908614407,0.33543603554123874,0.34883707227391286
GTTAAGCAGTTGCAGG-1-MM-1.138P,0.33517088118645005,0.28693462066009023,0.14407008841943394,0.3722755926082318,0.38274054392253587,0.33974114133815486,0.3114566169608947,0.3501965648139469,0.30952930113013266,0.3258863313623069
GGCTGGTCATATGCTG-1-MM-1.138P,0.3299877440777234,0.29070468511714387,0.18981014630988866,0.37890391104924165,0.3937788364283753,0.35029668388465074,0.324699111450201,0.34773496965717166,0.30447852695145416,0.3204566265846549
AGTTGGTGTCATCCCT-1-MM-4.138P,0.3300942095273813,0.26344266364762636,0.14061536714546996,0.3791746298889386,0.38596234032286236,0.34515666212621565,0.3473701912469537,0.33946589188441606,0.32511392650545423,0.30906136386028854
GGTGTTATCGAGCCCA-1-MM-6.138P,0.35419847406614163,0.27509207473951997,0.18900597669441582,0.3466069957407752,0.3739492245415716,0.3365763170149458,0.2945193391849496,0.32983740516968985,0.30298666731877566,0.3045507285398537
CTACACCGTGGCTCCA-1-MM-2.138P,0.327982873974352,0.2927934809639909,0.2365152696832362,0.39950943895998914,0.3637999343303118,0.37708274788656265,0.29609114915901713,0.3390770955385561,0.3291249464124228,0.3253634551850888
GTGCGGTGTTCGAATC-1-MM-2.138P,0.3291911196462801,0.2875855518436088,0.21351260374035996,0.4004628014556383,0.36116249891680585,0.37894638537094416,0.30031722598725324,0.33624051957428075,0.327024870965691,0.3280717294306865
GATCGCGGTCACCTAA-1-MM-3.138P,0.3410392998426175,0.2584139750785042,0.24748944553627297,0.3566816813302432,0.37604691985123945,0.32524472683271566,0.3396203711443329,0.32176579969634855,0.31916813285198964,0.33364057193184193
AGCGGTCTCCCAAGTA-1-MM-1.138P,0.3264438610090174,0.29509215955970186,0.14888059725934644,0.37951358706290983,0.3855473012816995,0.34431006970727934,0.3126544249885353,0.3428871796989841,0.30398254505501987,0.3130788910407545
GCGACCAAGTTACGGG-1-MM-2.138P,0.3301342201412471,0.2878360265330729,0.21143248847135535,0.4013259445430124,0.36200339332179376,0.38051227937504173,0.3002021465874532,0.33331029667462875,0.33145328190338,0.3292301552812868
TGGCTGGCAATCGGTT-1-MM-3.138P,0.34120898029145985,0.2581111632336776,0.22375485586360733,0.3582076227210673,0.3781519319956903,0.32703037828694953,0.34673974013454884,0.3253142704397747,0.3185050050936497,0.3312684727321106
CCGTTCACAAAGCAAT-1-MM-2.138P,0.3289404321487817,0.29090366358545233,0.21538163357138632,0.40011649109956304,0.36418022133649475,0.37914255039195566,0.2984697941941377,0.3362318778155394,0.3290978459348049,0.3263210207374805
TACTCGCAGAAACGAG-1-MM-3.138P,0.33694324721813546,0.2573594454659062,0.22698014507189876,0.36075575565486095,0.37776942511672096,0.326062000226833,0.3502707638195978,0.32457575166390806,0.3178579494542704,0.33095074088538146
ATGGGAGAGTACGCCC-1-MM-2.138P,0.33031323276776103,0.28953060867988684,0.21841228019519723,0.4036990365262175,0.36140031651823507,0.38109691003240453,0.30057728600111616,0.33571058786344904,0.33040785643433923,0.33033906345261616
GCTGGGTCAGGGTATG-1-MM-1.138P,0.33109403810123866,0.29117706759004464,0.19765147122219962,0.3781076233166491,0.39716216823253325,0.3499575862433982,0.3216694312981601,0.34665375010465643,0.30218353866311926,0.3174515456231492
CTCGAAAAGTCTCAAC-1-MM-1.138P,0.324929609343402,0.2854131055138171,0.1403188511347799,0.3724412203090541,0.3832574088091143,0.33406250712568886,0.3031325214338611,0.34031200366272873,0.29998229033131835,0.3146266876367616
CGGACACTCAGTGTTG-1-MM-5.138P,0.33325264982676145,0.27709594870851073,0.18984619642132697,0.3506036316903084,0.3709363846183009,0.3181790969059151,0.2822053698409515,0.3328899707592323,0.30042093971532713,0.31465716324020837
GTAGGCCGTTCAGACT-1-MM-2.138P,0.329696474616585,0.29109262568089367,0.21305960460233664,0.40051398810699457,0.3631449663336913,0.38026794070922826,0.30097267765457,0.33520035173653684,0.33085120798902296,0.32948937809046625
ACAGCTAAGCGTGAGT-1-MM-6.138P,0.3503066798831334,0.2675639495631164,0.1814401555346264,0.3478689555602387,0.3761732769586392,0.33786650302176746,0.2951582925811715,0.32622822927284506,0.29460332938394623,0.2909238042362172
CCGGTAGAGTGAAGTT-1-MM-2.138P,0.3290739329456928,0.2889375383644179,0.20318951509937094,0.40049748857078127,0.3640456026163398,0.37921249980008326,0.2996731026988749,0.3383056117008449,0.33082313347245157,0.3315423132151868
TTGGAACGTCTAACGT-1-MM-8.138P,0.37028399234177417,0.28304712132228305,0.28378467997072226,0.3750387100229308,0.3891353646421094,0.35790477255382586,0.3397638758273155,0.36311728541441474,0.3758007984993548,0.3458938213256968
CGTTAGACACTCAGGC-1-MM-4.138P,0.3238057868929012,0.25630003803760554,0.15432312992684594,0.37316065450562735,0.3879959723138878,0.33628584828168984,0.3449017591063083,0.3304663447646329,0.3173520787992869,0.3013903327795695
GCAGCCAAGCGATGAC-1-MM-2.138P,0.33049287233825153,0.29080672658510975,0.21499366911011378,0.39889830542082666,0.3629891977538446,0.37923699277876,0.2973280616871372,0.3340916989108275,0.3348347266997454,0.3281881295161116
GCTCCTAGTCTCTTAT-1-MM-8.138P,0.3832441063756028,0.27963877395230147,0.25981730179994583,0.3740090693339865,0.39125399452681575,0.3510652901612258,0.35401753806244884,0.36931320318266203,0.3799987704842735,0.34883816806514567
CCACTACCAGGCTGAA-1-MM-6.138P,0.3651856685286274,0.2806282734420397,0.1805518507093778,0.35429708667417226,0.37530553757464763,0.3455293019512642,0.3014447706460607,0.33433106926720124,0.3147127427685957,0.3095445497704476
ATTACTCGTACAGTTC-1-MM-1.138P,0.33185639545820217,0.2934574891237046,0.1769282022452951,0.3767163382068367,0.3914920170659982,0.3461581273881188,0.31909537176084823,0.34719919251394177,0.29919291420982974,0.32518745451138725
TGGCGCATCACATAGC-1-MM-2.138P,0.32692899917794466,0.2909254406941652,0.22139455251786477,0.4004181320006691,0.36146769199559714,0.3767142754419183,0.2986667795592456,0.3374307839065516,0.3279520310847342,0.325744048826335
GAAACTCGTAAGAGAG-1-MM-5.138P,0.33691063870559795,0.2825373804563806,0.18586015915681037,0.34388202135447177,0.3766168841449939,0.3188764037542706,0.2852253644185827,0.3511255823947964,0.3173155068853204,0.31958082507351676
